#Scan#	SpectrumFile	Annotation	OrigAnnotation	Protein	dbIndex	numMods	matchOrientation	startMass	Charge	MQScore	p-value	isDecoy	StrictEnvelopeScore	UnstrictEvelopeScore	CompoundName	Organism	FileScanUniqueID	FDR	LibraryName	mzErrorPPM	LibMetaData	Smiles	Inchi	LibSearchSharedPeaks	Abundance	ParentMassDiff	SpecMZ	ExactMass	LibrarySpectrumID
148	specs_ms.mgf	*..*		:1	585	-1	0	166.086	1	0.991867	289.851	0	245295.0	194846.0	Phenylalanine_(L-)_30EV M+H	WINE-DB-QTOF	temp/specs_ms.mgf148	-1	WINE-DB-QTOF.mgf	4.59364				6	0	0.000762939	166.087	0	CCMSLIB00013639998
91	specs_ms.mgf	*..*		:2694	2694	-1	0	136.062	1	0.987902	196.719	0	5043220.0	17266.4	Adenine - 40.0 eV M+H	BIRMINGHAM-UHPLC-MS-POS	temp/specs_ms.mgf91	-1	BIRMINGHAM-UHPLC-MS-POS.mgf	4.1494				7	0	0.000564575	136.061	0	CCMSLIB00006117187
181	specs_ms.mgf	*..*		:69	3551	-1	0	188.073	1	0.981872	435.003	0	7572.0	48819.7	Spectral Match to L-Tryptophan from NIST14 M+H-NH3	GNPS-NIST14-MATCHES	temp/specs_ms.mgf181	-1	GNPS-NIST14-MATCHES.mgf	15.0095				7	0	0.00282288	188.07	0	CCMSLIB00003138038
38	specs_ms.mgf	*..*		:976	118	-1	0	123.045	1	0.967046	201.816	0	468.0	58932.6	Spectral Match to Benzoic acid from NIST14 M+H	GNPS-NIST14-MATCHES	temp/specs_ms.mgf38	-1	GNPS-NIST14-MATCHES.mgf	16095.4				6	0	1.98045	121.065	0	CCMSLIB00003134604
164	specs_ms.mgf	*..*		:2068	2068	-1	0	182.082	1	0.964854	202.964	0	213.075	24494.9	HMDB:HMDB00158-246 L-Tyrosine M+H	HMDB	temp/specs_ms.mgf164	-1	HMDB.mgf	6.36893				6	0	0.00115967	182.081	0	CCMSLIB00000427096
111	specs_ms.mgf	*..*		:8972	8972	-1	0	146.0	1	0.947767	446.504	0	13698000.0	20686.7	Massbank:KO003170 4-Hydroxyquinoline|Quinolin-4-ol [M+H]+	MASSBANK	temp/specs_ms.mgf111	-1	MASSBANK.mgf	408.016				7	0	0.0595703	146.06	0	CCMSLIB00000218857
94	specs_ms.mgf	*..*		:94	94	-1	0	137.046	1	0.945189	196.24	0	457.408	23886.5	HMDB:HMDB00157-243 Hypoxanthine M+H	HMDB	temp/specs_ms.mgf94	-1	HMDB.mgf	5.12167				7	0	0.000701904	137.045	0	CCMSLIB00000425122
145	specs_ms.mgf	*..*		:354	98	-1	0	166.086	1	0.944979	270.616	0	7781.0	122198.0	Spectral Match to DL-Phenylalanine from NIST14 M+H	GNPS-NIST14-MATCHES	temp/specs_ms.mgf145	-1	GNPS-NIST14-MATCHES.mgf	0.459364				6	0	7.62939e-05	166.086	0	CCMSLIB00003134584
408	specs_ms.mgf	*..*		:25253	43716	-1	0	466.316	1	0.937409	550.831	0	717.105	86780.3	Glycocholic Acid [M+H]+	MONA	temp/specs_ms.mgf408	-1	MONA.mgf	0.850772				22	0	0.000396729	466.316	0	CCMSLIB00004716316
459	specs_ms.mgf	*..*		:2549	2453	-1	0	522.355	1	0.937317	798.376	0	1976950.0	42229.9	Spectral Match to 1-(9Z-Octadecenoyl)-sn-glycero-3-phosphocholine from NIST14 M+H	GNPS-NIST14-MATCHES	temp/specs_ms.mgf459	-1	GNPS-NIST14-MATCHES.mgf	0.116846				12	0	6.10352e-05	522.355	0	CCMSLIB00003136940
242	specs_ms.mgf	*..*		:7180	19179	-1	0	268.104	1	0.936481	214.599	0	142065000.0	10551.5	Massbank:EQ330406 Adenosine|(2R,3R,4S,5R)-2-(6-aminopurin-9-yl)-5-(hydroxymethyl)oxolane-3,4-diol M+H	MASSBANK	temp/specs_ms.mgf242	-1	MASSBANK.mgf	3667.06				7	0	0.983154	269.087	0	CCMSLIB00005732731
154	specs_ms.mgf	*..*		:32	32	-1	0	175.058	1	0.932669	151.97	0	7742920.0	13102.0	Xylitol - 40.0 eV M+Na	BIRMINGHAM-UHPLC-MS-POS	temp/specs_ms.mgf154	-1	BIRMINGHAM-UHPLC-MS-POS.mgf	11233.1				6	0	1.96645	173.092	0	CCMSLIB00006112725
320	specs_ms.mgf	*..*		:35213	35213	-1	0	360.362	1	0.930141	783.423	0	169.315	74857.3	Cetalkonium [M]+	MSNLIB-POSITIVE	temp/specs_ms.mgf320	-1	MSNLIB-POSITIVE.mgf	2.20183				6	0	0.000793457	360.363	0	CCMSLIB00012338206
282	specs_ms.mgf	*..*		:41470	41470	-1	0	304.3	1	0.929151	643.271	0	156.582	39139.9	Benzododecinium [M]+	MSNLIB-POSITIVE	temp/specs_ms.mgf282	-1	MSNLIB-POSITIVE.mgf	0.802302				6	0	0.000244141	304.3	0	CCMSLIB00012350786
407	specs_ms.mgf	*..*		:3982	3982	-1	0	466.316	1	0.927966	552.437	0	748.971	88541.7	Glycocholic acid M+H	MCE-DRUG	temp/specs_ms.mgf407	-1	MCE-DRUG.mgf	2.61776				16	0	0.0012207	466.317	0	CCMSLIB00010133706
278	specs_ms.mgf	*..*		:79876	79876	-1	0	303.137	1	0.927227	206.841	0	139.074	7162.1	401564-30-5 [M+H]+	MSNLIB-POSITIVE	temp/specs_ms.mgf278	-1	MSNLIB-POSITIVE.mgf	3189.91				6	0	0.96698	302.17	0	CCMSLIB00012427940
160	specs_ms.mgf	*..*		:32	32	-1	0	175.058	1	0.926564	143.494	0	7742920.0	7678.8	Xylitol - 40.0 eV M+Na	BIRMINGHAM-UHPLC-MS-POS	temp/specs_ms.mgf160	-1	BIRMINGHAM-UHPLC-MS-POS.mgf	345.083				6	0	0.0604095	175.118	0	CCMSLIB00006112725
283	specs_ms.mgf	*..*		:13127	13573	-1	0	305.078	1	0.926272	646.589	0	253444.0	75041.2	3,3'-Dimethoxyflavone CollisionEnergy:205060 M+Na	BERKELEY-LAB	temp/specs_ms.mgf283	-1	BERKELEY-LAB.mgf	741.338				7	0	0.226166	305.304	0	CCMSLIB00010115561
301	specs_ms.mgf	*..*		:3137	5378	-1	0	332.331	1	0.926093	713.094	0	142136.0	51058.8	Spectral Match to Benzyltetradecyldimethylammonium from NIST14 Cat	GNPS-NIST14-MATCHES	temp/specs_ms.mgf301	-1	GNPS-NIST14-MATCHES.mgf	1.65292				6	0	0.000549316	332.332	0	CCMSLIB00003139865
284	specs_ms.mgf	*..*		:48179	148618	-1	0	308.165	1	0.925509	364.649	0	115.249	9083.4	AKOS033333909 [M+H-H2O]+	MSNLIB-POSITIVE	temp/specs_ms.mgf284	-1	MSNLIB-POSITIVE.mgf	3179.66				6	0	0.979858	307.185	0	CCMSLIB00012825577
233	specs_ms.mgf	*..*		:1	433	-1	0	261.124	1	0.923645	457.844	0	939934.0	59034.9	cyclo(Phe-4-hydroxy-Pro) M+H	GNPS-LIBRARY	temp/specs_ms.mgf233	-1	GNPS-LIBRARY.mgf	5.14228				10	0	0.00134277	261.123	0	CCMSLIB00000007114
230	specs_ms.mgf	*..*		:2949	65	-1	0	258.279	1	0.921674	634.797	0	51963400.0	10223.7	Myristamine oxide M+H	ECRFS_DB	temp/specs_ms.mgf230	-1	ECRFS_DB.mgf	0.354472				8	0	9.15527e-05	258.279	0	CCMSLIB00012728820
256	specs_ms.mgf	*..*		:713	12289	-1	0	284.099	1	0.920414	222.459	0	215978.0	23552.7	Guanosine M+H	GNPS-LIBRARY	temp/specs_ms.mgf256	-1	GNPS-LIBRARY.mgf	3.75966				6	0	0.00106812	284.098	0	CCMSLIB00010128631
239	specs_ms.mgf	*..*		:96842	197281	-1	0	268.104	1	0.916363	193.952	0	124.068	47835.2	adenosine [M+H]+	MSNLIB-POSITIVE	temp/specs_ms.mgf239	-1	MSNLIB-POSITIVE.mgf	1.02445				7	0	0.000274658	268.104	0	CCMSLIB00013024577
140	specs_ms.mgf	*..*		:128	2694	-1	0	165.055	1	0.906151	207.554	0	19108.0	40118.9	Spectral Match to L-Tyrosine from NIST14 M+H-NH3	GNPS-NIST14-MATCHES	temp/specs_ms.mgf140	-1	GNPS-NIST14-MATCHES.mgf	4.99212				6	0	0.000823975	165.054	0	CCMSLIB00003137181
302	specs_ms.mgf	*..*		:3106	3316	-1	0	332.331	1	0.904505	717.616	0	164692.0	43011.4	Spectral Match to Benzyltetradecyldimethylammonium from NIST14 Cat	GNPS-NIST14-MATCHES	temp/specs_ms.mgf302	-1	GNPS-NIST14-MATCHES.mgf	18.2739				6	0	0.006073	332.337	0	CCMSLIB00003137803
144	specs_ms.mgf	*..*		:116	116	-1	0	166.0	1	0.90271	284.149	0	189.0	433335.0	ReSpect:PM000939 L-Phenylalanine M+H	RESPECT	temp/specs_ms.mgf144	-1	RESPECT.mgf	547.846				6	0	0.0909424	166.091	0	CCMSLIB00000208978
147	specs_ms.mgf	*..*		:1102	1102	-1	0	166.087	1	0.902484	276.385	0	193.749	575860.0	HMDB:HMDB00159-250 L-Phenylalanine M+H	HMDB	temp/specs_ms.mgf147	-1	HMDB.mgf	26.3673				6	0	0.00437927	166.091	0	CCMSLIB00000426130
19	specs_ms.mgf	*..*		:4950	4950	-1	0	118.086	1	0.900989	182.872	0	330320000.0	30090.3	Carboxy-N,N,N-trimethylmethanaminium - 40.0 eV M	BIRMINGHAM-UHPLC-MS-POS	temp/specs_ms.mgf19	-1	BIRMINGHAM-UHPLC-MS-POS.mgf	1.29218				7	0	0.000152588	118.086	0	CCMSLIB00006121006
202	specs_ms.mgf	*..*		:9495	9495	-1	0	220.0	1	0.897548	337.542	0	15267300.0	4370.3	Massbank:KO003698 Pantothenate|(R)-Pantothenate|Pantothenic acid|D-(+)-Pantothenic acid [M+H]+	MASSBANK	temp/specs_ms.mgf202	-1	MASSBANK.mgf	533.017				7	0	0.117264	220.117	0	CCMSLIB00000219919
219	specs_ms.mgf	*..*		:3519	3519	-1	0	235.119	1	0.897255	156.854	0	233.081	9293.2	Cyclo(-His-Pro) M+H	MCE-DRUG	temp/specs_ms.mgf219	-1	MCE-DRUG.mgf	4.15348				6	0	0.000976562	235.118	0	CCMSLIB00010133243
348	specs_ms.mgf	*..*		:9623	9623	-1	0	415.211	1	0.890981	731.173	0	131.461	7038.5	Trospium M+H	MCE-DRUG	temp/specs_ms.mgf348	-1	MCE-DRUG.mgf	0.367495				6	0	0.000152588	415.211	0	CCMSLIB00010139347
156	specs_ms.mgf	*..*		:45954	45954	-1	0	174.055	1	0.88768	210.607	0	304.666	11915.8	Quinoline-4-carboxylic acid [M+H]+	MSNLIB-POSITIVE	temp/specs_ms.mgf156	-1	MSNLIB-POSITIVE.mgf	4.12032				6	0	0.000717163	174.054	0	CCMSLIB00012359812
629	specs_ms.mgf	*..*		:944	883	-1	0	817.582	1	0.886101	618.32	0	3453660.0	31398.0	(4R)-4-((3R,5S,7S,9S,10S,12S,13R,17R)-3,7,12-trihydroxy-10,13-dimethylhexadecahydro-1H-cyclopenta[a]phenanthren-17-yl)pentanoic acid 2M+H	BILELIB19	temp/specs_ms.mgf629	-1	BILELIB19.mgf	0.970492				11	0	0.000793457	817.581	0	CCMSLIB00005465349
634	specs_ms.mgf	*..*		:882	664	-1	0	839.564	1	0.88606	620.489	0	625563.0	42075.1	(4R)-4-((3R,5R,6R,9S,10R,12S,13R,14S,17R)-3,6,12-trihydroxy-10,13-dimethylhexadecahydro-1H-cyclopenta[a]phenanthren-17-yl)pentanoic acid 2M+Na	BILELIB19	temp/specs_ms.mgf634	-1	BILELIB19.mgf	0.0				6	0	0.0	839.564	0	CCMSLIB00005465130
194	specs_ms.mgf	*..*		:797	9092	-1	0	205.097	1	0.885394	435.814	0	1945680.0	8406.8	D-TRYPTOPHAN - 70.0 eV M+H	GNPS-LIBRARY	temp/specs_ms.mgf194	-1	GNPS-LIBRARY.mgf	1.26476				7	0	0.000259399	205.097	0	CCMSLIB00005883950
436	specs_ms.mgf	*..*		:797	1306	-1	0	498.288	1	0.877845	608.478	0	86460.0	24827.7	2-((R)-4-((3R,5S,7S,8R,9S,10S,12S,13R,14S,17R)-3,7,12-trihydroxy-10,13-dimethylhexadecahydro-1H-cyclopenta[a]phenanthren-17-yl)pentanamido)ethane-1-sulfonic acid M-H2O+H	BILELIB19	temp/specs_ms.mgf436	-1	BILELIB19.mgf	0.306224				18	0	0.000152588	498.288	0	CCMSLIB00005465772
356	specs_ms.mgf	*..*		:525	18988	-1	0	426.321	1	0.874554	617.338	0	419.47	43229.3	Cholic Acid [M+NH4]+	MONA	temp/specs_ms.mgf356	-1	MONA.mgf	1.36009				17	0	0.000579834	426.322	0	CCMSLIB00004691588
311	specs_ms.mgf	*..*		:11985	112424	-1	0	352.213	1	0.874546	421.312	0	112.19	12470.4	Z1589946986 [M+H]+	MSNLIB-POSITIVE	temp/specs_ms.mgf311	-1	MSNLIB-POSITIVE.mgf	2843.87				6	0	1.00165	351.211	0	CCMSLIB00012757990
217	specs_ms.mgf	*..*		:26687	46979	-1	0	232.144	1	0.874362	573.341	0	147.221	17459.2	Harmaline [M+NH4]+	MONA	temp/specs_ms.mgf217	-1	MONA.mgf	8168.77				6	0	1.89633	230.248	0	CCMSLIB00004719579
115	specs_ms.mgf	*..*		:142	49383	-1	0	146.165	1	0.870951	115.195	0	156.5	37039.4	SPERMIDINE M+H	MONA	temp/specs_ms.mgf115	-1	MONA.mgf	1.35713				6	0	0.000198364	146.165	0	CCMSLIB00006678412
328	specs_ms.mgf	*..*		:46951	46951	-1	0	373.274	1	0.870919	616.955	0	937.478	49160.2	cholic acid [M+H-2H2O]+	MSNLIB-POSITIVE	temp/specs_ms.mgf328	-1	MSNLIB-POSITIVE.mgf	0.163513				13	0	6.10352e-05	373.274	0	CCMSLIB00012361803
666	specs_ms.mgf	*..*		:880	406	-1	0	953.607	1	0.86887	553.926	0	1060350.0	29031.5	((R)-4-((3R,5S,7S,8R,9S,10S,12S,13R,14S,17R)-3,7,12-trihydroxy-10,13-dimethylhexadecahydro-1H-cyclopenta[a]phenanthren-17-yl)pentanoyl)glycine 2M+Na	BILELIB19	temp/specs_ms.mgf666	-1	BILELIB19.mgf	0.960068				9	0	0.000915527	953.606	0	CCMSLIB00005464872
93	specs_ms.mgf	*..*		:863	1309	-1	0	137.046	1	0.866731	213.642	0	122227000.0	15371.7	hypoxanthine CollisionEnergy:102040 M+H	BERKELEY-LAB	temp/specs_ms.mgf93	-1	BERKELEY-LAB.mgf	5.34435				6	0	0.000732422	137.045	0	CCMSLIB00010103297
210	specs_ms.mgf	*..*		:156	1411	-1	0	227.103	1	0.866457	278.483	0	4851150.0	10958.1	Spectral Match to PyroGlu-Pro from NIST14 M+H	GNPS-NIST14-MATCHES	temp/specs_ms.mgf210	-1	GNPS-NIST14-MATCHES.mgf	4.90479				8	0	0.00111389	227.102	0	CCMSLIB00003135898
248	specs_ms.mgf	*..*		:35474	47473	-1	0	274.274	1	0.8653	540.527	0	15367300.0	6896.6	Massbank:LU030804 Lauryldiethanolamine|2-[dodecyl(2-hydroxyethyl)amino]ethanol M+H	MASSBANK	temp/specs_ms.mgf248	-1	MASSBANK.mgf	0.445067				7	0	0.00012207	274.274	0	CCMSLIB00005761025
49	specs_ms.mgf	*..*		:5859	5859	-1	0	126.066	1	0.8634	230.913	0	29766000.0	8708.0	5-Methylcytosine - 40.0 eV M+H	BIRMINGHAM-UHPLC-MS-POS	temp/specs_ms.mgf49	-1	BIRMINGHAM-UHPLC-MS-POS.mgf	7803.14				6	0	0.983711	127.05	0	CCMSLIB00006122548
460	specs_ms.mgf	*..*		:1281	5310	-1	0	522.356	1	0.86215	798.568	0	68129.0	41186.4	Spectral Match to 1-(9Z-Octadecenoyl)-sn-glycero-3-phosphocholine from NIST14 M+H	GNPS-NIST14-MATCHES	temp/specs_ms.mgf460	-1	GNPS-NIST14-MATCHES.mgf	2.10323				7	0	0.00109863	522.355	0	CCMSLIB00003139797
122	specs_ms.mgf	*..*		:842	842	-1	0	153.041	1	0.858039	155.128	0	261.376	5009.7	HMDB:HMDB00292-496 Xanthine M+H	HMDB	temp/specs_ms.mgf122	-1	HMDB.mgf	6436.19				6	0	0.985001	152.056	0	CCMSLIB00000425870
196	specs_ms.mgf	*..*		:89490	89490	-1	0	211.144	1	0.857408	472.833	0	147.307	19581.7	5654-86-4 [M+H]+	MSNLIB-POSITIVE	temp/specs_ms.mgf196	-1	MSNLIB-POSITIVE.mgf	2.45709				6	0	0.000518799	211.143	0	CCMSLIB00012440742
655	specs_ms.mgf	*..*		:868	409	-1	0	931.625	1	0.857336	553.483	0	4531540.0	33268.3	((R)-4-((3R,5S,7S,8R,9S,10S,12S,13R,14S,17R)-3,7,12-trihydroxy-10,13-dimethylhexadecahydro-1H-cyclopenta[a]phenanthren-17-yl)pentanoyl)glycine 2M+H	BILELIB19	temp/specs_ms.mgf655	-1	BILELIB19.mgf	1.44132				16	0	0.00134277	931.624	0	CCMSLIB00005464875
327	specs_ms.mgf	*..*		:102048	202487	-1	0	373.274	1	0.854692	617.146	0	886.629	49834.9	cholic acid [M+H-2H2O]+	MSNLIB-POSITIVE	temp/specs_ms.mgf327	-1	MSNLIB-POSITIVE.mgf	0.163513				10	0	6.10352e-05	373.274	0	CCMSLIB00013047420
47	specs_ms.mgf	*..*		:5785	5785	-1	0	126.066	1	0.851742	230.447	0	29766000.0	10851.5	5-Methylcytosine - 40.0 eV M+H	BIRMINGHAM-UHPLC-MS-NEG	temp/specs_ms.mgf47	-1	BIRMINGHAM-UHPLC-MS-NEG.mgf	7803.27				7	0	0.983727	127.05	0	CCMSLIB00006125396
309	specs_ms.mgf	*..*		:6896	6896	-1	0	344.334	1	0.84943	1049.67	0	53359600.0	17220.4	Methylthioethylamine_Octadecanal (known isomers: 0; isobaric peaks in run: 1) [M+H]+	GNPS-ALKYLAMINES-LIBRARY	temp/specs_ms.mgf309	-1	GNPS-ALKYLAMINES-LIBRARY.mgf	5642.58				6	0	1.94293	346.277	0	CCMSLIB00016349923
225	specs_ms.mgf	*..*		:1	451	-1	0	245.128	1	0.846213	480.759	0	843693.0	16482.1	cyclo(L-Phe-D-Pro) M+H	GNPS-LIBRARY	temp/specs_ms.mgf225	-1	GNPS-LIBRARY.mgf	0.0622482				7	0	1.52588e-05	245.128	0	CCMSLIB00000007132
620	specs_ms.mgf	*..*		:2287	457	-1	0	785.591	1	0.841164	767.753	0	44821400.0	12572.5	Spectral Match to Deoxycholic acid from NIST14 2M+H	GNPS-NIST14-MATCHES	temp/specs_ms.mgf620	-1	GNPS-NIST14-MATCHES.mgf	1.55387				15	0	0.0012207	785.592	0	CCMSLIB00003134943
236	specs_ms.mgf	*..*		:782	2148	-1	0	263.139	1	0.840977	436.152	0	219890.0	6039.2	Spectral Match to Phe-Pro from NIST14 M+H	GNPS-NIST14-MATCHES	temp/specs_ms.mgf236	-1	GNPS-NIST14-MATCHES.mgf	2.7834				6	0	0.000732422	263.138	0	CCMSLIB00003136635
235	specs_ms.mgf	*..*		:1	433	-1	0	261.124	1	0.836677	458.131	0	939934.0	17400.0	cyclo(Phe-4-hydroxy-Pro) M+H	GNPS-LIBRARY	temp/specs_ms.mgf235	-1	GNPS-LIBRARY.mgf	8.76525				7	0	0.00228882	261.126	0	CCMSLIB00000007114
303	specs_ms.mgf	*..*		:3137	5378	-1	0	332.331	1	0.825135	713.19	0	142136.0	85960.3	Spectral Match to Benzyltetradecyldimethylammonium from NIST14 Cat	GNPS-NIST14-MATCHES	temp/specs_ms.mgf303	-1	GNPS-NIST14-MATCHES.mgf	3023.1				6	0	1.00467	333.336	0	CCMSLIB00003139865
1	specs_ms.mgf	*..*		:4404	21806	-1	0	104.028	1	0.822599	280.762	0	26016.3	143550.0	3-hydroxybenzaldehyde [CCS=112.9464111328125] [M+H-H2O]+	GNPS-ION-MOBILITY-LIBRARY	temp/specs_ms.mgf1	-1	GNPS-ION-MOBILITY-LIBRARY.mgf	9363.44				6	0	0.97406	103.054	0	CCMSLIB00017431222
212	specs_ms.mgf	*..*		:71514	171953	-1	0	226.144	1	0.82118	450.542	0	176.08	21753.2	2-(Cyclopent-3-ene-1-carboxamido)-3,3-dimethylbutanoic acid [M+H]+	MSNLIB-POSITIVE	temp/specs_ms.mgf212	-1	MSNLIB-POSITIVE.mgf	4414.4				6	0	0.998291	227.142	0	CCMSLIB00012870527
332	specs_ms.mgf	*..*		:27640	48621	-1	0	390.068	1	0.820862	437.047	0	211.745	16900.7	GALANTHAMINE HYDROBROMIDE [M+Na]+	MONA	temp/specs_ms.mgf332	-1	MONA.mgf	4651.48				10	0	1.81439	388.254	0	CCMSLIB00004721221
537	specs_ms.mgf	*..*		:7498	25961	-1	0	607.343	1	0.816376	458.928	0	193.02	65429.1	dehydroxynocardamine [M+Na]+	MONA	temp/specs_ms.mgf537	-1	MONA.mgf	1713.45				10	0	1.04065	608.384	0	CCMSLIB00004698561
398	specs_ms.mgf	*..*		:12494	24493	-1	0	450.321	1	0.815696	640.455	0	219900.0	13867.8	Massbank:RP005403 Glycodeoxycholic acid|2-[[(4R)-4-[(3R,8R,9S,10S,12S,13R,14S,17R)-3,12-dihydroxy-10,13-dimethyl-2,3,4,5,6,7,8,9,11,12,14,15,16,17-tetradecahydro-1H-cyclopenta[a]phenanthren-17-yl]pentanoyl]amino]acetic M+H	MASSBANK	temp/specs_ms.mgf398	-1	MASSBANK.mgf	15.0446				16	0	0.0067749	450.328	0	CCMSLIB00005738045
321	specs_ms.mgf	*..*		:55654	156093	-1	0	364.166	1	0.81445	132.92	0	139.727	7121.7	Z1145039212 [M+H]+	MSNLIB-POSITIVE	temp/specs_ms.mgf321	-1	MSNLIB-POSITIVE.mgf	3406.19				6	0	1.24042	362.926	0	CCMSLIB00012839796
357	specs_ms.mgf	*..*		:46955	46955	-1	0	426.321	1	0.809839	617.744	0	847.03	17938.6	cholic acid [M+NH4]+	MSNLIB-POSITIVE	temp/specs_ms.mgf357	-1	MSNLIB-POSITIVE.mgf	0.357918				12	0	0.000152588	426.321	0	CCMSLIB00012361811
298	specs_ms.mgf	*..*		:59718	59718	-1	0	330.145	1	0.806179	208.303	0	253.329	10870.2	67341-40-6 [M+H]+	MSNLIB-POSITIVE	temp/specs_ms.mgf298	-1	MSNLIB-POSITIVE.mgf	2919.71				8	0	0.963928	329.181	0	CCMSLIB00012387385
672	specs_ms.mgf	*..*		:668	390	-1	0	1031.59	1	0.795633	612.904	0	2909860.0	21203.8	2-((R)-4-((3R,5S,7S,8R,9S,10S,12R,13R,14S,17R)-3,7,12-trihydroxy-10,13-dimethylhexadecahydro-1H-cyclopenta[a]phenanthren-17-yl)pentanamido)ethane-1-sulfonic acid 2M+H	BILELIB19	temp/specs_ms.mgf672	-1	BILELIB19.mgf	1.41999				12	0	0.00146484	1031.59	0	CCMSLIB00005464856
673	specs_ms.mgf	*..*		:1066	122	-1	0	1031.59	1	0.791732	611.094	0	2168120.0	23324.6	taurocholic acid 2M+H	BILELIB19	temp/specs_ms.mgf673	-1	BILELIB19.mgf	1.41999				16	0	0.00146484	1031.59	0	CCMSLIB00005435565
254	specs_ms.mgf	*..*		:2776	2776	-1	0	284.099	1	0.791142	259.438	0	620683000.0	7603.7	Guanosine - 40.0 eV M+H	BIRMINGHAM-UHPLC-MS-POS	temp/specs_ms.mgf254	-1	BIRMINGHAM-UHPLC-MS-POS.mgf	6970.84				6	0	1.98041	282.119	0	CCMSLIB00006117313
80	specs_ms.mgf	*..*		:209	209	-1	0	132.102	1	0.789978	194.862	0	56714800.0	68092.4	L-(+)-Isoleucine - 40.0 eV M+H	BIRMINGHAM-UHPLC-MS-POS	temp/specs_ms.mgf80	-1	BIRMINGHAM-UHPLC-MS-POS.mgf	43.5464				6	0	0.00575256	132.108	0	CCMSLIB00006113094
226	specs_ms.mgf	*..*		:152	4990	-1	0	246.144	1	0.789162	216.77	0	3402090.0	16154.0	Spectral Match to Ile-Asn from NIST14 M+H	GNPS-NIST14-MATCHES	temp/specs_ms.mgf226	-1	GNPS-NIST14-MATCHES.mgf	4043.2				7	0	0.995209	245.149	0	CCMSLIB00003139477
396	specs_ms.mgf	*..*		:12494	24493	-1	0	450.321	1	0.787302	638.962	0	219900.0	23000.4	Massbank:RP005403 Glycodeoxycholic acid|2-[[(4R)-4-[(3R,8R,9S,10S,12S,13R,14S,17R)-3,12-dihydroxy-10,13-dimethyl-2,3,4,5,6,7,8,9,11,12,14,15,16,17-tetradecahydro-1H-cyclopenta[a]phenanthren-17-yl]pentanoyl]amino]acetic M+H	MASSBANK	temp/specs_ms.mgf396	-1	MASSBANK.mgf	0.745453				16	0	0.000335693	450.321	0	CCMSLIB00005738045
240	specs_ms.mgf	*..*		:2651	2649	-1	0	269.29	1	0.786058	198.347	0	1925.0	7781.7	ReSpect:PS025606 Inosine|INO|(?)-Inosine|beta-Inosine|Hypoxanthine 9-beta-D-ribofuranoside|9-beta-D-ribofuranosylhypoxanthine|Hypoxanthine ribonucleoside|Oxiamin|Ribonosine|Trophicardyl [M+H]	RESPECT	temp/specs_ms.mgf240	-1	RESPECT.mgf	4274.89				6	0	1.15118	268.139	0	CCMSLIB00000213958
656	specs_ms.mgf	*..*		:1228	74	-1	0	931.625	1	0.781917	552.176	0	9337160.0	57204.0	glycocholic acid 2M+H	BILELIB19	temp/specs_ms.mgf656	-1	BILELIB19.mgf	1.37581				17	0	0.00128174	931.624	0	CCMSLIB00005435517
51	specs_ms.mgf	*..*		:5859	5859	-1	0	126.066	1	0.781084	322.75	0	29766000.0	6627.9	5-Methylcytosine - 40.0 eV M+H	BIRMINGHAM-UHPLC-MS-POS	temp/specs_ms.mgf51	-1	BIRMINGHAM-UHPLC-MS-POS.mgf	7803.39				6	0	0.983742	127.05	0	CCMSLIB00006122548
98	specs_ms.mgf	*..*		:6275	23334	-1	0	136.11	1	0.778987	201.668	0	20812.7	32938.6	2,4,6-trimethylaniline [CCS=136.8988494873047] [M+H]+	GNPS-ION-MOBILITY-LIBRARY	temp/specs_ms.mgf98	-1	GNPS-ION-MOBILITY-LIBRARY.mgf	14552.5				6	0	1.98074	138.091	0	CCMSLIB00017432750
353	specs_ms.mgf	*..*		:17091	17091	-1	0	420.036	1	0.776455	457.908	0	123.604	17684.6	223499-30-7 [M-H]-	MSNLIB-NEGATIVE	temp/specs_ms.mgf353	-1	MSNLIB-NEGATIVE.mgf	1923.68				6	0	0.808014	419.228	0	CCMSLIB00012315475
451	specs_ms.mgf	*..*		:1678	1790	-1	0	516.299	1	0.77582	605.26	0	466421.0	13683.9	Spectral Match to Taurocholic acid from NIST14 M+H	GNPS-NIST14-MATCHES	temp/specs_ms.mgf451	-1	GNPS-NIST14-MATCHES.mgf	0.472867				16	0	0.000244141	516.299	0	CCMSLIB00003136277
575	specs_ms.mgf	*..*		:2040	20503	-1	0	668.403	1	0.767812	404.838	0	171.139	29780.5	7-benzyl-11,14,20-trimethyl-16-(2-methylpropyl)-10,13-di(propan-2-yl)-17-oxa-1,5,8,11,14-pentazabicyclo[17.3.0]docosane-2,6,9,12,15,18-hexone [M-H]-	MONA	temp/specs_ms.mgf575	-1	MONA.mgf	1619.2				8	0	1.08228	667.321	0	CCMSLIB00004693103
214	specs_ms.mgf	*..*		:86707	187146	-1	0	228.123	1	0.767803	424.141	0	303.195	5372.4	1-(oxolane-2-carbonyl)piperidine-2-carboxylic acid [M+H]+	MSNLIB-POSITIVE	temp/specs_ms.mgf214	-1	MSNLIB-POSITIVE.mgf	4360.26				6	0	0.994675	229.118	0	CCMSLIB00012948549
155	specs_ms.mgf	*..*		:1	1751	-1	0	175.05	1	0.765215	210.064	0	151810.0	11581.0	quinoxaline-2-carboxylic acid M+H	GNPS-LIBRARY	temp/specs_ms.mgf155	-1	GNPS-LIBRARY.mgf	5688.33				6	0	0.995743	174.054	0	CCMSLIB00000224017
395	specs_ms.mgf	*..*		:5916	5916	-1	0	450.321	1	0.764497	639.154	0	799.575	21938.9	Glycoursodeoxycholic acid M+H	MCE-DRUG	temp/specs_ms.mgf395	-1	MCE-DRUG.mgf	0.745453				9	0	0.000335693	450.321	0	CCMSLIB00010135640
480	specs_ms.mgf	*..*		:1893	4544	-1	0	533.326	1	0.759957	602.302	0	3257750.0	23799.2	(((3a,7a,12a)-3,7,12-trihydroxy-24-oxocholan-24-yl)amino)ethanesulfonic acid M+NH4	BILELIB19	temp/specs_ms.mgf480	-1	BILELIB19.mgf	1.25887				15	0	0.000671387	533.325	0	CCMSLIB00011429876
167	specs_ms.mgf	*..*		:588	3592	-1	0	183.092	1	0.759276	462.559	0	258996.0	11900.3	Spectral Match to Harmane from NIST14 M+H	GNPS-NIST14-MATCHES	temp/specs_ms.mgf167	-1	GNPS-NIST14-MATCHES.mgf	4.66701				6	0	0.000854492	183.091	0	CCMSLIB00003138079
99	specs_ms.mgf	*..*		:6275	23334	-1	0	136.11	1	0.758708	203.697	0	20812.7	26210.7	2,4,6-trimethylaniline [CCS=136.8988494873047] [M+H]+	GNPS-ION-MOBILITY-LIBRARY	temp/specs_ms.mgf99	-1	GNPS-ION-MOBILITY-LIBRARY.mgf	14554.0				6	0	1.98094	138.091	0	CCMSLIB00017432750
187	specs_ms.mgf	*..*		:828	2926	-1	0	187.145	1	0.757825	276.042	0	3916160.0	40094.4	Spectral Match to Ile-Leu-Lys from NIST14 M+2H	GNPS-NIST14-MATCHES	temp/specs_ms.mgf187	-1	GNPS-NIST14-MATCHES.mgf	10567.9				6	0	1.97774	189.123	0	CCMSLIB00003137413
234	specs_ms.mgf	*..*		:5	437	-1	0	261.124	1	0.754134	467.743	0	37381.0	26996.5	cyclo(Phe-4-hydroxy-Pro) M+H	GNPS-LIBRARY	temp/specs_ms.mgf234	-1	GNPS-LIBRARY.mgf	3.97358				9	0	0.0010376	261.123	0	CCMSLIB00000007118
437	specs_ms.mgf	*..*		:1146	4608	-1	0	498.288	1	0.752503	604.301	0	488421.0	20520.3	(((3a,7a,12b)-3,7,12-trihydroxy-24-oxocholan-24-yl)amino)ethanesulfonic acid M-H2O+H	BILELIB19	temp/specs_ms.mgf437	-1	BILELIB19.mgf	0.367469				11	0	0.000183105	498.288	0	CCMSLIB00011429941
392	specs_ms.mgf	*..*		:30	841	-1	0	448.305	1	0.743677	549.483	0	775082.0	17868.2	GLYCOCHOLATE M-H2O+H	GNPS-MSMLS	temp/specs_ms.mgf392	-1	GNPS-MSMLS.mgf	1.83798				17	0	0.000823975	448.306	0	CCMSLIB00005464592
241	specs_ms.mgf	*..*		:4167	4167	-1	0	267.531	1	0.741579	188.645	0	242407000.0	9993.7	Adenosine - 40.0 eV Unknown	BIRMINGHAM-UHPLC-MS-POS	temp/specs_ms.mgf241	-1	BIRMINGHAM-UHPLC-MS-POS.mgf	2274.81				6	0	0.608582	268.14	0	CCMSLIB00006119720
486	specs_ms.mgf	*..*		:1663	1971	-1	0	538.281	1	0.738861	608.029	0	543878.0	10868.4	Spectral Match to Taurocholic acid from NIST14 M+Na	GNPS-NIST14-MATCHES	temp/specs_ms.mgf486	-1	GNPS-NIST14-MATCHES.mgf	1.36067				10	0	0.000732422	538.28	0	CCMSLIB00003136458
441	specs_ms.mgf	*..*		:196	196	-1	0	500.304	1	0.737369	734.221	0	2150650.0	9076.4	Sodium taurochenodeoxycholate - 40.0 eV Unknown	BIRMINGHAM-UHPLC-MS-POS	temp/specs_ms.mgf441	-1	BIRMINGHAM-UHPLC-MS-POS.mgf	1.76894				8	0	0.00088501	500.303	0	CCMSLIB00006113073
511	specs_ms.mgf	*..*		:24605	43068	-1	0	569.186	1	0.73228	871.024	0	156.726	22937.7	5-methoxy-3-methyl-4-[(2S,3R,4S,5S,6R)-3,4,5-trihydroxy-6-[[(2R,3R,4S,5S,6R)-3,4,5-trihydroxy-6-(hydroxymethyl)oxan-2-yl]oxymethyl]oxan-2-yl]oxy-3H-benzo[f][2]benzofuran-1-one [M+H]+	MONA	temp/specs_ms.mgf511	-1	MONA.mgf	2168.67				6	0	1.23438	570.42	0	CCMSLIB00004715668
251	specs_ms.mgf	*..*		:7704	7704	-1	0	282.134	1	0.731902	436.787	0	4200350.0	12032.9	o-acetyl threonine_p-Anisaldehyde (known isomers: 0; isobaric peaks in run: 5) [M+H]+	GNPS-ALKYLAMINES-LIBRARY	temp/specs_ms.mgf251	-1	GNPS-ALKYLAMINES-LIBRARY.mgf	3621.21				6	0	1.02167	281.112	0	CCMSLIB00016350731
390	specs_ms.mgf	*..*		:1229	71	-1	0	448.306	1	0.731608	551.099	0	10468200.0	24252.7	glycocholic acid M-H2O+H	BILELIB19	temp/specs_ms.mgf390	-1	BILELIB19.mgf	0.408439				15	0	0.000183105	448.306	0	CCMSLIB00005435514
215	specs_ms.mgf	*..*		:6218	11577	-1	0	231.134	1	0.731268	342.02	0	4121050.0	7384.5	Proline  2M+H	GNPS-LIBRARY	temp/specs_ms.mgf215	-1	GNPS-LIBRARY.mgf	8566.11				6	0	1.97992	229.154	0	CCMSLIB00009918988
393	specs_ms.mgf	*..*		:1229	71	-1	0	448.306	1	0.724478	550.579	0	10468200.0	24749.5	glycocholic acid M-H2O+H	BILELIB19	temp/specs_ms.mgf393	-1	BILELIB19.mgf	0.0680731				14	0	3.05176e-05	448.306	0	CCMSLIB00005435514
479	specs_ms.mgf	*..*		:1857	51098	-1	0	533.326	1	0.724475	604.493	0	277.0	35281.8	TAUROCHOLIC ACID M+NH4	MONA	temp/specs_ms.mgf479	-1	MONA.mgf	1.25887				16	0	0.000671387	533.325	0	CCMSLIB00006680127
555	specs_ms.mgf	*..*		:7998	10730	-1	0	625.551	1	0.722508	1029.01	0	8674200.0	18011.5	OL (32:0) M+H	GNPS-LIBRARY	temp/specs_ms.mgf555	-1	GNPS-LIBRARY.mgf	14.2453				11	0	0.00891113	625.56	0	CCMSLIB00006678144
89	specs_ms.mgf	*..*		:6275	23334	-1	0	136.11	1	0.721143	199.171	0	20812.7	18125.3	2,4,6-trimethylaniline [CCS=136.8988494873047] [M+H]+	GNPS-ION-MOBILITY-LIBRARY	temp/specs_ms.mgf89	-1	GNPS-ION-MOBILITY-LIBRARY.mgf	355.938				6	0	0.0484467	136.062	0	CCMSLIB00017432750
453	specs_ms.mgf	*..*		:1678	1790	-1	0	516.299	1	0.720366	607.646	0	466421.0	12607.5	Spectral Match to Taurocholic acid from NIST14 M+H	GNPS-NIST14-MATCHES	temp/specs_ms.mgf453	-1	GNPS-NIST14-MATCHES.mgf	0.472867				14	0	0.000244141	516.299	0	CCMSLIB00003136277
367	specs_ms.mgf	*..*		:17326	35789	-1	0	432.151	1	0.71855	444.064	0	258.241	52882.6	3-[3-[3,4-dihydroxy-5-(6-oxo-3H-purin-9-yl)oxolan-2-yl]propanoyl]benzoic acid [M+NH4]+	MONA	temp/specs_ms.mgf367	-1	MONA.mgf	297.442				7	0	0.12854	432.28	0	CCMSLIB00004708389
137	specs_ms.mgf	*..*		:500	4936	-1	0	161.103	1	0.716784	223.83	0	314096.0	20900.7	Spectral Match to 2-Propylbenzimidazole from NIST14 M+H	GNPS-NIST14-MATCHES	temp/specs_ms.mgf137	-1	GNPS-NIST14-MATCHES.mgf	6379.59				7	0	1.02777	160.075	0	CCMSLIB00003139423
95	specs_ms.mgf	*..*		:6283	23341	-1	0	136.11	1	0.716005	198.705	0	15831.9	6293.0	2,4,6-trimethylaniline [CCS=136.0012664794922] [M+H]+	GNPS-ION-MOBILITY-LIBRARY	temp/specs_ms.mgf95	-1	GNPS-ION-MOBILITY-LIBRARY.mgf	6884.78				6	0	0.937088	137.047	0	CCMSLIB00017432757
97	specs_ms.mgf	*..*		:3706	54830	-1	0	137.046	1	0.71329	526.808	0	194.6	9163.6	HYPOXANTHINE M+H	MONA	temp/specs_ms.mgf97	-1	MONA.mgf	7360.4				6	0	1.00871	138.055	0	CCMSLIB00006683859
74	specs_ms.mgf	*..*		:43	43	-1	0	132.102	1	0.711356	196.597	0	15973800.0	25579.4	L-Alloisoleucine - 30.0 eV M+H	BIRMINGHAM-UHPLC-MS-POS	temp/specs_ms.mgf74	-1	BIRMINGHAM-UHPLC-MS-POS.mgf	52.556				6	0	0.00694275	132.109	0	CCMSLIB00006112739
125	specs_ms.mgf	*..*		:17478	29477	-1	0	155.081	1	0.710186	203.759	0	267.0	70515.3	Massbank:PR300401 Cyclo-prolylglycine M+H	MASSBANK	temp/specs_ms.mgf125	-1	MASSBANK.mgf	0.688747				6	0	0.000106812	155.081	0	CCMSLIB00005743029
126	specs_ms.mgf	*..*		:17478	29477	-1	0	155.081	1	0.707388	202.504	0	267.0	25898.9	Massbank:PR300401 Cyclo-prolylglycine M+H	MASSBANK	temp/specs_ms.mgf126	-1	MASSBANK.mgf	12.8894				6	0	0.0019989	155.083	0	CCMSLIB00005743029
417	specs_ms.mgf	*..*		:1050	120	-1	0	480.279	1	0.706671	604.155	0	345724.0	8580.2	taurocholic acid M-2H2O+H	BILELIB19	temp/specs_ms.mgf417	-1	BILELIB19.mgf	2.98644				13	0	0.00143433	480.278	0	CCMSLIB00005435563
211	specs_ms.mgf	*..*		:71519	171958	-1	0	226.144	1	0.70663	451.078	0	233.34	23876.4	2-(Cyclopent-3-ene-1-carboxamido)-3,3-dimethylbutanoic acid [M+H]+	MSNLIB-POSITIVE	temp/specs_ms.mgf211	-1	MSNLIB-POSITIVE.mgf	4398.48				6	0	0.99469	227.139	0	CCMSLIB00012870537
325	specs_ms.mgf	*..*		:20284	20730	-1	0	373.139	1	0.703424	438.533	0	7622890.0	8020.6	3-(4-hydroxyphenyl)-2-{2-[(phenylmethoxy)carbonylamino]acetylamino}propanoic a cid CollisionEnergy:205060 M+H	BERKELEY-LAB	temp/specs_ms.mgf325	-1	BERKELEY-LAB.mgf	5126.19				6	0	1.91278	371.226	0	CCMSLIB00010122719
90	specs_ms.mgf	*..*		:6283	23341	-1	0	136.11	1	0.703418	199.362	0	15831.9	21919.6	2,4,6-trimethylaniline [CCS=136.0012664794922] [M+H]+	GNPS-ION-MOBILITY-LIBRARY	temp/specs_ms.mgf90	-1	GNPS-ION-MOBILITY-LIBRARY.mgf	355.938				7	0	0.0484467	136.062	0	CCMSLIB00017432757
442	specs_ms.mgf	*..*		:13407	13407	-1	0	500.304	1	0.703067	741.337	0	14295.2	11947.7	TAURODEOXYCHOLIC ACID [CCS=211.46849060058594] [M+H]+	GNPS-ION-MOBILITY-LIBRARY	temp/specs_ms.mgf442	-1	GNPS-ION-MOBILITY-LIBRARY.mgf	0.792975				16	0	0.000396729	500.304	0	CCMSLIB00016224890
