study_id,genome_accession,current_status,genome_label,biosample,route,resolved_assembly,source_url,resolved_organism,strain_verified,note,collision,downloaded,bytes,new_status,promoted,scale,contigs,bases
08a05264-7f06-4821-b4ad-bfd4ecb3bd34.2,GCA_000377525.1,absent,CNT302,SAMN02194422,assembly_accession,GCF_000377525.1,https://ftp.ncbi.nlm.nih.gov/genomes/all/GCF/000/377/525/GCF_000377525.1_ASM37752v1/GCF_000377525.1_ASM37752v1_genomic.gbff.gz,Streptomyces sp. CNT302 (high G+C Gram-positive bacteria),,,,yes,17397450,sequence_ok,promoted,isolate_scale,55,7174271
1b0dccac-5212-4dfd-a9f2-6fa953ab16bd.5,AYUD00000000,absent,Pseudomonas aurantiaca PB-St2,SAMN02388884,biosample,GCF_000506385.1,https://ftp.ncbi.nlm.nih.gov/genomes/all/GCF/000/506/385/GCF_000506385.1_PcsubspaPBSt2-2.0/GCF_000506385.1_PcsubspaPBSt2-2.0_genomic.gbff.gz,Pseudomonas chlororaphis subsp. aurantiaca PB-St2 (g-proteobacteria),,,,yes,16873472,sequence_ok,promoted,isolate_scale,23,6590922
1b0dccac-5212-4dfd-a9f2-6fa953ab16bd.5,CP000076,absent,Pseudomonas protegens Pf-5,SAMN02604012,biosample,GCF_000012265.1,https://ftp.ncbi.nlm.nih.gov/genomes/all/GCF/000/012/265/GCF_000012265.1_ASM1226v1/GCF_000012265.1_ASM1226v1_genomic.gbff.gz,Pseudomonas protegens Pf-5 (g-proteobacteria),,,,yes,17887601,sequence_ok,promoted,isolate_scale,1,7074893
1b0dccac-5212-4dfd-a9f2-6fa953ab16bd.5,CP000094,absent,Pseudomonas fluorescens Pf0-1 LK194 gacA+ mutant,SAMN02598267,biosample,GCF_000012445.1,https://ftp.ncbi.nlm.nih.gov/genomes/all/GCF/000/012/445/GCF_000012445.1_ASM1244v1/GCF_000012445.1_ASM1244v1_genomic.gbff.gz,Pseudomonas fluorescens Pf0-1 (g-proteobacteria),,,,yes,16414762,sequence_ok,promoted,isolate_scale,1,6438405
1b0dccac-5212-4dfd-a9f2-6fa953ab16bd.5,LWGR00000000,absent,Nocardia terpenica IFM-0406,SAMN04426989,biosample,GCF_001625105.1,https://ftp.ncbi.nlm.nih.gov/genomes/all/GCF/001/625/105/GCF_001625105.1_ASM162510v1/GCF_001625105.1_ASM162510v1_genomic.gbff.gz,Nocardia terpenica (high G+C Gram-positive bacteria),,,,yes,23419587,sequence_ok,promoted,isolate_scale,3,9282228
1b0dccac-5212-4dfd-a9f2-6fa953ab16bd.5,QOLE01000000,absent,Pseudomonas aeruginosa TUEPA7472,SAMN09389195,biosample,GCF_003324555.1,https://ftp.ncbi.nlm.nih.gov/genomes/all/GCF/003/324/555/GCF_003324555.1_ASM332455v1/GCF_003324555.1_ASM332455v1_genomic.gbff.gz,Pseudomonas aeruginosa (g-proteobacteria),,,,yes,17514396,sequence_ok,promoted,isolate_scale,18,6806824
297c364c-b154-4edd-a7d5-68decf9effa2.4,2515154088,absent,Salinispora arenicola CNT800,,strain_name,GCF_000515135.1,https://ftp.ncbi.nlm.nih.gov/genomes/all/GCF/000/515/135/GCF_000515135.1_ASM51513v1/GCF_000515135.1_ASM51513v1_genomic.gbff.gz,Salinispora arenicola CNT800 (high G+C Gram-positive bacteria),yes,"matched on strain label 'Salinispora arenicola CNT800', not an accession -- review",,yes,13635221,sequence_ok,promoted,isolate_scale,51,5526283
297c364c-b154-4edd-a7d5-68decf9effa2.4,2515154094,absent,Salinispora tropica CNH898,,strain_name,GCF_000515155.1,https://ftp.ncbi.nlm.nih.gov/genomes/all/GCF/000/515/155/GCF_000515155.1_ASM51515v1/GCF_000515155.1_ASM51515v1_genomic.gbff.gz,Salinispora tropica CNH898 (high G+C Gram-positive bacteria),yes,"matched on strain label 'Salinispora tropica CNH898', not an accession -- review",,yes,14070152,sequence_ok,promoted,isolate_scale,114,5532979
297c364c-b154-4edd-a7d5-68decf9effa2.4,2515154124,absent,Salinispora pacifica CNT569,,strain_name,GCF_000374665.1,https://ftp.ncbi.nlm.nih.gov/genomes/all/GCF/000/374/665/GCF_000374665.1_ASM37466v1/GCF_000374665.1_ASM37466v1_genomic.gbff.gz,Salinispora fenicalii (high G+C Gram-positive bacteria),no,"matched on strain label 'Salinispora pacifica CNT569', not an accession -- review || WRONG STRAIN: asked for 'CNT569', assembly is 'Salinispora fenicalii' -- not promoted || CONFLICT: assembly also matched by 2518285561, GCF_000374665.1, which names a different strain -- at most one is correct",2518285561|GCF_000374665.1,yes,13704144,sequence_ok,skipped_wrong_strain,isolate_scale,52,5473304
297c364c-b154-4edd-a7d5-68decf9effa2.4,2515154125,absent,Salinispora arenicola CNH964,,strain_name,GCF_000519145.1,https://ftp.ncbi.nlm.nih.gov/genomes/all/GCF/000/519/145/GCF_000519145.1_ASM51914v1/GCF_000519145.1_ASM51914v1_genomic.gbff.gz,Salinispora arenicola CNH964 (high G+C Gram-positive bacteria),yes,"matched on strain label 'Salinispora arenicola CNH964', not an accession -- review",,yes,14623578,sequence_ok,promoted,isolate_scale,70,5912993
297c364c-b154-4edd-a7d5-68decf9effa2.4,2515154126,absent,Salinispora pacifica CNT003,,unresolved,,,,,no assembly found for Salinispora pacifica CNT003,,,,no_route,skipped_not_sequence,,,
297c364c-b154-4edd-a7d5-68decf9effa2.4,2515154127,absent,Salinispora arenicola CNT857,,strain_name,GCF_000514955.1,https://ftp.ncbi.nlm.nih.gov/genomes/all/GCF/000/514/955/GCF_000514955.1_ASM51495v1/GCF_000514955.1_ASM51495v1_genomic.gbff.gz,Salinispora arenicola CNT857 (high G+C Gram-positive bacteria),yes,"matched on strain label 'Salinispora arenicola CNT857', not an accession -- review",,yes,14291335,sequence_ok,promoted,isolate_scale,92,5712025
297c364c-b154-4edd-a7d5-68decf9effa2.4,2515154128,absent,Salinispora pacifica CNT855,,strain_name,GCF_000514855.1,https://ftp.ncbi.nlm.nih.gov/genomes/all/GCF/000/514/855/GCF_000514855.1_ASM51485v1/GCF_000514855.1_ASM51485v1_genomic.gbff.gz,Salinispora pacifica CNT855 (high G+C Gram-positive bacteria),yes,"matched on strain label 'Salinispora pacifica CNT855', not an accession -- review",,yes,13140695,sequence_ok,promoted,isolate_scale,85,5208629
297c364c-b154-4edd-a7d5-68decf9effa2.4,2515154129,absent,Salinispora pacifica CNS103,,strain_name,GCF_000514795.1,https://ftp.ncbi.nlm.nih.gov/genomes/all/GCF/000/514/795/GCF_000514795.1_ASM51479v1/GCF_000514795.1_ASM51479v1_genomic.gbff.gz,Salinispora pacifica CNS103 (high G+C Gram-positive bacteria),yes,"matched on strain label 'Salinispora pacifica CNS103', not an accession -- review",,yes,14197453,sequence_ok,promoted,isolate_scale,122,5584369
297c364c-b154-4edd-a7d5-68decf9effa2.4,2515154135,absent,Salinispora arenicola CNT850,,strain_name,GCF_000514615.1,https://ftp.ncbi.nlm.nih.gov/genomes/all/GCF/000/514/615/GCF_000514615.1_ASM51461v1/GCF_000514615.1_ASM51461v1_genomic.gbff.gz,Salinispora arenicola CNT850 (high G+C Gram-positive bacteria),yes,"matched on strain label 'Salinispora arenicola CNT850', not an accession -- review",,yes,13940629,sequence_ok,promoted,isolate_scale,67,5621922
297c364c-b154-4edd-a7d5-68decf9effa2.4,2515154137,absent,Salinispora arenicola CNX482,,strain_name,GCF_000514555.1,https://ftp.ncbi.nlm.nih.gov/genomes/all/GCF/000/514/555/GCF_000514555.1_ASM51455v1/GCF_000514555.1_ASM51455v1_genomic.gbff.gz,Salinispora arenicola CNX482 (high G+C Gram-positive bacteria),yes,"matched on strain label 'Salinispora arenicola CNX482', not an accession -- review",,yes,14299181,sequence_ok,promoted,isolate_scale,89,5711575
297c364c-b154-4edd-a7d5-68decf9effa2.4,2515154163,absent,Salinispora tropica CNS197,,strain_name,GCF_000514695.1,https://ftp.ncbi.nlm.nih.gov/genomes/all/GCF/000/514/695/GCF_000514695.1_ASM51469v1/GCF_000514695.1_ASM51469v1_genomic.gbff.gz,Salinispora tropica CNS197 (high G+C Gram-positive bacteria),yes,"matched on strain label 'Salinispora tropica CNS197', not an accession -- review",,yes,13188940,sequence_ok,promoted,isolate_scale,75,5236719
297c364c-b154-4edd-a7d5-68decf9effa2.4,2515154170,absent,Salinispora pacifica CNT854,,strain_name,GCF_000514835.1,https://ftp.ncbi.nlm.nih.gov/genomes/all/GCF/000/514/835/GCF_000514835.1_ASM51483v1/GCF_000514835.1_ASM51483v1_genomic.gbff.gz,Salinispora pacifica CNT854 (high G+C Gram-positive bacteria),yes,"matched on strain label 'Salinispora pacifica CNT854', not an accession -- review",,yes,13511850,sequence_ok,promoted,isolate_scale,104,5315422
297c364c-b154-4edd-a7d5-68decf9effa2.4,2515154177,absent,Salinispora pacifica CNT029,,strain_name,GCF_058448855.1,https://ftp.ncbi.nlm.nih.gov/genomes/all/GCF/058/448/855/GCF_058448855.1_ASM5844885v1/GCF_058448855.1_ASM5844885v1_genomic.gbff.gz,Salinispora oceanensis (high G+C Gram-positive bacteria),no,"matched on strain label 'Salinispora pacifica CNT029', not an accession -- review || WRONG STRAIN: asked for 'CNT029', assembly is 'Salinispora oceanensis' -- not promoted",,yes,15480620,sequence_ok,skipped_wrong_strain,isolate_scale,198,5799079
297c364c-b154-4edd-a7d5-68decf9effa2.4,2515154178,absent,Salinispora pacifica CNR114,,strain_name,GCF_000514775.1,https://ftp.ncbi.nlm.nih.gov/genomes/all/GCF/000/514/775/GCF_000514775.1_ASM51477v1/GCF_000514775.1_ASM51477v1_genomic.gbff.gz,Salinispora pacifica CNR114 (high G+C Gram-positive bacteria),yes,"matched on strain label 'Salinispora pacifica CNR114', not an accession -- review",,yes,14798951,sequence_ok,promoted,isolate_scale,99,5866896
297c364c-b154-4edd-a7d5-68decf9effa2.4,2515154180,absent,Salinispora arenicola CNQ748,,unresolved,,,,,no assembly found for Salinispora arenicola CNQ748,,,,no_route,skipped_not_sequence,,,
297c364c-b154-4edd-a7d5-68decf9effa2.4,2515154182,absent,Salinispora pacifica CNT796,,strain_name,GCF_000514735.1,https://ftp.ncbi.nlm.nih.gov/genomes/all/GCF/000/514/735/GCF_000514735.1_ASM51473v1/GCF_000514735.1_ASM51473v1_genomic.gbff.gz,Salinispora pacifica CNT796 (high G+C Gram-positive bacteria),yes,"matched on strain label 'Salinispora pacifica CNT796', not an accession -- review",,yes,12890664,sequence_ok,promoted,isolate_scale,99,5073739
297c364c-b154-4edd-a7d5-68decf9effa2.4,2515154183,absent,Salinispora arenicola CNH905,,strain_name,GCF_000515035.1,https://ftp.ncbi.nlm.nih.gov/genomes/all/GCF/000/515/035/GCF_000515035.1_ASM51503v1/GCF_000515035.1_ASM51503v1_genomic.gbff.gz,Salinispora arenicola CNH905 (high G+C Gram-positive bacteria),yes,"matched on strain label 'Salinispora arenicola CNH905', not an accession -- review",,yes,14205154,sequence_ok,promoted,isolate_scale,105,5667031
297c364c-b154-4edd-a7d5-68decf9effa2.4,2515154184,absent,Salinispora pacifica CNT001,,strain_name,GCF_000514535.1,https://ftp.ncbi.nlm.nih.gov/genomes/all/GCF/000/514/535/GCF_000514535.1_ASM51453v1/GCF_000514535.1_ASM51453v1_genomic.gbff.gz,Salinispora pacifica CNT001 (high G+C Gram-positive bacteria),yes,"matched on strain label 'Salinispora pacifica CNT001', not an accession -- review",,yes,13781163,sequence_ok,promoted,isolate_scale,82,5492313
297c364c-b154-4edd-a7d5-68decf9effa2.4,2515154185,absent,Salinispora pacifica CNT603,,strain_name,GCF_000514415.1,https://ftp.ncbi.nlm.nih.gov/genomes/all/GCF/000/514/415/GCF_000514415.1_ASM51441v1/GCF_000514415.1_ASM51441v1_genomic.gbff.gz,Salinispora pacifica CNT603 (high G+C Gram-positive bacteria),yes,"matched on strain label 'Salinispora pacifica CNT603', not an accession -- review",,yes,13508615,sequence_ok,promoted,isolate_scale,77,5395536
297c364c-b154-4edd-a7d5-68decf9effa2.4,2515154186,absent,Salinispora arenicola CNT798,,strain_name,GCF_000515015.1,https://ftp.ncbi.nlm.nih.gov/genomes/all/GCF/000/515/015/GCF_000515015.1_ASM51501v1/GCF_000515015.1_ASM51501v1_genomic.gbff.gz,Salinispora arenicola CNT798 (high G+C Gram-positive bacteria),yes,"matched on strain label 'Salinispora arenicola CNT798', not an accession -- review",,yes,14027401,sequence_ok,promoted,isolate_scale,66,5657349
297c364c-b154-4edd-a7d5-68decf9effa2.4,2515154187,absent,Salinispora arenicola CNX891,,strain_name,GCF_000514935.1,https://ftp.ncbi.nlm.nih.gov/genomes/all/GCF/000/514/935/GCF_000514935.1_ASM51493v1/GCF_000514935.1_ASM51493v1_genomic.gbff.gz,Salinispora arenicola CNX891 (high G+C Gram-positive bacteria),yes,"matched on strain label 'Salinispora arenicola CNX891', not an accession -- review",,yes,14336589,sequence_ok,promoted,isolate_scale,92,5731186
297c364c-b154-4edd-a7d5-68decf9effa2.4,2515154188,absent,Salinispora arenicola CNX508,,strain_name,GCF_000514875.1,https://ftp.ncbi.nlm.nih.gov/genomes/all/GCF/000/514/875/GCF_000514875.1_ASM51487v1/GCF_000514875.1_ASM51487v1_genomic.gbff.gz,Salinispora arenicola CNX508 (high G+C Gram-positive bacteria),yes,"matched on strain label 'Salinispora arenicola CNX508', not an accession -- review",,yes,14095677,sequence_ok,promoted,isolate_scale,96,5632853
297c364c-b154-4edd-a7d5-68decf9effa2.4,2515154193,absent,Salinispora arenicola CNH941,,strain_name,GCF_000514915.1,https://ftp.ncbi.nlm.nih.gov/genomes/all/GCF/000/514/915/GCF_000514915.1_ASM51491v1/GCF_000514915.1_ASM51491v1_genomic.gbff.gz,Salinispora arenicola CNH941 (high G+C Gram-positive bacteria),yes,"matched on strain label 'Salinispora arenicola CNH941', not an accession -- review",,yes,14329102,sequence_ok,promoted,isolate_scale,73,5761497
297c364c-b154-4edd-a7d5-68decf9effa2.4,2515154194,absent,Salinispora pacifica CNR894,,strain_name,GCF_000514755.1,https://ftp.ncbi.nlm.nih.gov/genomes/all/GCF/000/514/755/GCF_000514755.1_ASM51475v1/GCF_000514755.1_ASM51475v1_genomic.gbff.gz,Salinispora pacifica CNR894 (high G+C Gram-positive bacteria),yes,"matched on strain label 'Salinispora pacifica CNR894', not an accession -- review",,yes,14016345,sequence_ok,promoted,isolate_scale,115,5518023
297c364c-b154-4edd-a7d5-68decf9effa2.4,2515154200,absent,Salinispora pacifica CNT131,,strain_name,GCF_000514475.1,https://ftp.ncbi.nlm.nih.gov/genomes/all/GCF/000/514/475/GCF_000514475.1_ASM51447v1/GCF_000514475.1_ASM51447v1_genomic.gbff.gz,Salinispora pacifica CNT131 (high G+C Gram-positive bacteria),yes,"matched on strain label 'Salinispora pacifica CNT131', not an accession -- review",,yes,13961000,sequence_ok,promoted,isolate_scale,113,5527068
297c364c-b154-4edd-a7d5-68decf9effa2.4,2515154202,absent,Salinispora pacifica CNT084,,strain_name,GCF_000514495.1,https://ftp.ncbi.nlm.nih.gov/genomes/all/GCF/000/514/495/GCF_000514495.1_ASM51449v1/GCF_000514495.1_ASM51449v1_genomic.gbff.gz,Salinispora pacifica CNT084 (high G+C Gram-positive bacteria),yes,"matched on strain label 'Salinispora pacifica CNT084', not an accession -- review",,yes,14067552,sequence_ok,promoted,isolate_scale,138,5471270
297c364c-b154-4edd-a7d5-68decf9effa2.4,2515154203,absent,Salinispora arenicola CNR921,,strain_name,GCF_000514595.1,https://ftp.ncbi.nlm.nih.gov/genomes/all/GCF/000/514/595/GCF_000514595.1_ASM51459v1/GCF_000514595.1_ASM51459v1_genomic.gbff.gz,Salinispora arenicola CNR921 (high G+C Gram-positive bacteria),yes,"matched on strain label 'Salinispora arenicola CNR921', not an accession -- review",,yes,13505926,sequence_ok,promoted,isolate_scale,47,5458536
297c364c-b154-4edd-a7d5-68decf9effa2.4,2516143022,absent,Salinispora arenicola CNS991,,strain_name,GCF_059570735.1,https://ftp.ncbi.nlm.nih.gov/genomes/all/GCF/059/570/735/GCF_059570735.1_ASM5957073v1/GCF_059570735.1_ASM5957073v1_genomic.gbff.gz,Salinispora arenicola CNS820 (high G+C Gram-positive bacteria),no,"matched on strain label 'Salinispora arenicola CNS991', not an accession -- review || WRONG STRAIN: asked for 'CNS991', assembly is 'Salinispora arenicola CNS820' -- not promoted || CONFLICT: assembly also matched by 2548876909, 2565956528, 2814122978, 641228504, GCF_000018265.1, which names a different strain -- at most one is correct",2548876909|2565956528|2814122978|641228504|GCF_000018265.1,yes,14362184,sequence_ok,skipped_wrong_strain,isolate_scale,66,5606043
297c364c-b154-4edd-a7d5-68decf9effa2.4,2516493032,absent,Salinispora pacifica CNT138,,strain_name,GCF_059570745.1,https://ftp.ncbi.nlm.nih.gov/genomes/all/GCF/059/570/745/GCF_059570745.1_ASM5957074v1/GCF_059570745.1_ASM5957074v1_genomic.gbff.gz,Salinispora pacifica CNY498 (high G+C Gram-positive bacteria),no,"matched on strain label 'Salinispora pacifica CNT138', not an accession -- review || WRONG STRAIN: asked for 'CNT138', assembly is 'Salinispora pacifica CNY498' -- not promoted || CONFLICT: assembly also matched by 2516653042, 2517287019, 2517287023, 2517434008, 2517572194, 2548876972, 2563366539, which names a different strain -- at most one is correct",2516653042|2517287019|2517287023|2517434008|2517572194|2548876972|2563366539,yes,14113795,sequence_ok,skipped_wrong_strain,isolate_scale,74,5455855
297c364c-b154-4edd-a7d5-68decf9effa2.4,2516653042,absent,Salinispora pacifica CNT133,,strain_name,GCF_059570745.1,https://ftp.ncbi.nlm.nih.gov/genomes/all/GCF/059/570/745/GCF_059570745.1_ASM5957074v1/GCF_059570745.1_ASM5957074v1_genomic.gbff.gz,Salinispora pacifica CNY498 (high G+C Gram-positive bacteria),no,"matched on strain label 'Salinispora pacifica CNT133', not an accession -- review || WRONG STRAIN: asked for 'CNT133', assembly is 'Salinispora pacifica CNY498' -- not promoted || CONFLICT: assembly also matched by 2516493032, 2517287019, 2517287023, 2517434008, 2517572194, 2548876972, 2563366539, which names a different strain -- at most one is correct",2516493032|2517287019|2517287023|2517434008|2517572194|2548876972|2563366539,yes,14113795,sequence_ok,skipped_wrong_strain,isolate_scale,74,5455855
297c364c-b154-4edd-a7d5-68decf9effa2.4,2517287019,absent,Salinispora pacifica CNS960,,strain_name,GCF_059570745.1,https://ftp.ncbi.nlm.nih.gov/genomes/all/GCF/059/570/745/GCF_059570745.1_ASM5957074v1/GCF_059570745.1_ASM5957074v1_genomic.gbff.gz,Salinispora pacifica CNY498 (high G+C Gram-positive bacteria),no,"matched on strain label 'Salinispora pacifica CNS960', not an accession -- review || WRONG STRAIN: asked for 'CNS960', assembly is 'Salinispora pacifica CNY498' -- not promoted || CONFLICT: assembly also matched by 2516493032, 2516653042, 2517287023, 2517434008, 2517572194, 2548876972, 2563366539, which names a different strain -- at most one is correct",2516493032|2516653042|2517287023|2517434008|2517572194|2548876972|2563366539,yes,14113795,sequence_ok,skipped_wrong_strain,isolate_scale,74,5455855
297c364c-b154-4edd-a7d5-68decf9effa2.4,2517287023,absent,Salinispora pacifica CNT148,,strain_name,GCF_059570745.1,https://ftp.ncbi.nlm.nih.gov/genomes/all/GCF/059/570/745/GCF_059570745.1_ASM5957074v1/GCF_059570745.1_ASM5957074v1_genomic.gbff.gz,Salinispora pacifica CNY498 (high G+C Gram-positive bacteria),no,"matched on strain label 'Salinispora pacifica CNT148', not an accession -- review || WRONG STRAIN: asked for 'CNT148', assembly is 'Salinispora pacifica CNY498' -- not promoted || CONFLICT: assembly also matched by 2516493032, 2516653042, 2517287019, 2517434008, 2517572194, 2548876972, 2563366539, which names a different strain -- at most one is correct",2516493032|2516653042|2517287019|2517434008|2517572194|2548876972|2563366539,yes,14113795,sequence_ok,skipped_wrong_strain,isolate_scale,74,5455855
297c364c-b154-4edd-a7d5-68decf9effa2.4,2517434008,absent,Salinispora pacifica CNT150,,strain_name,GCF_059570745.1,https://ftp.ncbi.nlm.nih.gov/genomes/all/GCF/059/570/745/GCF_059570745.1_ASM5957074v1/GCF_059570745.1_ASM5957074v1_genomic.gbff.gz,Salinispora pacifica CNY498 (high G+C Gram-positive bacteria),no,"matched on strain label 'Salinispora pacifica CNT150', not an accession -- review || WRONG STRAIN: asked for 'CNT150', assembly is 'Salinispora pacifica CNY498' -- not promoted || CONFLICT: assembly also matched by 2516493032, 2516653042, 2517287019, 2517287023, 2517572194, 2548876972, 2563366539, which names a different strain -- at most one is correct",2516493032|2516653042|2517287019|2517287023|2517572194|2548876972|2563366539,yes,14113795,sequence_ok,skipped_wrong_strain,isolate_scale,74,5455855
297c364c-b154-4edd-a7d5-68decf9effa2.4,2517572137,absent,Salinispora arenicola CNT005,,strain_name,GCF_000514895.1,https://ftp.ncbi.nlm.nih.gov/genomes/all/GCF/000/514/895/GCF_000514895.1_ASM51489v1/GCF_000514895.1_ASM51489v1_genomic.gbff.gz,Salinispora arenicola CNT005 (high G+C Gram-positive bacteria),yes,"matched on strain label 'Salinispora arenicola CNT005', not an accession -- review",,yes,14261374,sequence_ok,promoted,isolate_scale,67,5769669
297c364c-b154-4edd-a7d5-68decf9effa2.4,2517572152,absent,Salinispora arenicola CNX814,,strain_name,GCF_000375105.1,https://ftp.ncbi.nlm.nih.gov/genomes/all/GCF/000/375/105/GCF_000375105.1_ASM37510v1/GCF_000375105.1_ASM37510v1_genomic.gbff.gz,Salinispora arenicola CNX814 (high G+C Gram-positive bacteria),yes,"matched on strain label 'Salinispora arenicola CNX814', not an accession -- review",,yes,14240505,sequence_ok,promoted,isolate_scale,65,5688460
297c364c-b154-4edd-a7d5-68decf9effa2.4,2517572153,absent,Salinispora arenicola CNY011,,strain_name,GCF_000375125.1,https://ftp.ncbi.nlm.nih.gov/genomes/all/GCF/000/375/125/GCF_000375125.1_ASM37512v1/GCF_000375125.1_ASM37512v1_genomic.gbff.gz,Salinispora arenicola CNY011 (high G+C Gram-positive bacteria),yes,"matched on strain label 'Salinispora arenicola CNY011', not an accession -- review",,yes,14361423,sequence_ok,promoted,isolate_scale,82,5722126
297c364c-b154-4edd-a7d5-68decf9effa2.4,2517572154,absent,Salinispora arenicola CNY280,,strain_name,GCF_000375205.1,https://ftp.ncbi.nlm.nih.gov/genomes/all/GCF/000/375/205/GCF_000375205.1_ASM37520v1/GCF_000375205.1_ASM37520v1_genomic.gbff.gz,Salinispora arenicola CNY280 (high G+C Gram-positive bacteria),yes,"matched on strain label 'Salinispora arenicola CNY280', not an accession -- review",,yes,15278829,sequence_ok,promoted,isolate_scale,89,6066372
297c364c-b154-4edd-a7d5-68decf9effa2.4,2517572155,absent,Salinispora pacifica CNQ768,,strain_name,GCF_000375225.1,https://ftp.ncbi.nlm.nih.gov/genomes/all/GCF/000/375/225/GCF_000375225.1_ASM37522v1/GCF_000375225.1_ASM37522v1_genomic.gbff.gz,Salinispora pacifica CNQ768 (high G+C Gram-positive bacteria),yes,"matched on strain label 'Salinispora pacifica CNQ768', not an accession -- review",,yes,13993588,sequence_ok,promoted,isolate_scale,91,5480836
297c364c-b154-4edd-a7d5-68decf9effa2.4,2517572157,absent,Salinispora pacifica CNS996,,strain_name,GCF_000374745.1,https://ftp.ncbi.nlm.nih.gov/genomes/all/GCF/000/374/745/GCF_000374745.1_ASM37474v1/GCF_000374745.1_ASM37474v1_genomic.gbff.gz,Salinispora pacifica CNS996 (high G+C Gram-positive bacteria),yes,"matched on strain label 'Salinispora pacifica CNS996', not an accession -- review",,yes,14596389,sequence_ok,promoted,isolate_scale,113,5661283
297c364c-b154-4edd-a7d5-68decf9effa2.4,2517572158,absent,Salinispora pacifica CNT045,,strain_name,GCF_000374765.1,https://ftp.ncbi.nlm.nih.gov/genomes/all/GCF/000/374/765/GCF_000374765.1_ASM37476v1/GCF_000374765.1_ASM37476v1_genomic.gbff.gz,Salinispora pacifica CNT045 (high G+C Gram-positive bacteria),yes,"matched on strain label 'Salinispora pacifica CNT045', not an accession -- review",,yes,14618044,sequence_ok,promoted,isolate_scale,80,5771968
297c364c-b154-4edd-a7d5-68decf9effa2.4,2517572159,absent,Salinispora pacifica CNT124,,strain_name,GCF_000374785.1,https://ftp.ncbi.nlm.nih.gov/genomes/all/GCF/000/374/785/GCF_000374785.1_ASM37478v1/GCF_000374785.1_ASM37478v1_genomic.gbff.gz,Salinispora pacifica CNT124 (high G+C Gram-positive bacteria),yes,"matched on strain label 'Salinispora pacifica CNT124', not an accession -- review",,yes,12931178,sequence_ok,promoted,isolate_scale,47,5164130
297c364c-b154-4edd-a7d5-68decf9effa2.4,2517572160,absent,Salinispora pacifica CNT584,,strain_name,GCF_000375245.1,https://ftp.ncbi.nlm.nih.gov/genomes/all/GCF/000/375/245/GCF_000375245.1_ASM37524v1/GCF_000375245.1_ASM37524v1_genomic.gbff.gz,Salinispora pacifica CNT584 (high G+C Gram-positive bacteria),yes,"matched on strain label 'Salinispora pacifica CNT584', not an accession -- review",,yes,13310925,sequence_ok,promoted,isolate_scale,79,5217717
297c364c-b154-4edd-a7d5-68decf9effa2.4,2517572161,absent,Salinispora pacifica CNT609,,strain_name,GCF_000375265.1,https://ftp.ncbi.nlm.nih.gov/genomes/all/GCF/000/375/265/GCF_000375265.1_ASM37526v1/GCF_000375265.1_ASM37526v1_genomic.gbff.gz,Salinispora pacifica CNT609 (high G+C Gram-positive bacteria),yes,"matched on strain label 'Salinispora pacifica CNT609', not an accession -- review",,yes,13693650,sequence_ok,promoted,isolate_scale,95,5328928
297c364c-b154-4edd-a7d5-68decf9effa2.4,2517572162,absent,Salinispora pacifica CNT851,,strain_name,GCF_000375285.1,https://ftp.ncbi.nlm.nih.gov/genomes/all/GCF/000/375/285/GCF_000375285.1_ASM37528v1/GCF_000375285.1_ASM37528v1_genomic.gbff.gz,Salinispora pacifica CNT851 (high G+C Gram-positive bacteria),yes,"matched on strain label 'Salinispora pacifica CNT851', not an accession -- review",,yes,13527014,sequence_ok,promoted,isolate_scale,100,5263032
297c364c-b154-4edd-a7d5-68decf9effa2.4,2517572163,absent,Salinispora arenicola CNY237,,strain_name,GCF_000375305.1,https://ftp.ncbi.nlm.nih.gov/genomes/all/GCF/000/375/305/GCF_000375305.1_ASM37530v1/GCF_000375305.1_ASM37530v1_genomic.gbff.gz,Salinispora arenicola CNY237 (high G+C Gram-positive bacteria),yes,"matched on strain label 'Salinispora arenicola CNY237', not an accession -- review",,yes,14334584,sequence_ok,promoted,isolate_scale,67,5713643
297c364c-b154-4edd-a7d5-68decf9effa2.4,2517572165,absent,Streptomyces sp. CNQ766,SAMN02440453,biosample,GCF_000377105.1,https://ftp.ncbi.nlm.nih.gov/genomes/all/GCA/000/377/105/GCA_000377105.1_ASM37710v1/GCA_000377105.1_ASM37710v1_genomic.gbff.gz,Streptomycetaceae bacterium CNQ766 (high G+C Gram-positive bacteria),,,,yes,11072243,sequence_ok,promoted,isolate_scale,87,8474577
297c364c-b154-4edd-a7d5-68decf9effa2.4,2517572194,absent,Salinispora pacifica CNS863,,strain_name,GCF_059570745.1,https://ftp.ncbi.nlm.nih.gov/genomes/all/GCF/059/570/745/GCF_059570745.1_ASM5957074v1/GCF_059570745.1_ASM5957074v1_genomic.gbff.gz,Salinispora pacifica CNY498 (high G+C Gram-positive bacteria),no,"matched on strain label 'Salinispora pacifica CNS863', not an accession -- review || WRONG STRAIN: asked for 'CNS863', assembly is 'Salinispora pacifica CNY498' -- not promoted || CONFLICT: assembly also matched by 2516493032, 2516653042, 2517287019, 2517287023, 2517434008, 2548876972, 2563366539, which names a different strain -- at most one is correct",2516493032|2516653042|2517287019|2517287023|2517434008|2548876972|2563366539,yes,14113795,sequence_ok,skipped_wrong_strain,isolate_scale,74,5455855
297c364c-b154-4edd-a7d5-68decf9effa2.4,2517572211,absent,Salinispora tropica CNB476,,strain_name,GCF_000515095.1,https://ftp.ncbi.nlm.nih.gov/genomes/all/GCF/000/515/095/GCF_000515095.1_ASM51509v1/GCF_000515095.1_ASM51509v1_genomic.gbff.gz,Salinispora tropica CNB476 (high G+C Gram-positive bacteria),yes,"matched on strain label 'Salinispora tropica CNB476', not an accession -- review",,yes,13304037,sequence_ok,promoted,isolate_scale,100,5239804
297c364c-b154-4edd-a7d5-68decf9effa2.4,2517572212,absent,Salinispora tropica CNB536,,strain_name,GCF_000515075.1,https://ftp.ncbi.nlm.nih.gov/genomes/all/GCF/000/515/075/GCF_000515075.1_ASM51507v1/GCF_000515075.1_ASM51507v1_genomic.gbff.gz,Salinispora tropica CNB536 (high G+C Gram-positive bacteria),yes,"matched on strain label 'Salinispora tropica CNB536', not an accession -- review",,yes,14161189,sequence_ok,promoted,isolate_scale,122,5552560
297c364c-b154-4edd-a7d5-68decf9effa2.4,2517572233,absent,Salinispora arenicola CNT859,,strain_name,GCF_000377605.1,https://ftp.ncbi.nlm.nih.gov/genomes/all/GCF/000/377/605/GCF_000377605.1_ASM37760v1/GCF_000377605.1_ASM37760v1_genomic.gbff.gz,Salinispora arenicola CNT859 (high G+C Gram-positive bacteria),yes,"matched on strain label 'Salinispora arenicola CNT859', not an accession -- review",,yes,14580343,sequence_ok,promoted,isolate_scale,74,5822487
297c364c-b154-4edd-a7d5-68decf9effa2.4,2518285550,absent,Salinispora arenicola CNT849,,strain_name,GCF_000373825.1,https://ftp.ncbi.nlm.nih.gov/genomes/all/GCF/000/373/825/GCF_000373825.1_ASM37382v1/GCF_000373825.1_ASM37382v1_genomic.gbff.gz,Salinispora arenicola CNT849 (high G+C Gram-positive bacteria),yes,"matched on strain label 'Salinispora arenicola CNT849', not an accession -- review",,yes,14182195,sequence_ok,promoted,isolate_scale,51,5720436
297c364c-b154-4edd-a7d5-68decf9effa2.4,2518285551,absent,Salinispora arenicola CNP105,,strain_name,GCF_000375045.1,https://ftp.ncbi.nlm.nih.gov/genomes/all/GCF/000/375/045/GCF_000375045.1_ASM37504v1/GCF_000375045.1_ASM37504v1_genomic.gbff.gz,Salinispora arenicola CNP105 (high G+C Gram-positive bacteria),yes,"matched on strain label 'Salinispora arenicola CNP105', not an accession -- review",,yes,14779049,sequence_ok,promoted,isolate_scale,69,5919675
297c364c-b154-4edd-a7d5-68decf9effa2.4,2518285552,absent,Salinispora arenicola CNP193,,strain_name,GCF_000375025.1,https://ftp.ncbi.nlm.nih.gov/genomes/all/GCF/000/375/025/GCF_000375025.1_ASM37502v1/GCF_000375025.1_ASM37502v1_genomic.gbff.gz,Salinispora arenicola CNP193 (high G+C Gram-positive bacteria),yes,"matched on strain label 'Salinispora arenicola CNP193', not an accession -- review",,yes,14519305,sequence_ok,promoted,isolate_scale,79,5766351
297c364c-b154-4edd-a7d5-68decf9effa2.4,2518285553,absent,Salinispora arenicola CNS051,,strain_name,GCF_000375005.1,https://ftp.ncbi.nlm.nih.gov/genomes/all/GCF/000/375/005/GCF_000375005.1_ASM37500v1/GCF_000375005.1_ASM37500v1_genomic.gbff.gz,Salinispora arenicola CNS051 (high G+C Gram-positive bacteria),yes,"matched on strain label 'Salinispora arenicola CNS051', not an accession -- review",,yes,14770019,sequence_ok,promoted,isolate_scale,93,5853040
297c364c-b154-4edd-a7d5-68decf9effa2.4,2518285554,absent,Salinispora arenicola CNS744,,strain_name,GCF_000375065.1,https://ftp.ncbi.nlm.nih.gov/genomes/all/GCF/000/375/065/GCF_000375065.1_ASM37506v1/GCF_000375065.1_ASM37506v1_genomic.gbff.gz,Salinispora arenicola CNS744 (high G+C Gram-positive bacteria),yes,"matched on strain label 'Salinispora arenicola CNS744', not an accession -- review",,yes,14526732,sequence_ok,promoted,isolate_scale,89,5741573
297c364c-b154-4edd-a7d5-68decf9effa2.4,2518285555,absent,Salinispora arenicola CNX481,,strain_name,GCF_000375085.1,https://ftp.ncbi.nlm.nih.gov/genomes/all/GCF/000/375/085/GCF_000375085.1_ASM37508v1/GCF_000375085.1_ASM37508v1_genomic.gbff.gz,Salinispora arenicola CNX481 (high G+C Gram-positive bacteria),yes,"matched on strain label 'Salinispora arenicola CNX481', not an accession -- review",,yes,14003693,sequence_ok,promoted,isolate_scale,73,5570975
297c364c-b154-4edd-a7d5-68decf9effa2.4,2518285558,absent,Salinispora arenicola CNY231,,strain_name,GCF_000375145.1,https://ftp.ncbi.nlm.nih.gov/genomes/all/GCF/000/375/145/GCF_000375145.1_ASM37514v1/GCF_000375145.1_ASM37514v1_genomic.gbff.gz,Salinispora arenicola CNY231 (high G+C Gram-positive bacteria),yes,"matched on strain label 'Salinispora arenicola CNY231', not an accession -- review",,yes,14571123,sequence_ok,promoted,isolate_scale,69,5832889
297c364c-b154-4edd-a7d5-68decf9effa2.4,2518285559,absent,Salinispora arenicola CNY256,,strain_name,GCF_000375165.1,https://ftp.ncbi.nlm.nih.gov/genomes/all/GCF/000/375/165/GCF_000375165.1_ASM37516v1/GCF_000375165.1_ASM37516v1_genomic.gbff.gz,Salinispora arenicola CNY256 (high G+C Gram-positive bacteria),yes,"matched on strain label 'Salinispora arenicola CNY256', not an accession -- review",,yes,14553940,sequence_ok,promoted,isolate_scale,79,5781119
297c364c-b154-4edd-a7d5-68decf9effa2.4,2518285560,absent,Salinispora arenicola CNY260,,strain_name,GCF_000375185.1,https://ftp.ncbi.nlm.nih.gov/genomes/all/GCF/000/375/185/GCF_000375185.1_ASM37518v1/GCF_000375185.1_ASM37518v1_genomic.gbff.gz,Salinispora arenicola CNY260 (high G+C Gram-positive bacteria),yes,"matched on strain label 'Salinispora arenicola CNY260', not an accession -- review",,yes,14424725,sequence_ok,promoted,isolate_scale,63,5775769
297c364c-b154-4edd-a7d5-68decf9effa2.4,2518285561,absent,Salinispora pacifica CNR942,,strain_name,GCF_000374665.1,https://ftp.ncbi.nlm.nih.gov/genomes/all/GCF/000/374/665/GCF_000374665.1_ASM37466v1/GCF_000374665.1_ASM37466v1_genomic.gbff.gz,Salinispora fenicalii (high G+C Gram-positive bacteria),no,"matched on strain label 'Salinispora pacifica CNR942', not an accession -- review || WRONG STRAIN: asked for 'CNR942', assembly is 'Salinispora fenicalii' -- not promoted || CONFLICT: assembly also matched by 2515154124, which names a different strain -- at most one is correct",2515154124,yes,13704144,sequence_ok,skipped_wrong_strain,isolate_scale,52,5473304
297c364c-b154-4edd-a7d5-68decf9effa2.4,2518285563,absent,Salinispora pacifica CNS860,,strain_name,GCF_000374705.1,https://ftp.ncbi.nlm.nih.gov/genomes/all/GCF/000/374/705/GCF_000374705.1_ASM37470v1/GCF_000374705.1_ASM37470v1_genomic.gbff.gz,Salinispora pacifica CNS860 (high G+C Gram-positive bacteria),yes,"matched on strain label 'Salinispora pacifica CNS860', not an accession -- review",,yes,13537824,sequence_ok,promoted,isolate_scale,62,5357469
297c364c-b154-4edd-a7d5-68decf9effa2.4,2518645624,absent,Salinispora tropica CNR699,,strain_name,GCF_000377065.1,https://ftp.ncbi.nlm.nih.gov/genomes/all/GCF/000/377/065/GCF_000377065.1_ASM37706v1/GCF_000377065.1_ASM37706v1_genomic.gbff.gz,Salinispora tropica CNR699 (high G+C Gram-positive bacteria),yes,"matched on strain label 'Salinispora tropica CNR699', not an accession -- review",,yes,14516042,sequence_ok,promoted,isolate_scale,124,5608799
297c364c-b154-4edd-a7d5-68decf9effa2.4,2518645626,absent,Salinispora pacifica CNY330,,strain_name,GCF_000377025.1,https://ftp.ncbi.nlm.nih.gov/genomes/all/GCF/000/377/025/GCF_000377025.1_ASM37702v1/GCF_000377025.1_ASM37702v1_genomic.gbff.gz,Salinispora pacifica CNY330 (high G+C Gram-positive bacteria),yes,"matched on strain label 'Salinispora pacifica CNY330', not an accession -- review",,yes,14268767,sequence_ok,promoted,isolate_scale,138,5498479
297c364c-b154-4edd-a7d5-68decf9effa2.4,2518645627,absent,Salinispora pacifica CNY331,,strain_name,GCF_000377045.1,https://ftp.ncbi.nlm.nih.gov/genomes/all/GCF/000/377/045/GCF_000377045.1_ASM37704v1/GCF_000377045.1_ASM37704v1_genomic.gbff.gz,Salinispora pacifica CNY331 (high G+C Gram-positive bacteria),yes,"matched on strain label 'Salinispora pacifica CNY331', not an accession -- review",,yes,15021078,sequence_ok,promoted,isolate_scale,170,5740370
297c364c-b154-4edd-a7d5-68decf9effa2.4,2519103185,absent,Salinispora arenicola CNS673,,strain_name,GCF_000373845.1,https://ftp.ncbi.nlm.nih.gov/genomes/all/GCF/000/373/845/GCF_000373845.1_ASM37384v1/GCF_000373845.1_ASM37384v1_genomic.gbff.gz,Salinispora arenicola CNS673 (high G+C Gram-positive bacteria),yes,"matched on strain label 'Salinispora arenicola CNS673', not an accession -- review",,yes,14746286,sequence_ok,promoted,isolate_scale,83,5875699
297c364c-b154-4edd-a7d5-68decf9effa2.4,2519103192,absent,Salinispora arenicola CNH877,,strain_name,GCF_000378645.1,https://ftp.ncbi.nlm.nih.gov/genomes/all/GCF/000/378/645/GCF_000378645.1_ASM37864v1/GCF_000378645.1_ASM37864v1_genomic.gbff.gz,Salinispora arenicola CNH877 (high G+C Gram-positive bacteria),yes,"matched on strain label 'Salinispora arenicola CNH877', not an accession -- review",,yes,14603220,sequence_ok,promoted,isolate_scale,93,5795920
297c364c-b154-4edd-a7d5-68decf9effa2.4,2519103193,absent,Salinispora arenicola CNH962,,strain_name,GCF_000378665.1,https://ftp.ncbi.nlm.nih.gov/genomes/all/GCF/000/378/665/GCF_000378665.1_ASM37866v1/GCF_000378665.1_ASM37866v1_genomic.gbff.gz,Salinispora arenicola CNH962 (high G+C Gram-positive bacteria),yes,"matched on strain label 'Salinispora arenicola CNH962', not an accession -- review",,yes,13764068,sequence_ok,promoted,isolate_scale,87,5434989
297c364c-b154-4edd-a7d5-68decf9effa2.4,2519103194,absent,Salinispora arenicola CNR107,,strain_name,GCF_000378685.1,https://ftp.ncbi.nlm.nih.gov/genomes/all/GCF/000/378/685/GCF_000378685.1_ASM37868v1/GCF_000378685.1_ASM37868v1_genomic.gbff.gz,Salinispora arenicola CNR107 (high G+C Gram-positive bacteria),yes,"matched on strain label 'Salinispora arenicola CNR107', not an accession -- review",,yes,14270746,sequence_ok,promoted,isolate_scale,48,5767406
297c364c-b154-4edd-a7d5-68decf9effa2.4,2519103195,absent,Salinispora arenicola CNY234,,strain_name,GCF_000380945.1,https://ftp.ncbi.nlm.nih.gov/genomes/all/GCF/000/380/945/GCF_000380945.1_ASM38094v1/GCF_000380945.1_ASM38094v1_genomic.gbff.gz,Salinispora arenicola CNY234 (high G+C Gram-positive bacteria),yes,"matched on strain label 'Salinispora arenicola CNY234', not an accession -- review",,yes,13844439,sequence_ok,promoted,isolate_scale,51,5569418
297c364c-b154-4edd-a7d5-68decf9effa2.4,2521172655,absent,Salinispora arenicola CNY282,,strain_name,GCF_000378705.1,https://ftp.ncbi.nlm.nih.gov/genomes/all/GCF/000/378/705/GCF_000378705.1_ASM37870v1/GCF_000378705.1_ASM37870v1_genomic.gbff.gz,Salinispora arenicola CNY282 (high G+C Gram-positive bacteria),yes,"matched on strain label 'Salinispora arenicola CNY282', not an accession -- review",,yes,14395896,sequence_ok,promoted,isolate_scale,67,5755139
297c364c-b154-4edd-a7d5-68decf9effa2.4,2524023246,absent,Salinispora arenicola CNH963,,strain_name,GCF_000424725.1,https://ftp.ncbi.nlm.nih.gov/genomes/all/GCF/000/424/725/GCF_000424725.1_ASM42472v1/GCF_000424725.1_ASM42472v1_genomic.gbff.gz,Salinispora arenicola CNH963 (high G+C Gram-positive bacteria),yes,"matched on strain label 'Salinispora arenicola CNH963', not an accession -- review",,yes,13680287,sequence_ok,promoted,isolate_scale,105,5440051
297c364c-b154-4edd-a7d5-68decf9effa2.4,2524614515,absent,Salinispora arenicola CNS243,,strain_name,GCF_000424885.1,https://ftp.ncbi.nlm.nih.gov/genomes/all/GCF/000/424/885/GCF_000424885.1_ASM42488v1/GCF_000424885.1_ASM42488v1_genomic.gbff.gz,Salinispora arenicola CNS243 (high G+C Gram-positive bacteria),yes,"matched on strain label 'Salinispora arenicola CNS243', not an accession -- review",,yes,14220694,sequence_ok,promoted,isolate_scale,70,5761551
297c364c-b154-4edd-a7d5-68decf9effa2.4,2524614529,absent,Salinispora arenicola CNS299,,strain_name,GCF_000424745.1,https://ftp.ncbi.nlm.nih.gov/genomes/all/GCF/000/424/745/GCF_000424745.1_ASM42474v1/GCF_000424745.1_ASM42474v1_genomic.gbff.gz,Salinispora arenicola CNS299 (high G+C Gram-positive bacteria),yes,"matched on strain label 'Salinispora arenicola CNS299', not an accession -- review",,yes,14194231,sequence_ok,promoted,isolate_scale,63,5746562
297c364c-b154-4edd-a7d5-68decf9effa2.4,2524614530,absent,Salinispora tropica CNT261,,strain_name,GCF_000424865.1,https://ftp.ncbi.nlm.nih.gov/genomes/all/GCF/000/424/865/GCF_000424865.1_ASM42486v1/GCF_000424865.1_ASM42486v1_genomic.gbff.gz,Salinispora tropica CNT261 (high G+C Gram-positive bacteria),yes,"matched on strain label 'Salinispora tropica CNT261', not an accession -- review",,yes,13917017,sequence_ok,promoted,isolate_scale,96,5510329
297c364c-b154-4edd-a7d5-68decf9effa2.4,2524614561,absent,Salinispora pacifica CNY239,,strain_name,GCF_000424925.1,https://ftp.ncbi.nlm.nih.gov/genomes/all/GCF/000/424/925/GCF_000424925.1_ASM42492v1/GCF_000424925.1_ASM42492v1_genomic.gbff.gz,Salinispora pacifica CNY239 (high G+C Gram-positive bacteria),yes,"matched on strain label 'Salinispora pacifica CNY239', not an accession -- review",,yes,13480823,sequence_ok,promoted,isolate_scale,88,5368602
297c364c-b154-4edd-a7d5-68decf9effa2.4,2524614807,absent,Salinispora pacifica CNS237|Salinispora pacifica CNT084|Salinispora pacifica CNT133|Salinispora pacifica CNT609|Salinispora pacifica CNY646,,strain_name,GCF_058448815.1,https://ftp.ncbi.nlm.nih.gov/genomes/all/GCF/058/448/815/GCF_058448815.1_ASM5844881v1/GCF_058448815.1_ASM5844881v1_genomic.gbff.gz,Salinispora mooreana (high G+C Gram-positive bacteria),no,"matched on strain label 'Salinispora pacifica CNS237', not an accession -- review || WRONG STRAIN: asked for 'CNS237', assembly is 'Salinispora mooreana' -- not promoted",,cached,13514769,sequence_ok,skipped_wrong_strain,isolate_scale,73,5210670
297c364c-b154-4edd-a7d5-68decf9effa2.4,2526164509,absent,Salinispora arenicola CNT799,,strain_name,GCF_000514035.1,https://ftp.ncbi.nlm.nih.gov/genomes/all/GCF/000/514/035/GCF_000514035.1_ASM51403v1/GCF_000514035.1_ASM51403v1_genomic.gbff.gz,Salinispora arenicola CNT799 (high G+C Gram-positive bacteria),yes,"matched on strain label 'Salinispora arenicola CNT799', not an accession -- review",,yes,13880958,sequence_ok,promoted,isolate_scale,58,5621489
297c364c-b154-4edd-a7d5-68decf9effa2.4,2526164712,absent,Salinispora tropica CNS416,,strain_name,GCF_000377085.1,https://ftp.ncbi.nlm.nih.gov/genomes/all/GCF/000/377/085/GCF_000377085.1_ASM37708v1/GCF_000377085.1_ASM37708v1_genomic.gbff.gz,Salinispora tropica CNS416 (high G+C Gram-positive bacteria),yes,"matched on strain label 'Salinispora tropica CNS416', not an accession -- review",,yes,13323544,sequence_ok,promoted,isolate_scale,95,5180643
297c364c-b154-4edd-a7d5-68decf9effa2.4,2526164782,absent,Streptomyces sp. CNP082,SAMN02745835,biosample,GCF_059570535.1,https://ftp.ncbi.nlm.nih.gov/genomes/all/GCF/059/570/535/GCF_059570535.1_ASM5957053v1/GCF_059570535.1_ASM5957053v1_genomic.gbff.gz,Streptomyces sp. CNP082 (high G+C Gram-positive bacteria),,,,yes,21521679,sequence_ok,promoted,isolate_scale,149,8447812
297c364c-b154-4edd-a7d5-68decf9effa2.4,2528311033,absent,Salinispora arenicola CNR425,,strain_name,GCF_000482565.1,https://ftp.ncbi.nlm.nih.gov/genomes/all/GCF/000/482/565/GCF_000482565.1_ASM48256v1/GCF_000482565.1_ASM48256v1_genomic.gbff.gz,Salinispora arenicola CNR425 (high G+C Gram-positive bacteria),yes,"matched on strain label 'Salinispora arenicola CNR425', not an accession -- review",,yes,14134992,sequence_ok,promoted,isolate_scale,70,5705881
297c364c-b154-4edd-a7d5-68decf9effa2.4,2528311034,absent,Salinispora pacifica CNY202,,strain_name,GCF_000484695.1,https://ftp.ncbi.nlm.nih.gov/genomes/all/GCF/000/484/695/GCF_000484695.1_ASM48469v1/GCF_000484695.1_ASM48469v1_genomic.gbff.gz,Salinispora cortesiana (high G+C Gram-positive bacteria),no,"matched on strain label 'Salinispora pacifica CNY202', not an accession -- review || WRONG STRAIN: asked for 'CNY202', assembly is 'Salinispora cortesiana' -- not promoted",,yes,13658140,sequence_ok,skipped_wrong_strain,isolate_scale,204,5183058
297c364c-b154-4edd-a7d5-68decf9effa2.4,2540341192,absent,Salinispora tropica CNY012,,strain_name,GCF_000620325.1,https://ftp.ncbi.nlm.nih.gov/genomes/all/GCF/000/620/325/GCF_000620325.1_ASM62032v1/GCF_000620325.1_ASM62032v1_genomic.gbff.gz,Salinispora tropica CNY012 (high G+C Gram-positive bacteria),yes,"matched on strain label 'Salinispora tropica CNY012', not an accession -- review",,yes,13860603,sequence_ok,promoted,isolate_scale,154,5369729
297c364c-b154-4edd-a7d5-68decf9effa2.4,2540341193,absent,Salinispora tropica CNT250,,strain_name,GCF_000620345.1,https://ftp.ncbi.nlm.nih.gov/genomes/all/GCF/000/620/345/GCF_000620345.1_ASM62034v1/GCF_000620345.1_ASM62034v1_genomic.gbff.gz,Salinispora tropica CNT250 (high G+C Gram-positive bacteria),yes,"matched on strain label 'Salinispora tropica CNT250', not an accession -- review",,yes,12928573,sequence_ok,promoted,isolate_scale,59,5170212
297c364c-b154-4edd-a7d5-68decf9effa2.4,2548876909,absent,Salinispora arenicola CNT088,,strain_name,GCF_059570735.1,https://ftp.ncbi.nlm.nih.gov/genomes/all/GCF/059/570/735/GCF_059570735.1_ASM5957073v1/GCF_059570735.1_ASM5957073v1_genomic.gbff.gz,Salinispora arenicola CNS820 (high G+C Gram-positive bacteria),no,"matched on strain label 'Salinispora arenicola CNT088', not an accession -- review || WRONG STRAIN: asked for 'CNT088', assembly is 'Salinispora arenicola CNS820' -- not promoted || CONFLICT: assembly also matched by 2516143022, 2565956528, 2814122978, 641228504, GCF_000018265.1, which names a different strain -- at most one is correct",2516143022|2565956528|2814122978|641228504|GCF_000018265.1,yes,14362184,sequence_ok,skipped_wrong_strain,isolate_scale,66,5606043
297c364c-b154-4edd-a7d5-68decf9effa2.4,2548876972,absent,Salinispora pacifica CNS143,,strain_name,GCF_059570745.1,https://ftp.ncbi.nlm.nih.gov/genomes/all/GCF/059/570/745/GCF_059570745.1_ASM5957074v1/GCF_059570745.1_ASM5957074v1_genomic.gbff.gz,Salinispora pacifica CNY498 (high G+C Gram-positive bacteria),no,"matched on strain label 'Salinispora pacifica CNS143', not an accession -- review || WRONG STRAIN: asked for 'CNS143', assembly is 'Salinispora pacifica CNY498' -- not promoted || CONFLICT: assembly also matched by 2516493032, 2516653042, 2517287019, 2517287023, 2517434008, 2517572194, 2563366539, which names a different strain -- at most one is correct",2516493032|2516653042|2517287019|2517287023|2517434008|2517572194|2563366539,yes,14113795,sequence_ok,skipped_wrong_strain,isolate_scale,74,5455855
297c364c-b154-4edd-a7d5-68decf9effa2.4,2558860985,absent,Streptomyces sp. CNX435,SAMN02745430,biosample,GCF_059570575.1,https://ftp.ncbi.nlm.nih.gov/genomes/all/GCF/059/570/575/GCF_059570575.1_ASM5957057v1/GCF_059570575.1_ASM5957057v1_genomic.gbff.gz,Streptomyces sp. CNX435 (high G+C Gram-positive bacteria),,,,yes,20541014,sequence_ok,promoted,isolate_scale,68,8151430
297c364c-b154-4edd-a7d5-68decf9effa2.4,2561511034,absent,Salinispora pacifica CNT403,,unresolved,,,,,no assembly found for Salinispora pacifica CNT403,,,,no_route,skipped_not_sequence,,,
297c364c-b154-4edd-a7d5-68decf9effa2.4,2561511036,absent,Salinispora pacifica CNS801,,strain_name,GCF_059569615.1,https://ftp.ncbi.nlm.nih.gov/genomes/all/GCF/059/569/615/GCF_059569615.1_ASM5956961v1/GCF_059569615.1_ASM5956961v1_genomic.gbff.gz,Salinispora vitiensis (high G+C Gram-positive bacteria),no,"matched on strain label 'Salinispora pacifica CNS801', not an accession -- review || WRONG STRAIN: asked for 'CNS801', assembly is 'Salinispora vitiensis' -- not promoted",,yes,12900178,sequence_ok,skipped_wrong_strain,isolate_scale,39,4969155
297c364c-b154-4edd-a7d5-68decf9effa2.4,2561511038,absent,Salinispora pacifica CNR909,,strain_name,GCF_059569695.1,https://ftp.ncbi.nlm.nih.gov/genomes/all/GCF/059/569/695/GCF_059569695.1_ASM5956969v1/GCF_059569695.1_ASM5956969v1_genomic.gbff.gz,Salinispora pacifica CNR909 (high G+C Gram-positive bacteria),yes,"matched on strain label 'Salinispora pacifica CNR909', not an accession -- review",,yes,14317818,sequence_ok,promoted,isolate_scale,112,5455852
297c364c-b154-4edd-a7d5-68decf9effa2.4,2561511039,absent,Salinispora arenicola CNQ884,,strain_name,GCF_059569595.1,https://ftp.ncbi.nlm.nih.gov/genomes/all/GCF/059/569/595/GCF_059569595.1_ASM5956959v1/GCF_059569595.1_ASM5956959v1_genomic.gbff.gz,Salinispora arenicola CNQ884 (high G+C Gram-positive bacteria),yes,"matched on strain label 'Salinispora arenicola CNQ884', not an accession -- review",,yes,15059870,sequence_ok,promoted,isolate_scale,106,5838486
297c364c-b154-4edd-a7d5-68decf9effa2.4,2561511103,absent,Salinispora arenicola CNY281,,unresolved,,,,,no assembly found for Salinispora arenicola CNY281,,,,no_route,skipped_not_sequence,,,
297c364c-b154-4edd-a7d5-68decf9effa2.4,2561511104,absent,Salinispora arenicola CNH996,,strain_name,GCF_000702345.1,https://ftp.ncbi.nlm.nih.gov/genomes/all/GCF/000/702/345/GCF_000702345.1_ASM70234v1/GCF_000702345.1_ASM70234v1_genomic.gbff.gz,Salinispora arenicola (high G+C Gram-positive bacteria),no,"matched on strain label 'Salinispora arenicola CNH996', not an accession -- review || WRONG STRAIN: asked for 'CNH996', assembly is 'Salinispora arenicola' -- not promoted",,yes,14887351,sequence_ok,skipped_wrong_strain,isolate_scale,151,5857846
297c364c-b154-4edd-a7d5-68decf9effa2.4,2561511105,absent,Salinispora arenicola CNH718,,strain_name,GCF_059569755.1,https://ftp.ncbi.nlm.nih.gov/genomes/all/GCF/059/569/755/GCF_059569755.1_ASM5956975v1/GCF_059569755.1_ASM5956975v1_genomic.gbff.gz,Salinispora arenicola CNH718 (high G+C Gram-positive bacteria),yes,"matched on strain label 'Salinispora arenicola CNH718', not an accession -- review",,yes,13870456,sequence_ok,promoted,isolate_scale,54,5449370
297c364c-b154-4edd-a7d5-68decf9effa2.4,2561511107,absent,Salinispora arenicola CNY486,,strain_name,GCF_059570075.1,https://ftp.ncbi.nlm.nih.gov/genomes/all/GCF/059/570/075/GCF_059570075.1_ASM5957007v1/GCF_059570075.1_ASM5957007v1_genomic.gbff.gz,Salinispora arenicola CNY486 (high G+C Gram-positive bacteria),yes,"matched on strain label 'Salinispora arenicola CNY486', not an accession -- review",,yes,14755798,sequence_ok,promoted,isolate_scale,113,5680170
297c364c-b154-4edd-a7d5-68decf9effa2.4,2561511108,absent,Salinispora tropica CNY681,,strain_name,GCF_059570555.1,https://ftp.ncbi.nlm.nih.gov/genomes/all/GCF/059/570/555/GCF_059570555.1_ASM5957055v1/GCF_059570555.1_ASM5957055v1_genomic.gbff.gz,Salinispora tropica CNY681 (high G+C Gram-positive bacteria),yes,"matched on strain label 'Salinispora tropica CNY681', not an accession -- review || CONFLICT: assembly also matched by 640427140, which names a different strain -- at most one is correct",640427140,yes,12929997,sequence_ok,promoted,isolate_scale,56,4996884
297c364c-b154-4edd-a7d5-68decf9effa2.4,2561511109,absent,Salinispora tropica CNY678,,strain_name,GCF_059570015.1,https://ftp.ncbi.nlm.nih.gov/genomes/all/GCF/059/570/015/GCF_059570015.1_ASM5957001v1/GCF_059570015.1_ASM5957001v1_genomic.gbff.gz,Salinispora tropica CNY678 (high G+C Gram-positive bacteria),yes,"matched on strain label 'Salinispora tropica CNY678', not an accession -- review",,yes,13295498,sequence_ok,promoted,isolate_scale,76,5107079
297c364c-b154-4edd-a7d5-68decf9effa2.4,2561511110,absent,Salinispora arenicola CNY244,,strain_name,GCF_059570155.1,https://ftp.ncbi.nlm.nih.gov/genomes/all/GCF/059/570/155/GCF_059570155.1_ASM5957015v1/GCF_059570155.1_ASM5957015v1_genomic.gbff.gz,Salinispora arenicola CNY244 (high G+C Gram-positive bacteria),yes,"matched on strain label 'Salinispora arenicola CNY244', not an accession -- review",,yes,13960150,sequence_ok,promoted,isolate_scale,41,5497013
297c364c-b154-4edd-a7d5-68decf9effa2.4,2561511111,absent,Salinispora arenicola CNY690,,strain_name,GCF_059570215.1,https://ftp.ncbi.nlm.nih.gov/genomes/all/GCF/059/570/215/GCF_059570215.1_ASM5957021v1/GCF_059570215.1_ASM5957021v1_genomic.gbff.gz,Salinispora arenicola CNY690 (high G+C Gram-positive bacteria),yes,"matched on strain label 'Salinispora arenicola CNY690', not an accession -- review",,yes,15494359,sequence_ok,promoted,isolate_scale,155,5877395
297c364c-b154-4edd-a7d5-68decf9effa2.4,2561511112,absent,Streptomyces sp. CNQ525,SAMN02841146,biosample,GCF_000701285.1,https://ftp.ncbi.nlm.nih.gov/genomes/all/GCF/000/701/285/GCF_000701285.1_ASM70128v1/GCF_000701285.1_ASM70128v1_genomic.gbff.gz,Streptomyces sp. CNQ-525 (high G+C Gram-positive bacteria),,,,yes,20971958,sequence_ok,promoted,isolate_scale,76,8645224
297c364c-b154-4edd-a7d5-68decf9effa2.4,2561511113,absent,Salinispora arenicola CNY679,,strain_name,GCF_059570135.1,https://ftp.ncbi.nlm.nih.gov/genomes/all/GCF/059/570/135/GCF_059570135.1_ASM5957013v1/GCF_059570135.1_ASM5957013v1_genomic.gbff.gz,Salinispora arenicola CNY679 (high G+C Gram-positive bacteria),yes,"matched on strain label 'Salinispora arenicola CNY679', not an accession -- review",,yes,14760006,sequence_ok,promoted,isolate_scale,76,5760922
297c364c-b154-4edd-a7d5-68decf9effa2.4,2561511114,absent,Salinispora arenicola CNY694,,strain_name,GCF_059570655.1,https://ftp.ncbi.nlm.nih.gov/genomes/all/GCF/059/570/655/GCF_059570655.1_ASM5957065v1/GCF_059570655.1_ASM5957065v1_genomic.gbff.gz,Salinispora arenicola CNY694 (high G+C Gram-positive bacteria),yes,"matched on strain label 'Salinispora arenicola CNY694', not an accession -- review",,yes,15016167,sequence_ok,promoted,isolate_scale,109,5792452
297c364c-b154-4edd-a7d5-68decf9effa2.4,2561511115,absent,Salinispora arenicola CNY230,,strain_name,GCF_059569915.1,https://ftp.ncbi.nlm.nih.gov/genomes/all/GCF/059/569/915/GCF_059569915.1_ASM5956991v1/GCF_059569915.1_ASM5956991v1_genomic.gbff.gz,Salinispora arenicola CNY230 (high G+C Gram-positive bacteria),yes,"matched on strain label 'Salinispora arenicola CNY230', not an accession -- review",,yes,15632540,sequence_ok,promoted,isolate_scale,95,6066259
297c364c-b154-4edd-a7d5-68decf9effa2.4,2563366517,absent,Salinispora pacifica CNY703,,unresolved,,,,,no assembly found for Salinispora pacifica CNY703,,,,no_route,skipped_not_sequence,,,
297c364c-b154-4edd-a7d5-68decf9effa2.4,2563366531,absent,Salinispora pacifica CNY646,,unresolved,,,,,no assembly found for Salinispora pacifica CNY646,,,,no_route,skipped_not_sequence,,,
297c364c-b154-4edd-a7d5-68decf9effa2.4,2563366532,absent,Salinispora pacifica CNY666,,strain_name,GCF_059570675.1,https://ftp.ncbi.nlm.nih.gov/genomes/all/GCF/059/570/675/GCF_059570675.1_ASM5957067v1/GCF_059570675.1_ASM5957067v1_genomic.gbff.gz,Salinispora goodfellowii (high G+C Gram-positive bacteria),no,"matched on strain label 'Salinispora pacifica CNY666', not an accession -- review || WRONG STRAIN: asked for 'CNY666', assembly is 'Salinispora goodfellowii' -- not promoted",,yes,14931056,sequence_ok,skipped_wrong_strain,isolate_scale,106,5726457
297c364c-b154-4edd-a7d5-68decf9effa2.4,2563366533,absent,Salinispora pacifica CNY673,,unresolved,,,,,no assembly found for Salinispora pacifica CNY673,,,,no_route,skipped_not_sequence,,,
297c364c-b154-4edd-a7d5-68decf9effa2.4,2563366534,absent,Salinispora pacifica CNY363,,strain_name,GCF_059569975.1,https://ftp.ncbi.nlm.nih.gov/genomes/all/GCF/059/569/975/GCF_059569975.1_ASM5956997v1/GCF_059569975.1_ASM5956997v1_genomic.gbff.gz,Salinispora pacifica CNY363 (high G+C Gram-positive bacteria),yes,"matched on strain label 'Salinispora pacifica CNY363', not an accession -- review",,yes,15662206,sequence_ok,promoted,isolate_scale,211,5879613
297c364c-b154-4edd-a7d5-68decf9effa2.4,2563366539,absent,Salinispora pacifica CNY498,,strain_name,GCF_059570745.1,https://ftp.ncbi.nlm.nih.gov/genomes/all/GCF/059/570/745/GCF_059570745.1_ASM5957074v1/GCF_059570745.1_ASM5957074v1_genomic.gbff.gz,Salinispora pacifica CNY498 (high G+C Gram-positive bacteria),yes,"matched on strain label 'Salinispora pacifica CNY498', not an accession -- review || CONFLICT: assembly also matched by 2516493032, 2516653042, 2517287019, 2517287023, 2517434008, 2517572194, 2548876972, which names a different strain -- at most one is correct",2516493032|2516653042|2517287019|2517287023|2517434008|2517572194|2548876972,yes,14113795,sequence_ok,promoted,isolate_scale,74,5455855
297c364c-b154-4edd-a7d5-68decf9effa2.4,2563366734,absent,Salinispora arenicola CNY685,,strain_name,GCF_059570035.1,https://ftp.ncbi.nlm.nih.gov/genomes/all/GCF/059/570/035/GCF_059570035.1_ASM5957003v1/GCF_059570035.1_ASM5957003v1_genomic.gbff.gz,Salinispora arenicola CNY685 (high G+C Gram-positive bacteria),yes,"matched on strain label 'Salinispora arenicola CNY685', not an accession -- review",,yes,16582791,sequence_ok,promoted,isolate_scale,192,6269423
297c364c-b154-4edd-a7d5-68decf9effa2.4,2565956527,absent,Salinispora arenicola CNS296,,strain_name,GCF_059570245.1,https://ftp.ncbi.nlm.nih.gov/genomes/all/GCF/059/570/245/GCF_059570245.1_ASM5957024v1/GCF_059570245.1_ASM5957024v1_genomic.gbff.gz,Salinispora arenicola CNS296 (high G+C Gram-positive bacteria),yes,"matched on strain label 'Salinispora arenicola CNS296', not an accession -- review",,yes,14713743,sequence_ok,promoted,isolate_scale,47,5797291
297c364c-b154-4edd-a7d5-68decf9effa2.4,2565956528,absent,Salinispora arenicola CNS820,,strain_name,GCF_059570735.1,https://ftp.ncbi.nlm.nih.gov/genomes/all/GCF/059/570/735/GCF_059570735.1_ASM5957073v1/GCF_059570735.1_ASM5957073v1_genomic.gbff.gz,Salinispora arenicola CNS820 (high G+C Gram-positive bacteria),yes,"matched on strain label 'Salinispora arenicola CNS820', not an accession -- review || CONFLICT: assembly also matched by 2516143022, 2548876909, 2814122978, 641228504, GCF_000018265.1, which names a different strain -- at most one is correct",2516143022|2548876909|2814122978|641228504|GCF_000018265.1,yes,14362184,sequence_ok,promoted,isolate_scale,66,5606043
297c364c-b154-4edd-a7d5-68decf9effa2.4,2571042006,absent,Salinispora pacifica CNH732,,strain_name,GCF_059570375.1,https://ftp.ncbi.nlm.nih.gov/genomes/all/GCF/059/570/375/GCF_059570375.1_ASM5957037v1/GCF_059570375.1_ASM5957037v1_genomic.gbff.gz,Salinispora pacifica CNH732 (high G+C Gram-positive bacteria),yes,"matched on strain label 'Salinispora pacifica CNH732', not an accession -- review",,yes,13426985,sequence_ok,promoted,isolate_scale,68,5188493
297c364c-b154-4edd-a7d5-68decf9effa2.4,2571042007,absent,Salinispora arenicola CNH713,,strain_name,GCF_059570275.1,https://ftp.ncbi.nlm.nih.gov/genomes/all/GCF/059/570/275/GCF_059570275.1_ASM5957027v1/GCF_059570275.1_ASM5957027v1_genomic.gbff.gz,Salinispora arenicola CNH713 (high G+C Gram-positive bacteria),yes,"matched on strain label 'Salinispora arenicola CNH713', not an accession -- review",,yes,13970517,sequence_ok,promoted,isolate_scale,43,5505299
297c364c-b154-4edd-a7d5-68decf9effa2.4,2571042008,absent,Salinispora pacifica CNR510,,strain_name,GCF_059570235.1,https://ftp.ncbi.nlm.nih.gov/genomes/all/GCF/059/570/235/GCF_059570235.1_ASM5957023v1/GCF_059570235.1_ASM5957023v1_genomic.gbff.gz,Salinispora pacifica CNR510 (high G+C Gram-positive bacteria),yes,"matched on strain label 'Salinispora pacifica CNR510', not an accession -- review",,yes,14924235,sequence_ok,promoted,isolate_scale,104,5715131
297c364c-b154-4edd-a7d5-68decf9effa2.4,2571042009,absent,Salinispora arenicola CNS325,,strain_name,GCF_059569875.1,https://ftp.ncbi.nlm.nih.gov/genomes/all/GCF/059/569/875/GCF_059569875.1_ASM5956987v1/GCF_059569875.1_ASM5956987v1_genomic.gbff.gz,Salinispora arenicola CNS325 (high G+C Gram-positive bacteria),yes,"matched on strain label 'Salinispora arenicola CNS325', not an accession -- review",,yes,14257590,sequence_ok,promoted,isolate_scale,59,5577349
297c364c-b154-4edd-a7d5-68decf9effa2.4,2571042016,absent,Salinispora arenicola CNS342,,strain_name,GCF_059570495.1,https://ftp.ncbi.nlm.nih.gov/genomes/all/GCF/059/570/495/GCF_059570495.1_ASM5957049v1/GCF_059570495.1_ASM5957049v1_genomic.gbff.gz,Salinispora arenicola CNS342 (high G+C Gram-positive bacteria),yes,"matched on strain label 'Salinispora arenicola CNS342', not an accession -- review",,yes,14316896,sequence_ok,promoted,isolate_scale,77,5586402
297c364c-b154-4edd-a7d5-68decf9effa2.4,2571042345,absent,Salinispora arenicola CNS848,,strain_name,GCF_059570315.1,https://ftp.ncbi.nlm.nih.gov/genomes/all/GCF/059/570/315/GCF_059570315.1_ASM5957031v1/GCF_059570315.1_ASM5957031v1_genomic.gbff.gz,Salinispora arenicola CNS848 (high G+C Gram-positive bacteria),yes,"matched on strain label 'Salinispora arenicola CNS848', not an accession -- review",,yes,15483723,sequence_ok,promoted,isolate_scale,84,6036042
297c364c-b154-4edd-a7d5-68decf9effa2.4,2814122978,absent,Salinispora arenicola CNH643|Salinispora arenicola CNH713|Salinispora arenicola CNH905|Salinispora arenicola CNH964|Salinispora arenicola CNS296|Salinispora arenicola CNS325|Salinispora arenicola CNS673|Salinispora arenicola CNS744|Salinispora arenicola CNS820|Salinispora arenicola CNS991|Salinispora arenicola CNT798|Salinispora arenicola CNT799|Salinispora arenicola CNT850|Salinispora arenicola CNY231|Salinispora arenicola CNY260|Salinispora arenicola CNY486|Salinispora arenicola CNY679|Salinispora arenicola CNY685|Salinispora pacifica CNS996|Salinispora tropica CNB440,,strain_name,GCF_059570735.1,https://ftp.ncbi.nlm.nih.gov/genomes/all/GCF/059/570/735/GCF_059570735.1_ASM5957073v1/GCF_059570735.1_ASM5957073v1_genomic.gbff.gz,Salinispora arenicola CNS820 (high G+C Gram-positive bacteria),no,"matched on strain label 'Salinispora arenicola CNH643', not an accession -- review || WRONG STRAIN: asked for 'CNH643', assembly is 'Salinispora arenicola CNS820' -- not promoted || CONFLICT: assembly also matched by 2516143022, 2548876909, 2565956528, 641228504, GCF_000018265.1, which names a different strain -- at most one is correct",2516143022|2548876909|2565956528|641228504|GCF_000018265.1,cached,14362184,sequence_ok,skipped_wrong_strain,isolate_scale,66,5606043
297c364c-b154-4edd-a7d5-68decf9effa2.4,2816332174,absent,Streptomyces albus,SAMN12024760,strain_name,GCF_050367005.1,https://ftp.ncbi.nlm.nih.gov/genomes/all/GCF/050/367/005/GCF_050367005.1_SALCHL_v1/GCF_050367005.1_SALCHL_v1_genomic.gbff.gz,Streptomyces albus subsp. chlorinus (high G+C Gram-positive bacteria),yes,SAMN12024760[BioSample] found nothing; matched on strain label 'Streptomyces albus' instead -- review,,yes,18712604,sequence_ok,promoted,isolate_scale,2,7611379
297c364c-b154-4edd-a7d5-68decf9effa2.4,640427140,absent,Salinispora tropica CNB440,,strain_name,GCF_059570555.1,https://ftp.ncbi.nlm.nih.gov/genomes/all/GCF/059/570/555/GCF_059570555.1_ASM5957055v1/GCF_059570555.1_ASM5957055v1_genomic.gbff.gz,Salinispora tropica CNY681 (high G+C Gram-positive bacteria),no,"matched on strain label 'Salinispora tropica CNB440', not an accession -- review || WRONG STRAIN: asked for 'CNB440', assembly is 'Salinispora tropica CNY681' -- not promoted || CONFLICT: assembly also matched by 2561511108, which names a different strain -- at most one is correct",2561511108,yes,12929997,sequence_ok,skipped_wrong_strain,isolate_scale,56,4996884
297c364c-b154-4edd-a7d5-68decf9effa2.4,641228504,absent,Salinispora arenicola CNS205,,strain_name,GCF_059570735.1,https://ftp.ncbi.nlm.nih.gov/genomes/all/GCF/059/570/735/GCF_059570735.1_ASM5957073v1/GCF_059570735.1_ASM5957073v1_genomic.gbff.gz,Salinispora arenicola CNS820 (high G+C Gram-positive bacteria),no,"matched on strain label 'Salinispora arenicola CNS205', not an accession -- review || WRONG STRAIN: asked for 'CNS205', assembly is 'Salinispora arenicola CNS820' -- not promoted || CONFLICT: assembly also matched by 2516143022, 2548876909, 2565956528, 2814122978, which names a different strain -- at most one is correct",2516143022|2548876909|2565956528|2814122978,cached,14362184,sequence_ok,skipped_wrong_strain,isolate_scale,66,5606043
297c364c-b154-4edd-a7d5-68decf9effa2.4,GCA_000156435.1,absent,Streptomyces ghanaensis,SAMN02595233,assembly_accession,GCF_000156435.1,https://ftp.ncbi.nlm.nih.gov/genomes/all/GCF/000/156/435/GCF_000156435.1_ASM15643v1/GCF_000156435.1_ASM15643v1_genomic.gbff.gz,Streptomyces viridosporus ATCC 14672 (high G+C Gram-positive bacteria),,,,yes,21156511,sequence_ok,promoted,isolate_scale,3,8511919
297c364c-b154-4edd-a7d5-68decf9effa2.4,GCA_000156695.2,absent,Streptomyces roseosporus,SAMN02595236,assembly_accession,GCF_000156695.2,https://ftp.ncbi.nlm.nih.gov/genomes/all/GCF/000/156/695/GCF_000156695.2_ASM15669v2/GCF_000156695.2_ASM15669v2_genomic.gbff.gz,Streptomyces filamentosus NRRL 11379 (high G+C Gram-positive bacteria),,,,yes,20286975,sequence_ok,promoted,isolate_scale,1,7851943
297c364c-b154-4edd-a7d5-68decf9effa2.4,GCA_000158915.1,absent,Streptomyces hygroscopicus,SAMN02595299,assembly_accession,GCF_000158915.1,https://ftp.ncbi.nlm.nih.gov/genomes/all/GCF/000/158/915/GCF_000158915.1_ASM15891v1/GCF_000158915.1_ASM15891v1_genomic.gbff.gz,Streptomyces himastatinicus ATCC 53653 (high G+C Gram-positive bacteria),,,,yes,26943284,sequence_ok,promoted,isolate_scale,2,11030030
297c364c-b154-4edd-a7d5-68decf9effa2.4,GCA_000213055.1,absent,Streptomyces sp. Tu6071,SAMN02470040,assembly_accession,GCF_000213055.1,https://ftp.ncbi.nlm.nih.gov/genomes/all/GCF/000/213/055/GCF_000213055.1_ASM21305v1/GCF_000213055.1_ASM21305v1_genomic.gbff.gz,Streptomyces sp. Tu6071 (high G+C Gram-positive bacteria),,,,yes,18347441,sequence_ok,promoted,isolate_scale,2,7506727
297c364c-b154-4edd-a7d5-68decf9effa2.4,GCA_000240165.1,absent,Streptomyces cattleya,SAMN02603879,assembly_accession,GCF_000240165.1,https://ftp.ncbi.nlm.nih.gov/genomes/all/GCF/000/240/165/GCF_000240165.1_ASM24016v1/GCF_000240165.1_ASM24016v1_genomic.gbff.gz,Streptantibioticus cattleyicolor NRRL 8057 = DSM 46488 (high G+C Gram-positive bacteria),,,,yes,20197714,sequence_ok,promoted,isolate_scale,2,8095515
297c364c-b154-4edd-a7d5-68decf9effa2.4,GCA_000377125.1,absent,Streptomyces sp. CNS335,SAMN02440454,assembly_accession,GCF_000377125.1,https://ftp.ncbi.nlm.nih.gov/genomes/all/GCF/000/377/125/GCF_000377125.1_ASM37712v1/GCF_000377125.1_ASM37712v1_genomic.gbff.gz,Streptomyces sp. CNS335 (high G+C Gram-positive bacteria),,,,yes,21191123,sequence_ok,promoted,isolate_scale,93,8591972
297c364c-b154-4edd-a7d5-68decf9effa2.4,GCA_000377145.1,absent,Streptomyces sp. CNT372,SAMN02441678,assembly_accession,GCF_000377145.1,https://ftp.ncbi.nlm.nih.gov/genomes/all/GCF/000/377/145/GCF_000377145.1_ASM37714v1/GCF_000377145.1_ASM37714v1_genomic.gbff.gz,Streptomyces sp. CNT372 (high G+C Gram-positive bacteria),,,,yes,15751782,sequence_ok,promoted,isolate_scale,40,6456450
297c364c-b154-4edd-a7d5-68decf9effa2.4,GCA_000377165.1,absent,Streptomyces sp. CNY243,SAMN02441361,assembly_accession,GCF_000377165.1,https://ftp.ncbi.nlm.nih.gov/genomes/all/GCF/000/377/165/GCF_000377165.1_ASM37716v1/GCF_000377165.1_ASM37716v1_genomic.gbff.gz,Streptomyces sp. CNY243 (high G+C Gram-positive bacteria),,,,yes,20715159,sequence_ok,promoted,isolate_scale,63,8481985
297c364c-b154-4edd-a7d5-68decf9effa2.4,GCA_000377525.1,absent,Streptomyces sp. CNT302,SAMN02194422,assembly_accession,GCF_000377525.1,https://ftp.ncbi.nlm.nih.gov/genomes/all/GCF/000/377/525/GCF_000377525.1_ASM37752v1/GCF_000377525.1_ASM37752v1_genomic.gbff.gz,Streptomyces sp. CNT302 (high G+C Gram-positive bacteria),,,,cached,17397450,sequence_ok,promoted,isolate_scale,55,7174271
297c364c-b154-4edd-a7d5-68decf9effa2.4,GCA_000377545.1,absent,Streptomyces sp. CNY228,SAMN02441350,assembly_accession,GCF_000377545.1,https://ftp.ncbi.nlm.nih.gov/genomes/all/GCF/000/377/545/GCF_000377545.1_ASM37754v1/GCF_000377545.1_ASM37754v1_genomic.gbff.gz,Streptomyces sp. CNY228 (high G+C Gram-positive bacteria),,,,yes,17067230,sequence_ok,promoted,isolate_scale,49,6959154
297c364c-b154-4edd-a7d5-68decf9effa2.4,GCA_000412265.2,absent,Streptomyces sp.MG1,SAMN02471086,assembly_accession,GCF_000412265.2,https://ftp.ncbi.nlm.nih.gov/genomes/all/GCF/000/412/265/GCF_000412265.2_ASM41226v2/GCF_000412265.2_ASM41226v2_genomic.gbff.gz,Streptomyces sp. Mg1 (high G+C Gram-positive bacteria),,,,yes,21623091,sequence_ok,promoted,isolate_scale,4,8716193
297c364c-b154-4edd-a7d5-68decf9effa2.4,GCA_000415505.1,absent,Streptomyces afghanensis,SAMN01893930,assembly_accession,GCF_000415505.1,https://ftp.ncbi.nlm.nih.gov/genomes/all/GCF/000/415/505/GCF_000415505.1_STAFG/GCF_000415505.1_STAFG_genomic.gbff.gz,Streptomyces afghaniensis 772 (high G+C Gram-positive bacteria),,,,yes,32612364,sequence_ok,promoted,isolate_scale,1726,9848774
297c364c-b154-4edd-a7d5-68decf9effa2.4,GCA_000424785.1,absent,Streptomyces sp. CNT360,SAMN02440677,assembly_accession,GCF_000424785.1,https://ftp.ncbi.nlm.nih.gov/genomes/all/GCF/000/424/785/GCF_000424785.1_ASM42478v1/GCF_000424785.1_ASM42478v1_genomic.gbff.gz,Streptomyces sp. CNT360 (high G+C Gram-positive bacteria),,,,yes,18558424,sequence_ok,promoted,isolate_scale,41,7720660
297c364c-b154-4edd-a7d5-68decf9effa2.4,GCA_000424805.1,absent,Streptomyces sp. CNQ865,SAMN02195009,assembly_accession,GCF_000424805.1,https://ftp.ncbi.nlm.nih.gov/genomes/all/GCF/000/424/805/GCF_000424805.1_ASM42480v1/GCF_000424805.1_ASM42480v1_genomic.gbff.gz,Streptomyces sp. CNQ865 (high G+C Gram-positive bacteria),,,,yes,21106351,sequence_ok,promoted,isolate_scale,101,8612798
297c364c-b154-4edd-a7d5-68decf9effa2.4,GCA_000424825.1,absent,Streptomyces sp. CNH287,SAMN02441484,assembly_accession,GCF_000424825.1,https://ftp.ncbi.nlm.nih.gov/genomes/all/GCF/000/424/825/GCF_000424825.1_ASM42482v1/GCF_000424825.1_ASM42482v1_genomic.gbff.gz,Streptomyces sp. CNH287 (high G+C Gram-positive bacteria),,,,yes,16727913,sequence_ok,promoted,isolate_scale,48,6788521
297c364c-b154-4edd-a7d5-68decf9effa2.4,GCA_000424845.1,absent,Streptomyces sp. TAA040,SAMN02440678,assembly_accession,GCF_000424845.1,https://ftp.ncbi.nlm.nih.gov/genomes/all/GCF/000/424/845/GCF_000424845.1_ASM42484v1/GCF_000424845.1_ASM42484v1_genomic.gbff.gz,Streptomyces sp. TAA040 (high G+C Gram-positive bacteria),,,,yes,13112253,sequence_ok,promoted,isolate_scale,74,5311812
297c364c-b154-4edd-a7d5-68decf9effa2.4,GCA_000424965.1,absent,Streptomyces sp. TAA204,SAMN02441152,assembly_accession,GCF_000424965.1,https://ftp.ncbi.nlm.nih.gov/genomes/all/GCF/000/424/965/GCF_000424965.1_ASM42496v1/GCF_000424965.1_ASM42496v1_genomic.gbff.gz,Streptomyces sp. TAA204 (high G+C Gram-positive bacteria),,,,yes,15811533,sequence_ok,promoted,isolate_scale,39,6582155
297c364c-b154-4edd-a7d5-68decf9effa2.4,GCA_000426165.1,absent,Streptomyces sp. TAA486,SAMN02440637,assembly_accession,GCF_000426165.1,https://ftp.ncbi.nlm.nih.gov/genomes/all/GCF/000/426/165/GCF_000426165.1_ASM42616v1/GCF_000426165.1_ASM42616v1_genomic.gbff.gz,Streptomyces sp. TAA486 (high G+C Gram-positive bacteria),,,,yes,17086172,sequence_ok,promoted,isolate_scale,36,7069448
297c364c-b154-4edd-a7d5-68decf9effa2.4,GCA_000426325.1,absent,Streptomyces sp. CNS606,SAMN02441534,assembly_accession,GCF_000426325.1,https://ftp.ncbi.nlm.nih.gov/genomes/all/GCF/000/426/325/GCF_000426325.1_ASM42632v1/GCF_000426325.1_ASM42632v1_genomic.gbff.gz,Streptomyces sp. CNS606 (high G+C Gram-positive bacteria),,,,yes,14587132,sequence_ok,promoted,isolate_scale,67,5932917
297c364c-b154-4edd-a7d5-68decf9effa2.4,GCA_000482585.1,absent,Streptomyces sp. CNQ329,SAMN02441102,assembly_accession,GCF_000482585.1,https://ftp.ncbi.nlm.nih.gov/genomes/all/GCF/000/482/585/GCF_000482585.1_ASM48258v1/GCF_000482585.1_ASM48258v1_genomic.gbff.gz,Streptomyces sp. CNQ329 (high G+C Gram-positive bacteria),,,,yes,17888328,sequence_ok,promoted,isolate_scale,151,7185226
297c364c-b154-4edd-a7d5-68decf9effa2.4,GCA_000514715.1,absent,Streptomyces sp. CNH099,SAMN02597242,assembly_accession,GCF_000514715.1,https://ftp.ncbi.nlm.nih.gov/genomes/all/GCF/000/514/715/GCF_000514715.1_ASM51471v1/GCF_000514715.1_ASM51471v1_genomic.gbff.gz,Streptomyces sp. CNH099 (high G+C Gram-positive bacteria),,,,yes,18711607,sequence_ok,promoted,isolate_scale,99,8138922
297c364c-b154-4edd-a7d5-68decf9effa2.4,GCA_000514995.1,absent,Streptomyces sp. CNT371,SAMN02597256,assembly_accession,GCF_000514995.1,https://ftp.ncbi.nlm.nih.gov/genomes/all/GCF/000/514/995/GCF_000514995.1_ASM51499v1/GCF_000514995.1_ASM51499v1_genomic.gbff.gz,Streptomyces sp. CNT371 (high G+C Gram-positive bacteria),,,,yes,21034781,sequence_ok,promoted,isolate_scale,88,8597758
297c364c-b154-4edd-a7d5-68decf9effa2.4,GCA_000515055.1,absent,Streptomyces sp. CNR698,SAMN02597259,assembly_accession,GCF_000515055.1,https://ftp.ncbi.nlm.nih.gov/genomes/all/GCF/000/515/055/GCF_000515055.1_ASM51505v1/GCF_000515055.1_ASM51505v1_genomic.gbff.gz,Streptomyces sp. CNR698 (high G+C Gram-positive bacteria),,,,yes,18054637,sequence_ok,promoted,isolate_scale,72,7496553
297c364c-b154-4edd-a7d5-68decf9effa2.4,GCA_000527195.1,absent,Streptomyces sp. CNH189,SAMN02597197,assembly_accession,GCF_000527195.1,https://ftp.ncbi.nlm.nih.gov/genomes/all/GCF/000/527/195/GCF_000527195.1_ASM52719v1/GCF_000527195.1_ASM52719v1_genomic.gbff.gz,Streptomyces sp. CNH189 (high G+C Gram-positive bacteria),,,,yes,18086989,sequence_ok,promoted,isolate_scale,61,7327324
297c364c-b154-4edd-a7d5-68decf9effa2.4,GCA_000739105.1,absent,Streptomyces lividans,SAMN02947304,assembly_accession,GCF_000739105.1,https://ftp.ncbi.nlm.nih.gov/genomes/all/GCF/000/739/105/GCF_000739105.1_ASM73910v1/GCF_000739105.1_ASM73910v1_genomic.gbff.gz,Streptomyces lividans TK24 (high G+C Gram-positive bacteria),,,,yes,20951197,sequence_ok,promoted,isolate_scale,1,8345283
297c364c-b154-4edd-a7d5-68decf9effa2.4,GCA_003610995.1,absent,Streptomyces griseus,SAMN10130993,assembly_accession,GCF_003610995.1,https://ftp.ncbi.nlm.nih.gov/genomes/all/GCF/003/610/995/GCF_003610995.1_ASM361099v1/GCF_003610995.1_ASM361099v1_genomic.gbff.gz,Streptomyces griseus subsp. griseus (high G+C Gram-positive bacteria),,,,yes,17238223,sequence_ok,promoted,isolate_scale,1,7238194
297c364c-b154-4edd-a7d5-68decf9effa2.4,GCF_000203835.1,absent,Streptomyces coelicolor,SAMEA1705940,assembly_accession,GCF_000203835.1,https://ftp.ncbi.nlm.nih.gov/genomes/all/GCF/000/203/835/GCF_000203835.1_ASM20383v1/GCF_000203835.1_ASM20383v1_genomic.gbff.gz,Streptomyces coelicolor A3(2) (high G+C Gram-positive bacteria),,,,yes,22692374,sequence_ok,promoted,isolate_scale,3,9054847
472fea93-f603-40cc-beb1-ec2dbb24fb10.2,NZ_AHCD00000000.2,absent,Pseudoalteromonas rubra,SAMN02470921,strain_name,GCF_000238295.3,https://ftp.ncbi.nlm.nih.gov/genomes/all/GCF/000/238/295/GCF_000238295.3_ASM23829v4/GCF_000238295.3_ASM23829v4_genomic.gbff.gz,Pseudoalteromonas rubra (g-proteobacteria),yes,SAMN02470921[BioSample] found nothing; matched on strain label 'Pseudoalteromonas rubra' instead -- review,,yes,15762852,sequence_ok,promoted,isolate_scale,44,6143755
472fea93-f603-40cc-beb1-ec2dbb24fb10.2,NZ_NBOC00000000.1,absent,Colwellia chukchiensis,SAMN06626651,biosample,GCF_002104455.1,https://ftp.ncbi.nlm.nih.gov/genomes/all/GCF/002/104/455/GCF_002104455.1_ASM210445v1/GCF_002104455.1_ASM210445v1_genomic.gbff.gz,Colwellia chukchiensis (g-proteobacteria),,,,yes,9967639,sequence_ok,promoted,isolate_scale,44,4035170
4b29ddc3-26d0-40d7-80c5-44fb6631dbf9.4,GCF_000018265.1,absent,Salinispora arenicola CNS205,,strain_name,GCF_059570735.1,https://ftp.ncbi.nlm.nih.gov/genomes/all/GCF/059/570/735/GCF_059570735.1_ASM5957073v1/GCF_059570735.1_ASM5957073v1_genomic.gbff.gz,Salinispora arenicola CNS820 (high G+C Gram-positive bacteria),no,"GCF_000018265.1 found nothing; matched on strain label 'Salinispora arenicola CNS205' instead -- review || WRONG STRAIN: asked for 'CNS205', assembly is 'Salinispora arenicola CNS820' -- not promoted || CONFLICT: assembly also matched by 2516143022, 2548876909, 2565956528, 2814122978, which names a different strain -- at most one is correct",2516143022|2548876909|2565956528|2814122978,yes,14362184,sequence_ok,skipped_wrong_strain,isolate_scale,66,5606043
4b29ddc3-26d0-40d7-80c5-44fb6631dbf9.4,GCF_000373825.1,absent,Salinispora arenicola CNT849,,assembly_accession,GCF_000373825.1,https://ftp.ncbi.nlm.nih.gov/genomes/all/GCF/000/373/825/GCF_000373825.1_ASM37382v1/GCF_000373825.1_ASM37382v1_genomic.gbff.gz,Salinispora arenicola CNT849 (high G+C Gram-positive bacteria),,,,yes,14182195,sequence_ok,promoted,isolate_scale,51,5720436
4b29ddc3-26d0-40d7-80c5-44fb6631dbf9.4,GCF_000374665.1,absent,Salinispora pacifica CNR942,,assembly_accession,GCF_000374665.1,https://ftp.ncbi.nlm.nih.gov/genomes/all/GCF/000/374/665/GCF_000374665.1_ASM37466v1/GCF_000374665.1_ASM37466v1_genomic.gbff.gz,Salinispora fenicalii (high G+C Gram-positive bacteria),,"|| CONFLICT: assembly also matched by 2515154124, which names a different strain -- at most one is correct",2515154124,yes,13704144,sequence_ok,promoted,isolate_scale,52,5473304
4b29ddc3-26d0-40d7-80c5-44fb6631dbf9.4,GCF_000374685.1,absent,Salinispora pacifica CNS055,,assembly_accession,GCF_000374685.1,https://ftp.ncbi.nlm.nih.gov/genomes/all/GCF/000/374/685/GCF_000374685.1_ASM37468v1/GCF_000374685.1_ASM37468v1_genomic.gbff.gz,Salinispora pacifica CNS055 (high G+C Gram-positive bacteria),,,,yes,13256251,sequence_ok,promoted,isolate_scale,62,5263298
4b29ddc3-26d0-40d7-80c5-44fb6631dbf9.4,GCF_000374725.1,absent,Salinispora pacifica CNS863,,assembly_accession,GCF_000374725.1,https://ftp.ncbi.nlm.nih.gov/genomes/all/GCF/000/374/725/GCF_000374725.1_ASM37472v1/GCF_000374725.1_ASM37472v1_genomic.gbff.gz,Salinispora pacifica DSM 45543 = CNS-863 (high G+C Gram-positive bacteria),,,,yes,13780734,sequence_ok,promoted,isolate_scale,70,5438612
4b29ddc3-26d0-40d7-80c5-44fb6631dbf9.4,GCF_000375025.1,absent,Salinispora arenicola CNP193,,assembly_accession,GCF_000375025.1,https://ftp.ncbi.nlm.nih.gov/genomes/all/GCF/000/375/025/GCF_000375025.1_ASM37502v1/GCF_000375025.1_ASM37502v1_genomic.gbff.gz,Salinispora arenicola CNP193 (high G+C Gram-positive bacteria),,,,yes,14519305,sequence_ok,promoted,isolate_scale,79,5766351
4b29ddc3-26d0-40d7-80c5-44fb6631dbf9.4,GCF_000375285.1,absent,Salinispora pacifica CNT851,,assembly_accession,GCF_000375285.1,https://ftp.ncbi.nlm.nih.gov/genomes/all/GCF/000/375/285/GCF_000375285.1_ASM37528v1/GCF_000375285.1_ASM37528v1_genomic.gbff.gz,Salinispora pacifica CNT851 (high G+C Gram-positive bacteria),,,,yes,13527014,sequence_ok,promoted,isolate_scale,100,5263032
4b29ddc3-26d0-40d7-80c5-44fb6631dbf9.4,GCF_000377025.1,absent,Salinispora pacifica CNY330,,assembly_accession,GCF_000377025.1,https://ftp.ncbi.nlm.nih.gov/genomes/all/GCF/000/377/025/GCF_000377025.1_ASM37702v1/GCF_000377025.1_ASM37702v1_genomic.gbff.gz,Salinispora pacifica CNY330 (high G+C Gram-positive bacteria),,,,yes,14268767,sequence_ok,promoted,isolate_scale,138,5498479
4b29ddc3-26d0-40d7-80c5-44fb6631dbf9.4,GCF_000424905.1,absent,Salinispora pacifica CNS237,,assembly_accession,GCF_000424905.1,https://ftp.ncbi.nlm.nih.gov/genomes/all/GCF/000/424/905/GCF_000424905.1_ASM42490v1/GCF_000424905.1_ASM42490v1_genomic.gbff.gz,Salinispora mooreana (high G+C Gram-positive bacteria),,,,yes,13055978,sequence_ok,promoted,isolate_scale,67,5243134
4b29ddc3-26d0-40d7-80c5-44fb6631dbf9.4,GCF_000484695.1,absent,Salinispora pacifica CNY202,,assembly_accession,GCF_000484695.1,https://ftp.ncbi.nlm.nih.gov/genomes/all/GCF/000/484/695/GCF_000484695.1_ASM48469v1/GCF_000484695.1_ASM48469v1_genomic.gbff.gz,Salinispora cortesiana (high G+C Gram-positive bacteria),,,,yes,13658140,sequence_ok,promoted,isolate_scale,204,5183058
4b29ddc3-26d0-40d7-80c5-44fb6631dbf9.4,GCF_000514435.1,absent,Salinispora pacifica CNT150,,assembly_accession,GCF_000514435.1,https://ftp.ncbi.nlm.nih.gov/genomes/all/GCF/000/514/435/GCF_000514435.1_ASM51443v1/GCF_000514435.1_ASM51443v1_genomic.gbff.gz,Salinispora mooreana (high G+C Gram-positive bacteria),,,,yes,13126860,sequence_ok,promoted,isolate_scale,160,5038539
4b29ddc3-26d0-40d7-80c5-44fb6631dbf9.4,GCF_000514455.1,absent,Salinispora pacifica CNT138,,assembly_accession,GCF_000514455.1,https://ftp.ncbi.nlm.nih.gov/genomes/all/GCF/000/514/455/GCF_000514455.1_ASM51445v1/GCF_000514455.1_ASM51445v1_genomic.gbff.gz,Salinispora oceanensis (high G+C Gram-positive bacteria),,,,yes,13415741,sequence_ok,promoted,isolate_scale,51,5408810
4b29ddc3-26d0-40d7-80c5-44fb6631dbf9.4,GCF_000514515.1,absent,Salinispora pacifica CNT029,,assembly_accession,GCF_000514515.1,https://ftp.ncbi.nlm.nih.gov/genomes/all/GCF/000/514/515/GCF_000514515.1_ASM51451v1/GCF_000514515.1_ASM51451v1_genomic.gbff.gz,Salinispora oceanensis (high G+C Gram-positive bacteria),,,,yes,13025061,sequence_ok,promoted,isolate_scale,37,5236748
4b29ddc3-26d0-40d7-80c5-44fb6631dbf9.4,GCF_000514575.1,absent,Salinispora pacifica CNT003,,unresolved,,,,,no assembly found for GCF_000514575.1,,,,no_route,skipped_not_sequence,,,
4b29ddc3-26d0-40d7-80c5-44fb6631dbf9.4,GCF_000514675.1,absent,Salinispora pacifica CNT148,,assembly_accession,GCF_000514675.1,https://ftp.ncbi.nlm.nih.gov/genomes/all/GCF/000/514/675/GCF_000514675.1_ASM51467v1/GCF_000514675.1_ASM51467v1_genomic.gbff.gz,Salinispora vitiensis (high G+C Gram-positive bacteria),,,,yes,12747807,sequence_ok,promoted,isolate_scale,57,5061188
4b29ddc3-26d0-40d7-80c5-44fb6631dbf9.4,GCF_000514695.1,absent,Salinispora tropica CNS197,,assembly_accession,GCF_000514695.1,https://ftp.ncbi.nlm.nih.gov/genomes/all/GCF/000/514/695/GCF_000514695.1_ASM51469v1/GCF_000514695.1_ASM51469v1_genomic.gbff.gz,Salinispora tropica CNS197 (high G+C Gram-positive bacteria),,,,yes,13188940,sequence_ok,promoted,isolate_scale,75,5236719
4b29ddc3-26d0-40d7-80c5-44fb6631dbf9.4,GCF_000514755.1,absent,Salinispora pacifica CNR894,,assembly_accession,GCF_000514755.1,https://ftp.ncbi.nlm.nih.gov/genomes/all/GCF/000/514/755/GCF_000514755.1_ASM51475v1/GCF_000514755.1_ASM51475v1_genomic.gbff.gz,Salinispora pacifica CNR894 (high G+C Gram-positive bacteria),,,,yes,14016345,sequence_ok,promoted,isolate_scale,115,5518023
4b29ddc3-26d0-40d7-80c5-44fb6631dbf9.4,GCF_000514775.1,absent,Salinispora pacifica CNR114,,assembly_accession,GCF_000514775.1,https://ftp.ncbi.nlm.nih.gov/genomes/all/GCF/000/514/775/GCF_000514775.1_ASM51477v1/GCF_000514775.1_ASM51477v1_genomic.gbff.gz,Salinispora pacifica CNR114 (high G+C Gram-positive bacteria),,,,yes,14798951,sequence_ok,promoted,isolate_scale,99,5866896
4b29ddc3-26d0-40d7-80c5-44fb6631dbf9.4,GCF_000514855.1,absent,Salinispora pacifica CNT855,,assembly_accession,GCF_000514855.1,https://ftp.ncbi.nlm.nih.gov/genomes/all/GCF/000/514/855/GCF_000514855.1_ASM51485v1/GCF_000514855.1_ASM51485v1_genomic.gbff.gz,Salinispora pacifica CNT855 (high G+C Gram-positive bacteria),,,,yes,13140695,sequence_ok,promoted,isolate_scale,85,5208629
4b29ddc3-26d0-40d7-80c5-44fb6631dbf9.4,GCF_000514875.1,absent,Salinispora arenicola CNX508,,assembly_accession,GCF_000514875.1,https://ftp.ncbi.nlm.nih.gov/genomes/all/GCF/000/514/875/GCF_000514875.1_ASM51487v1/GCF_000514875.1_ASM51487v1_genomic.gbff.gz,Salinispora arenicola CNX508 (high G+C Gram-positive bacteria),,,,yes,14095677,sequence_ok,promoted,isolate_scale,96,5632853
4b29ddc3-26d0-40d7-80c5-44fb6631dbf9.4,GCF_000514895.1,absent,Salinispora arenicola CNT005,,assembly_accession,GCF_000514895.1,https://ftp.ncbi.nlm.nih.gov/genomes/all/GCF/000/514/895/GCF_000514895.1_ASM51489v1/GCF_000514895.1_ASM51489v1_genomic.gbff.gz,Salinispora arenicola CNT005 (high G+C Gram-positive bacteria),,,,yes,14261374,sequence_ok,promoted,isolate_scale,67,5769669
4b29ddc3-26d0-40d7-80c5-44fb6631dbf9.4,GCF_000514975.1,absent,Salinispora arenicola CNQ748,,unresolved,,,,,no assembly found for GCF_000514975.1,,,,no_route,skipped_not_sequence,,,
4b29ddc3-26d0-40d7-80c5-44fb6631dbf9.4,GCF_000515075.1,absent,Salinispora tropica CNB536,,assembly_accession,GCF_000515075.1,https://ftp.ncbi.nlm.nih.gov/genomes/all/GCF/000/515/075/GCF_000515075.1_ASM51507v1/GCF_000515075.1_ASM51507v1_genomic.gbff.gz,Salinispora tropica CNB536 (high G+C Gram-positive bacteria),,,,yes,14161189,sequence_ok,promoted,isolate_scale,122,5552560
4b29ddc3-26d0-40d7-80c5-44fb6631dbf9.4,GCF_000515175.1,absent,Salinispora arenicola CNB527,,assembly_accession,GCF_000515175.1,https://ftp.ncbi.nlm.nih.gov/genomes/all/GCF/000/515/175/GCF_000515175.1_ASM51517v1/GCF_000515175.1_ASM51517v1_genomic.gbff.gz,Salinispora arenicola CNB527 (high G+C Gram-positive bacteria),,,,yes,15009583,sequence_ok,promoted,isolate_scale,120,5981449
4b29ddc3-26d0-40d7-80c5-44fb6631dbf9.4,GCF_000620325.1,absent,Salinispora tropica CNY012,,assembly_accession,GCF_000620325.1,https://ftp.ncbi.nlm.nih.gov/genomes/all/GCF/000/620/325/GCF_000620325.1_ASM62032v1/GCF_000620325.1_ASM62032v1_genomic.gbff.gz,Salinispora tropica CNY012 (high G+C Gram-positive bacteria),,,,yes,13860603,sequence_ok,promoted,isolate_scale,154,5369729
7ac37e93-a737-4746-b121-0993adccf178.2,AZHW00000000.1,metadata_only_no_contigs,‘Candidatus Entotheonella factor’,SAMN02420412,biosample,GCF_000522425.1,https://ftp.ncbi.nlm.nih.gov/genomes/all/GCF/000/522/425/GCF_000522425.1_v3/GCF_000522425.1_v3_genomic.gbff.gz,Candidatus Entotheonella factor (bacteria),,,,cached,14099528,metadata_only_no_contigs,skipped_not_sequence,isolate_scale,962,9695168
815c513e-8fc3-43a8-88b4-f4df1dd503f7.1,JAAHTG010000000,absent,MH_40_24,SAMN13939989,biosample,GCA_011087655.1,https://ftp.ncbi.nlm.nih.gov/genomes/all/GCA/011/087/655/GCA_011087655.1_ASM1108765v1/GCA_011087655.1_ASM1108765v1_genomic.gbff.gz,sponge metagenome (metagenomes),,,,yes,870881564,sequence_ok,skipped_metagenome_scale,metagenome_scale,243802,257286523
815c513e-8fc3-43a8-88b4-f4df1dd503f7.1,JAAHTH010000000,metadata_only_no_contigs,MH_79_12,SAMN13939990,biosample,GCA_011087705.1,https://ftp.ncbi.nlm.nih.gov/genomes/all/GCA/011/087/705/GCA_011087705.1_ASM1108770v1/GCA_011087705.1_ASM1108770v1_genomic.gbff.gz,sponge metagenome (metagenomes),,,,cached,1737524261,sequence_ok,skipped_metagenome_scale,metagenome_scale,511903,466920000
84b56cd3-218b-4e57-906f-a9003615ed07.2,ACYA01,absent,Cylindrospermopsis raciborskii CS-505,SAMN02470243,biosample,GCF_000175835.1,https://ftp.ncbi.nlm.nih.gov/genomes/all/GCF/000/175/835/GCF_000175835.1_ASM17583v1/GCF_000175835.1_ASM17583v1_genomic.gbff.gz,Cylindrospermopsis raciborskii CS-505 (cyanobacteria),,,,yes,10040369,sequence_ok,promoted,isolate_scale,93,3879030
84b56cd3-218b-4e57-906f-a9003615ed07.2,AP009552.1,absent,Microcystis aeruginosa NIES-843,SAMD00060936,biosample,GCF_000010625.1,https://ftp.ncbi.nlm.nih.gov/genomes/all/GCF/000/010/625/GCF_000010625.1_ASM1062v1/GCF_000010625.1_ASM1062v1_genomic.gbff.gz,Microcystis aeruginosa NIES-843 (cyanobacteria),,,,yes,14599080,sequence_ok,promoted,isolate_scale,1,5842795
84b56cd3-218b-4e57-906f-a9003615ed07.2,AP018314.1,absent,Sphaerospermopsis kisseleviana NIES-73,SAMD00079800,biosample,GCF_002368075.1,https://ftp.ncbi.nlm.nih.gov/genomes/all/GCF/002/368/075/GCF_002368075.1_ASM236807v1/GCF_002368075.1_ASM236807v1_genomic.gbff.gz,Sphaerospermopsis kisseleviana NIES-73 (cyanobacteria),,,,yes,12999385,sequence_ok,promoted,isolate_scale,2,5609991
84b56cd3-218b-4e57-906f-a9003615ed07.2,CP000117.1,absent,Trichormus variabilis ATCC 29413,SAMN02598253,biosample,GCF_000204075.1,https://ftp.ncbi.nlm.nih.gov/genomes/all/GCF/000/204/075/GCF_000204075.1_ASM20407v1/GCF_000204075.1_ASM20407v1_genomic.gbff.gz,Trichormus variabilis ATCC 29413 (cyanobacteria),,,,yes,17141912,sequence_ok,promoted,isolate_scale,5,7105752
84b56cd3-218b-4e57-906f-a9003615ed07.2,CP011382.1,absent,Calothrix sp. UHCC 336/3,SAMN02909965,biosample,GCF_000734895.2,https://ftp.ncbi.nlm.nih.gov/genomes/all/GCF/000/734/895/GCF_000734895.2_ASM73489v2/GCF_000734895.2_ASM73489v2_genomic.gbff.gz,Calothrix sp. 336/3 (cyanobacteria),,,,yes,15235216,sequence_ok,promoted,isolate_scale,4,6420126
84b56cd3-218b-4e57-906f-a9003615ed07.2,CP020114.1,absent,Nodularia spumigena UHCC 0039,SAMN05967630,biosample,GCF_003054475.1,https://ftp.ncbi.nlm.nih.gov/genomes/all/GCF/003/054/475/GCF_003054475.1_ASM305447v1/GCF_003054475.1_ASM305447v1_genomic.gbff.gz,Nodularia spumigena UHCC 0039 (cyanobacteria),,,,yes,13454900,sequence_ok,promoted,isolate_scale,2,5386612
84b56cd3-218b-4e57-906f-a9003615ed07.2,CP043056.1,absent,Dolichospermum sp. UHCC 0315A,SAMN05967626,biosample,GCF_008121535.1,https://ftp.ncbi.nlm.nih.gov/genomes/all/GCF/008/121/535/GCF_008121535.1_ASM812153v1/GCF_008121535.1_ASM812153v1_genomic.gbff.gz,Dolichospermum sp. UHCC 0315A (cyanobacteria),,,,yes,13753022,sequence_ok,promoted,isolate_scale,4,5642022
84b56cd3-218b-4e57-906f-a9003615ed07.2,LXQD01,absent,Nostoc minutum NIES-26,SAMN04901525,biosample,GCA_003326215.1,https://ftp.ncbi.nlm.nih.gov/genomes/all/GCA/003/326/215/GCA_003326215.1_ASM332621v1/GCA_003326215.1_ASM332621v1_genomic.gbff.gz,Nostoc minutum NIES-26 (cyanobacteria),,,,yes,22500729,sequence_ok,promoted,isolate_scale,359,9839803
84b56cd3-218b-4e57-906f-a9003615ed07.2,VIKV01,absent,Dolichospermum sp. UHCC 0299,SAMN12084240,biosample,GCF_009711965.1,https://ftp.ncbi.nlm.nih.gov/genomes/all/GCF/009/711/965/GCF_009711965.1_ASM971196v1/GCF_009711965.1_ASM971196v1_genomic.gbff.gz,Dolichospermum sp. UHCC 0299 (cyanobacteria),,,,yes,13763575,sequence_ok,promoted,isolate_scale,308,5125448
84b56cd3-218b-4e57-906f-a9003615ed07.2,VIKW01,absent,Anabaena sp. UHCC 0204,SAMN12084250,biosample,GCF_009711975.1,https://ftp.ncbi.nlm.nih.gov/genomes/all/GCF/009/711/975/GCF_009711975.1_ASM971197v1/GCF_009711975.1_ASM971197v1_genomic.gbff.gz,Anabaena sp. UHCC 0204 (cyanobacteria),,,,yes,14215577,sequence_ok,promoted,isolate_scale,83,5744555
84b56cd3-218b-4e57-906f-a9003615ed07.2,VIKX01,absent,Dolichospermum sp. UHCC 0259,SAMN12084251,biosample,GCF_009711935.1,https://ftp.ncbi.nlm.nih.gov/genomes/all/GCF/009/711/935/GCF_009711935.1_ASM971193v1/GCF_009711935.1_ASM971193v1_genomic.gbff.gz,Dolichospermum sp. UHCC 0259 (cyanobacteria),,,,yes,15144604,sequence_ok,promoted,isolate_scale,330,5635377
84b56cd3-218b-4e57-906f-a9003615ed07.2,VIKY01,absent,Dolichospermum sp. UHCC 0352,SAMN12084252,biosample,GCF_009711925.1,https://ftp.ncbi.nlm.nih.gov/genomes/all/GCF/009/711/925/GCF_009711925.1_ASM971192v1/GCF_009711925.1_ASM971192v1_genomic.gbff.gz,Dolichospermum sp. UHCC 0352 (cyanobacteria),,,,yes,13884794,sequence_ok,promoted,isolate_scale,331,5128860
84b56cd3-218b-4e57-906f-a9003615ed07.2,VIKZ01,absent,Dolichospermum sp. UHCC 0260,SAMN12084254,biosample,GCF_009711985.1,https://ftp.ncbi.nlm.nih.gov/genomes/all/GCF/009/711/985/GCF_009711985.1_ASM971198v1/GCF_009711985.1_ASM971198v1_genomic.gbff.gz,Dolichospermum sp. UHCC 0260 (cyanobacteria),,,,yes,12531232,sequence_ok,promoted,isolate_scale,113,4921436
84b56cd3-218b-4e57-906f-a9003615ed07.2,VILA01,absent,Dolichospermum sp. UHCC 0406,SAMN12084309,biosample,GCF_009712025.1,https://ftp.ncbi.nlm.nih.gov/genomes/all/GCF/009/712/025/GCF_009712025.1_ASM971202v1/GCF_009712025.1_ASM971202v1_genomic.gbff.gz,Dolichospermum sp. UHCC 0406 (cyanobacteria),,,,yes,12946217,sequence_ok,promoted,isolate_scale,52,5181811
84b56cd3-218b-4e57-906f-a9003615ed07.2,VILB01,absent,Anabaena sp. UHCC 0187,SAMN12084330,biosample,GCF_009712035.1,https://ftp.ncbi.nlm.nih.gov/genomes/all/GCF/009/712/035/GCF_009712035.1_ASM971203v1/GCF_009712035.1_ASM971203v1_genomic.gbff.gz,Anabaena sp. UHCC 0187 (cyanobacteria),,,,yes,12656525,sequence_ok,promoted,isolate_scale,58,5097467
84b56cd3-218b-4e57-906f-a9003615ed07.2,VILC01,absent,Aphanizomenon sp. UHCC 0183,SAMN12084337,biosample,GCF_009712065.1,https://ftp.ncbi.nlm.nih.gov/genomes/all/GCF/009/712/065/GCF_009712065.1_ASM971206v1/GCF_009712065.1_ASM971206v1_genomic.gbff.gz,Aphanizomenon sp. UHCC 0183 (cyanobacteria),,,,yes,14267002,sequence_ok,promoted,isolate_scale,182,5579684
84b56cd3-218b-4e57-906f-a9003615ed07.2,VILD01,absent,Anabaena sp. UHCC 0253,SAMN12084370,biosample,GCF_009712085.1,https://ftp.ncbi.nlm.nih.gov/genomes/all/GCF/009/712/085/GCF_009712085.1_ASM971208v1/GCF_009712085.1_ASM971208v1_genomic.gbff.gz,Anabaena sp. UHCC 0253 (cyanobacteria),,,,yes,14879828,sequence_ok,promoted,isolate_scale,28,6116306
84b56cd3-218b-4e57-906f-a9003615ed07.2,VILE01,absent,Dolichospermum planctonicum UHCC 0167,SAMN12084395,biosample,GCF_009712075.2,https://ftp.ncbi.nlm.nih.gov/genomes/all/GCF/009/712/075/GCF_009712075.2_ASM971207v2/GCF_009712075.2_ASM971207v2_genomic.gbff.gz,Dolichospermum planctonicum UHCC 0167 (cyanobacteria),,,,yes,12359693,sequence_ok,promoted,isolate_scale,33,4900416
84b56cd3-218b-4e57-906f-a9003615ed07.2,VILF01,absent,Dolichospermum flos-aquae UHCC 0037,SAMN12084379,biosample,GCF_009712125.1,https://ftp.ncbi.nlm.nih.gov/genomes/all/GCF/009/712/125/GCF_009712125.1_ASM971212v1/GCF_009712125.1_ASM971212v1_genomic.gbff.gz,Dolichospermum flos-aquae UHCC 0037 (cyanobacteria),,,,yes,13727586,sequence_ok,promoted,isolate_scale,9,5563105
a4837d37-1df1-4153-b365-c06841574235.3,NC_016887.1,absent,Nocardia cyriacigeorgica GUH-2,,strain_name,GCF_000284035.1,https://ftp.ncbi.nlm.nih.gov/genomes/all/GCF/000/284/035/GCF_000284035.1_ASM28403v1/GCF_000284035.1_ASM28403v1_genomic.gbff.gz,Nocardia cyriacigeorgica GUH-2 (high G+C Gram-positive bacteria),yes,"matched on strain label 'Nocardia cyriacigeorgica GUH-2', not an accession -- review",,yes,15738936,sequence_ok,promoted,isolate_scale,1,6194645
a4837d37-1df1-4153-b365-c06841574235.3,NZ_BDBF00000000.1,absent,Nocardia elegans NBRC 108235,,strain_name,GCF_001612845.1,https://ftp.ncbi.nlm.nih.gov/genomes/all/GCF/001/612/845/GCF_001612845.1_ASM161284v1/GCF_001612845.1_ASM161284v1_genomic.gbff.gz,Nocardia elegans NBRC 108235 (high G+C Gram-positive bacteria),yes,"matched on strain label 'Nocardia elegans NBRC 108235', not an accession -- review",,yes,18793683,sequence_ok,promoted,isolate_scale,117,7539150
a4837d37-1df1-4153-b365-c06841574235.3,NZ_LMFE00000000.1,absent,Nocardia sp. Root136,,strain_name,GCF_001427185.1,https://ftp.ncbi.nlm.nih.gov/genomes/all/GCF/001/427/185/GCF_001427185.1_Root136/GCF_001427185.1_Root136_genomic.gbff.gz,Nocardia sp. Root136 (high G+C Gram-positive bacteria),yes,"matched on strain label 'Nocardia sp. Root136', not an accession -- review",,yes,18530813,sequence_ok,promoted,isolate_scale,14,7282860
cc996566-f00b-4175-95d2-e684371c5f59.4,GCA_001767235.1,absent,Moorea producens PAL,SAMN05826283,assembly_accession,GCF_001767235.1,https://ftp.ncbi.nlm.nih.gov/genomes/all/GCF/001/767/235/GCF_001767235.1_ASM176723v1/GCF_001767235.1_ASM176723v1_genomic.gbff.gz,Moorena producens PAL-8-15-08-1 (cyanobacteria),,,,yes,22874547,sequence_ok,promoted,isolate_scale,2,9708656
cc996566-f00b-4175-95d2-e684371c5f59.4,GCA_001942495.1,absent,Moorea bouillonii PNG,SAMN05826285,assembly_accession,GCF_001942495.1,https://ftp.ncbi.nlm.nih.gov/genomes/all/GCF/001/942/495/GCF_001942495.1_ASM194249v1/GCF_001942495.1_ASM194249v1_genomic.gbff.gz,Moorena bouillonii PNG (cyanobacteria),,,,yes,19933466,sequence_ok,promoted,isolate_scale,13,8319104
e26c5e21-e3de-4448-9623-a085cb71eca6.2,GCA_000009485.1,absent,Burkholderia cenocepacia J2315,SAMEA1705928,assembly_accession,GCF_000009485.1,https://ftp.ncbi.nlm.nih.gov/genomes/all/GCF/000/009/485/GCF_000009485.1_ASM948v1/GCF_000009485.1_ASM948v1_genomic.gbff.gz,Burkholderia cenocepacia J2315 (b-proteobacteria),,,,yes,20363829,sequence_ok,promoted,isolate_scale,4,8055782
e26c5e21-e3de-4448-9623-a085cb71eca6.2,GCA_000018505.1,absent,Burkholderia multivorans ATCC 17616,SAMN00623032,assembly_accession,GCF_000018505.1,https://ftp.ncbi.nlm.nih.gov/genomes/all/GCF/000/018/505/GCF_000018505.1_ASM1850v1/GCF_000018505.1_ASM1850v1_genomic.gbff.gz,Burkholderia multivorans ATCC 17616 (b-proteobacteria),,,,yes,17845903,sequence_ok,promoted,isolate_scale,4,7008622
e26c5e21-e3de-4448-9623-a085cb71eca6.2,GCA_000286575.1,absent,Burkholderia multivorans CF2,SAMN00255227,assembly_accession,GCF_000286575.1,https://ftp.ncbi.nlm.nih.gov/genomes/all/GCF/000/286/575/GCF_000286575.1_gbmulcf2v1.0/GCF_000286575.1_gbmulcf2v1.0_genomic.gbff.gz,Burkholderia multivorans CF2 (b-proteobacteria),,,,yes,18887927,sequence_ok,promoted,isolate_scale,493,6499618
e26c5e21-e3de-4448-9623-a085cb71eca6.2,GCA_000959505.1,absent,Burkholderia dolosa AU0158,SAMN03144971,assembly_accession,GCF_000959505.1,https://ftp.ncbi.nlm.nih.gov/genomes/all/GCF/000/959/505/GCF_000959505.1_ASM95950v1/GCF_000959505.1_ASM95950v1_genomic.gbff.gz,Burkholderia dolosa AU0158 (b-proteobacteria),,,,yes,16195308,sequence_ok,promoted,isolate_scale,3,6409095
e26c5e21-e3de-4448-9623-a085cb71eca6.2,GCA_000959525.1,absent,Burkholderia multivorans CF1 (a.k.a ATCC BAA-247),SAMN03140189,assembly_accession,GCF_000959525.1,https://ftp.ncbi.nlm.nih.gov/genomes/all/GCF/000/959/525/GCF_000959525.1_ASM95952v1/GCF_000959525.1_ASM95952v1_genomic.gbff.gz,Burkholderia multivorans ATCC BAA-247 (b-proteobacteria),,,,yes,16080717,sequence_ok,promoted,isolate_scale,3,6322746
e26c5e21-e3de-4448-9623-a085cb71eca6.2,GCA_003568605.1,absent,Burkholderia thailandensis E264,SAMN02866398,assembly_accession,GCF_003568605.1,https://ftp.ncbi.nlm.nih.gov/genomes/all/GCF/003/568/605/GCF_003568605.1_ASM356860v1/GCF_003568605.1_ASM356860v1_genomic.gbff.gz,Burkholderia thailandensis E264 (b-proteobacteria),,,,yes,16724212,sequence_ok,promoted,isolate_scale,2,6722099
