cluster index	number of spectra	parent mass	precursor charge	precursor mass	sum(precursor intensity)	RTMean	ATTRIBUTE_PERFILEGROUPING:GNPSGROUP:bkgrnd-marine-broth.mzML	ATTRIBUTE_PERFILEGROUPING:GNPSGROUP:10-D3M17.mzML	ATTRIBUTE_PERFILEGROUPING	component	SpectrumID	#Scan#	SpectrumFile	LibraryName	MQScore	TIC_Query	RT_Query	MZErrorPPM	SharedPeaks	MassDiff	SpecMZ	SpecCharge	FileScanUniqueID	NumberHits	Compound_Name	Ion_Source	Instrument	Compound_Source	PI	Data_Collector	Adduct	Precursor_MZ	ExactMass	Charge	CAS_Number	Pubmed_ID	Smiles	INCHI	INCHI_AUX	Library_Class	IonMode	Organism	LibMZ	UpdateWorkflowName	LibraryQualityString	tags	molecular_formula	InChIKey	InChIKey-Planar	superclass	class	subclass	npclassifier_superclass	npclassifier_class	npclassifier_pathway	library_usi
1	3	103.053822835286	1	103.053822835286	0.0	283.3353333333333	0	3	10-D3M17.mzML	4																																														
2	3	103.053822835286	1	103.053822835286	0.0	283.5263333333333	0	3	10-D3M17.mzML	4																																														
3	6	105.06956481933598	1	105.06956481933598	0.0	316.66283333333337	0	6	10-D3M17.mzML	4																																														
4	22	110.00917689005549	1	110.00917689005549	0.0	117.6355909090909	11	11	bkgrnd-marine-broth.mzML,10-D3M17.mzML	4																																														
5	2	110.0091768900555	1	110.0091768900555	0.0	106.0075	1	1	bkgrnd-marine-broth.mzML,10-D3M17.mzML	4																																														
6	6	113.963152567546	1	113.963152567546	0.0	279.4051666666667	0	6	10-D3M17.mzML	4																																														
7	6	116.07022942437102	1	116.07022942437102	0.0	143.92883333333336	0	6	10-D3M17.mzML	4																																														
8	6	116.07022942437102	1	116.07022942437102	0.0	173.57533333333336	0	6	10-D3M17.mzML	4																																														
9	6	116.07022942437102	1	116.07022942437102	0.0	173.7663333333333	0	6	10-D3M17.mzML	4																																														
10	48	117.07304509480838	1	117.07304509480848	0.0	250.1759618055556	6	42	bkgrnd-marine-broth.mzML,10-D3M17.mzML	-1																																														
11	36	118.08653736114502	1	118.08653736114508	0.0	168.34241666666668	18	18	bkgrnd-marine-broth.mzML,10-D3M17.mzML	4																																														
12	2	118.085822423299	1	118.085822423299	0.0	210.893	0	2	10-D3M17.mzML	4																																														
13	4	120.044278462728	1	120.044278462728	0.0	524.0065	0	4	10-D3M17.mzML	4																																														
14	2	120.044278462728	1	120.044278462728	0.0	524.4979999999999	0	2	10-D3M17.mzML	4																																														
15	24	120.081298045623	1	120.081298045623	0.0	305.0928333333333	12	12	bkgrnd-marine-broth.mzML,10-D3M17.mzML	4																																														
16	6	120.0849838256837	1	120.0849838256837	0.0	281.6011666666667	3	3	bkgrnd-marine-broth.mzML,10-D3M17.mzML	4																																														
17	25	120.08126678466796	1	120.08126678466796	0.0	305.6632	12	13	bkgrnd-marine-broth.mzML,10-D3M17.mzML	4																																														
18	6	120.0849838256837	1	120.0849838256837	0.0	281.79233333333326	3	3	bkgrnd-marine-broth.mzML,10-D3M17.mzML	4																																														
19	12	121.06521224975596	1	121.065212249756	0.0	202.87675	6	6	bkgrnd-marine-broth.mzML,10-D3M17.mzML	4																																														
20	3	122.096059163411	1	122.096059163411	0.0	314.4440000000001	0	3	10-D3M17.mzML	4	CCMSLIB00006360034	20.0	specs_ms.mgf	BMDMS-NP.mgf	0.746668	47887.8	314.189	7671.81	6.0	0.943939	122.096	1.0	temp/specs_ms.mgf20	1.0	Benzoic acid	ESI	Orbitrap	Commercial standard	BMDMS-NP	BMDMS-NP	[M+H]+	123.04	122.037	1.0			O=C(O)C=1C=CC=CC1	InChI=1S/C7H6O2/c8-7(9)6-4-2-1-3-5-6/h1-5H,(H,8,9)		1.0	Positive	BMDMS-NP	123.04	UPDATE-SINGLE-ANNOTATED-GOLD	Gold		C7H6O2	WPYMKLBDIGXBTP-UHFFFAOYSA-N	WPYMKLBDIGXBTP	Benzenoids	Benzene and substituted derivatives	Benzoic acids and derivatives	Phenolic acids (C6-C1)	Simple phenolic acids	Shikimates and Phenylpropanoids	mzspec:GNPS:GNPS-LIBRARY:CCMSLIB00006360034
21	3	122.096059163411	1	122.096059163411	0.0	314.635	0	3	10-D3M17.mzML	4																																														
22	7	123.04440307617172	1	123.04440307617172	0.0	210.016	3	4	bkgrnd-marine-broth.mzML,10-D3M17.mzML	4																																														
23	22	125.98665272105836	1	125.98665272105832	0.0	118.13540909090908	10	12	bkgrnd-marine-broth.mzML,10-D3M17.mzML	4																																														
24	2	127.049728393555	1	127.049728393555	0.0	231.0615	0	2	10-D3M17.mzML	4	CCMSLIB00006125396	24.0	specs_ms.mgf	BIRMINGHAM-UHPLC-MS-NEG.mgf	0.851742	10851.5	230.447	7803.27	7.0	0.983727	127.05	1.0	temp/specs_ms.mgf24	1.0	5-Methylcytosine - 40.0 eV	ESI	Orbitrap	Isolated	PI	Data Collector	M+H	126.066	0.0	1.0			Cc1cnc([nH]c1=N)O	InChI=1S/C5H7N3O/c1-3-2-7-5(9)8-4(3)6/h2H,1H3,(H3,6,7,8,9)		1.0	Positive	BIRMINGHAM-UHPLC-MS-NEG	126.066	UPDATE-SINGLE-ANNOTATED-GOLD	Gold		C5H7N3O	LRSASMSXMSNRBT-UHFFFAOYSA-N	LRSASMSXMSNRBT	Organoheterocyclic compounds	Diazines	Pyrimidines and pyrimidine derivatives	Nicotinic acid alkaloids	Pyridine alkaloids	Alkaloids	mzspec:GNPS:GNPS-LIBRARY:CCMSLIB00006125396
25	3	129.065424601237	1	129.065424601237	0.0	158.56699999999998	0	3	10-D3M17.mzML	4																																														
26	2	129.065424601237	1	129.065424601237	0.0	158.207	0	2	10-D3M17.mzML	4																																														
27	5	129.138371785482	1	129.138371785482	0.0	123.1522	0	5	10-D3M17.mzML	4																																														
28	6	130.050302187602	1	130.050302187602	0.0	167.01083333333332	3	3	bkgrnd-marine-broth.mzML,10-D3M17.mzML	4																																														
29	4	130.049869378408	1	130.049869378408	0.0	166.59425000000002	1	3	bkgrnd-marine-broth.mzML,10-D3M17.mzML	4																																														
30	8	130.050085783005	1	130.050085783005	0.0	195.624	3	5	bkgrnd-marine-broth.mzML,10-D3M17.mzML	4																																														
31	4	130.049869378408	1	130.049869378408	0.0	187.4365	1	3	bkgrnd-marine-broth.mzML,10-D3M17.mzML	4																																														
32	2	130.049436569214	1	130.049436569214	0.0	217.959	0	2	10-D3M17.mzML	4																																														
33	2	130.05116780599	1	130.05116780599	0.0	168.4175	2	0	bkgrnd-marine-broth.mzML	4																																														
34	6	130.098500569661	1	130.098500569661	0.0	150.9445	6	0	bkgrnd-marine-broth.mzML	4																																														
35	2	130.965957641602	1	130.965957641602	0.0	101.0595	0	2	10-D3M17.mzML	4																																														
36	6	131.04950714111305	1	131.04950714111305	0.0	278.09083333333336	3	3	bkgrnd-marine-broth.mzML,10-D3M17.mzML	4																																														
37	6	131.04950714111305	1	131.04950714111305	0.0	278.28200000000004	3	3	bkgrnd-marine-broth.mzML,10-D3M17.mzML	4																																														
38	8	131.930934906006	1	131.930934906006	0.0	272.480375	8	0	bkgrnd-marine-broth.mzML	4																																														
39	4	132.1069164276125	1	132.1069164276125	0.0	196.7955	3	1	bkgrnd-marine-broth.mzML,10-D3M17.mzML	4																																														
40	25	132.10153503418	1	132.10153503418	0.0	213.97416	0	25	10-D3M17.mzML	4																																														
41	40	132.1033599853518	1	132.1033599853518	0.0	235.095725	38	2	bkgrnd-marine-broth.mzML,10-D3M17.mzML	4																																														
42	2	132.10153503418	1	132.10153503418	0.0	213.121	0	2	10-D3M17.mzML	4																																														
43	2	132.106800079346	1	132.106800079346	0.0	194.3255	1	1	bkgrnd-marine-broth.mzML,10-D3M17.mzML	4	CCMSLIB00006113090	43.0	specs_ms.mgf	BIRMINGHAM-UHPLC-MS-POS.mgf	0.824754	102999.0	193.861	34.5368	6.0	0.00456238	132.107	1.0	temp/specs_ms.mgf43	1.0	L-(+)-Isoleucine - 40.0 eV	ESI	Orbitrap	Isolated	PI	Data Collector	M+H	132.102	0.0	1.0			CC[C@H](C)[C@@H](C(=O)O)N	InChI=1S/C6H13NO2/c1-3-4(2)5(7)6(8)9/h4-5H,3,7H2,1-2H3,(H,8,9)/t4-,5-/m0/s1		1.0	Positive	BIRMINGHAM-UHPLC-MS-POS	132.102	UPDATE-SINGLE-ANNOTATED-GOLD	Gold		C6H13NO2	AGPKZVBTJJNPAG-WHFBIAKZSA-N	AGPKZVBTJJNPAG	Organic acids and derivatives	Carboxylic acids and derivatives	Amino acids, peptides, and analogues	Small peptides	Aminoacids	Amino acids and Peptides	mzspec:GNPS:GNPS-LIBRARY:CCMSLIB00006113090
44	11	136.0760992801556	1	136.0760992801556	0.0	208.3053636363637	5	6	bkgrnd-marine-broth.mzML,10-D3M17.mzML	4	CCMSLIB00017432828	44.0	specs_ms.mgf	GNPS-ION-MOBILITY-LIBRARY.mgf	0.720661	55109.3	207.176	7075.64	6.0	0.969681	136.075	1.0	temp/specs_ms.mgf44	1.0	hypoxanthine [CCS=128.83242797851562]	LC-ESI	ToF	Crude	Pieter Dorrestein	victoriadeleray	[M+H]+	137.045	136.038	1.0			OC1=C2NC=NC2=NC=N1	InChI=1S/C5H4N4O/c10-5-3-4(7-1-6-3)8-2-9-5/h1-2H,(H2,6,7,8,9,10)		1.0	Positive	GNPS-ION-MOBILITY-LIBRARY	137.045	UPDATE-SINGLE-ANNOTATED-GOLD	Gold		C5H4N4O	FDGQSTZJBFJUBT-UHFFFAOYSA-N	FDGQSTZJBFJUBT	Organoheterocyclic compounds	Imidazopyrimidines	Purines and purine derivatives	Pseudoalkaloids	Purine alkaloids	Alkaloids	mzspec:GNPS:GNPS-LIBRARY:CCMSLIB00017432828
45	5	137.0460164388024	1	137.0460164388024	0.0	202.758	2	3	bkgrnd-marine-broth.mzML,10-D3M17.mzML	43	CCMSLIB00005883807	45.0	specs_ms.mgf	GNPS-LIBRARY.mgf	0.958158	7912.9	195.747	7.90519	6.0	0.00108337	137.047	1.0	temp/specs_ms.mgf45	1.0	HYPOXANTHINE - 70.0 eV	ESI	Orbitrap	Isolated	Madeleine Ernst	Anna Abrahamsson	M+H	137.046	0.0	1.0	68-94-0		OC1=NC=NC2=C1NC=N2	InChI=1S/C5H4N4O/c10-5-3-4(7-1-6-3)8-2-9-5/h1-2H,(H2,6,7,8,9,10)		1.0	Positive	GNPS-LIBRARY	137.046	UPDATE-SINGLE-ANNOTATED-GOLD	Gold		C5H4N4O	FDGQSTZJBFJUBT-UHFFFAOYSA-N	FDGQSTZJBFJUBT	Organoheterocyclic compounds	Imidazopyrimidines	Purines and purine derivatives	Pseudoalkaloids	Purine alkaloids	Alkaloids	mzspec:GNPS:GNPS-LIBRARY:CCMSLIB00005883807
46	5	137.0460164388024	1	137.0460164388024	0.0	202.949	2	3	bkgrnd-marine-broth.mzML,10-D3M17.mzML	43	CCMSLIB00006114303	46.0	specs_ms.mgf	BIRMINGHAM-UHPLC-MS-POS.mgf	0.956136	31572.9	194.627	5.12167	6.0	0.000701904	137.045	1.0	temp/specs_ms.mgf46	1.0	6-OXOPURINE - 40.0 eV	ESI	Orbitrap	Isolated	PI	Data Collector	Unknown	137.046	0.0	1.0			C1=NC2=NC=NC(=O)C2=N1	InChI=1S/C5H2N4O/c10-5-3-4(7-1-6-3)8-2-9-5/h1-2H		1.0	Positive	BIRMINGHAM-UHPLC-MS-POS	137.046	UPDATE-SINGLE-ANNOTATED-GOLD	Gold		C5H2N4O	UYLWKSJTHLRFBX-UHFFFAOYSA-N	UYLWKSJTHLRFBX	Organoheterocyclic compounds	Imidazopyrimidines	Purines and purine derivatives	Pseudoalkaloids		Alkaloids	mzspec:GNPS:GNPS-LIBRARY:CCMSLIB00006114303
47	2	138.054718017578	1	138.054718017578	0.0	526.193	0	2	10-D3M17.mzML	-1																																														
48	2	138.054718017578	1	138.054718017578	0.0	526.3845	0	2	10-D3M17.mzML	4	CCMSLIB00010133289	48.0	specs_ms.mgf	MCE-DRUG.mgf	0.903233	12352.8	525.961	7157.75	6.0	0.995285	138.055	1.0	temp/specs_ms.mgf48	1.0	cis-Urocanic acid	ESI	Orbitrap	Crude	Tomas Pluskal	Corinna Brungs	M+H	139.05	138.043	1.0			O=C(O)/C=C\c1cnc[nH]1	"""InChI=1S/C6H6N2O2/c9-6(10)2-1-5-3-7-4-8-5/h1-4H,(H,7,8)(H,9,10)/b2-1-"""	LOIYMIARKYCTBW-UPHRSURJSA-N	3.0	Positive	MCE-DRUG	139.05	UPDATE-SINGLE-ANNOTATED-BRONZE	Bronze		C6H6N2O2	LOIYMIARKYCTBW-UPHRSURJSA-N	LOIYMIARKYCTBW	Organoheterocyclic compounds	Azoles	Imidazoles			Alkaloids	mzspec:GNPS:GNPS-LIBRARY:CCMSLIB00010133289
49	54	141.9594867847584	1	141.95948678475835	0.0	324.3618703703704	42	12	bkgrnd-marine-broth.mzML,10-D3M17.mzML	-1																																														
50	4	145.075876871745	1	145.075876871745	0.0	490.9507500000001	0	4	10-D3M17.mzML	-1	CCMSLIB00017427825	50.0	specs_ms.mgf	GNPS-ION-MOBILITY-LIBRARY.mgf	0.705847	6406.1	490.151	6737.75	6.0	0.984116	145.076	1.0	temp/specs_ms.mgf50	1.0	8-hydroxyquinoline [CCS=120.54969024658203]	LC-ESI	ToF	Crude	Pieter Dorrestein	victoriadeleray	[M+H]+	146.06	145.053	1.0			OC1=C2N=CC=CC2=CC=C1	InChI=1S/C9H7NO/c11-8-5-1-3-7-4-2-6-10-9(7)8/h1-6,11H		1.0	Positive	GNPS-ION-MOBILITY-LIBRARY	146.06	UPDATE-SINGLE-ANNOTATED-GOLD	Gold		C9H7NO	MCJGNVYPOGVAJF-UHFFFAOYSA-N	MCJGNVYPOGVAJF	Organoheterocyclic compounds	Quinolines and derivatives	8-hydroxyquinolines	Tryptophan alkaloids|Anthranilic acid alkaloids	Quinoline alkaloids	Alkaloids	mzspec:GNPS:GNPS-LIBRARY:CCMSLIB00017427825
51	2	146.0607070922855	1	146.0607070922855	0.0	448.035	1	1	bkgrnd-marine-broth.mzML,10-D3M17.mzML	-1																																														
52	2	146.091888427734	1	146.091888427734	0.0	154.2435	0	2	10-D3M17.mzML	-1	CCMSLIB00006125158	52.0	specs_ms.mgf	BIRMINGHAM-UHPLC-MS-NEG.mgf	0.778775	5924.9	153.82	6380.4	6.0	0.93811	146.092	1.0	temp/specs_ms.mgf52	1.0	(R)-(-) Citramalic acid - 30.0 eV	ESI	Orbitrap	Isolated	PI	Data Collector	Unknown	147.03	0.0	1.0						1.0	Negative	BIRMINGHAM-UHPLC-MS-NEG	147.03	UPDATE-SINGLE-ANNOTATED-GOLD	Gold											mzspec:GNPS:GNPS-LIBRARY:CCMSLIB00006125158
53	22	146.16577703302522	1	146.16577703302525	0.0	120.43272727272726	12	10	bkgrnd-marine-broth.mzML,10-D3M17.mzML	4																																														
54	12	149.06007385253903	1	149.06007385253903	0.0	282.2441666666666	6	6	bkgrnd-marine-broth.mzML,10-D3M17.mzML	4																																														
55	7	150.058109828404	1	150.058109828404	0.0	162.95600000000002	1	6	bkgrnd-marine-broth.mzML,10-D3M17.mzML	23																																														
56	5	150.059661865234	1	150.059661865234	0.0	163.932	5	0	bkgrnd-marine-broth.mzML	23																																														
57	22	151.03568753329208	1	151.03568753329208	0.0	118.6570909090909	10	12	bkgrnd-marine-broth.mzML,10-D3M17.mzML	4																																														
58	12	152.05705769856797	1	152.05705769856797	0.0	219.41525	6	6	bkgrnd-marine-broth.mzML,10-D3M17.mzML	4																																														
59	29	155.0818773759277	1	155.08187737592772	0.0	218.43551724137927	12	17	bkgrnd-marine-broth.mzML,10-D3M17.mzML	4																																														
60	3	157.096649169922	1	157.096649169922	0.0	253.79866666666663	0	3	10-D3M17.mzML	39																																														
61	3	157.096649169922	1	157.096649169922	0.0	253.99033333333333	0	3	10-D3M17.mzML	39																																														
62	24	158.0928942362465	1	158.0928942362465	0.0	170.6435	12	12	bkgrnd-marine-broth.mzML,10-D3M17.mzML	-1																																														
63	12	158.96268971761103	1	158.96268971761103	0.0	315.28333333333336	12	0	bkgrnd-marine-broth.mzML	39																																														
64	3	160.075052897135	1	160.075052897135	0.0	226.9653333333333	0	3	10-D3M17.mzML	28																																														
65	3	160.075052897135	1	160.075052897135	0.0	227.15666666666667	0	3	10-D3M17.mzML	28	CCMSLIB00012876399	65.0	specs_ms.mgf	MSNLIB-POSITIVE.mgf	0.731625	14083.9	229.025	5.90997	6.0	0.000946045	160.075	1.0	temp/specs_ms.mgf65	1.0	3-(furan-2-yl)aniline	ESI	Orbitrap	Commercial	Tomas Pluskal	Corinna Brungs	[M+H]+	160.076	159.068	1.0			Nc1cccc(-c2ccco2)c1	InChI=1S/C10H9NO/c11-9-4-1-3-8(7-9)10-5-2-6-12-10/h1-7H,11H2	SLNKACMTMZYMNA-UHFFFAOYSA-N	1.0	Positive	MSNLIB-POSITIVE	160.076	UPDATE-SINGLE-ANNOTATED-GOLD	Gold		C10H9NO	SLNKACMTMZYMNA-UHFFFAOYSA-N	SLNKACMTMZYMNA	Benzenoids	Benzene and substituted derivatives	Aniline and substituted anilines				mzspec:GNPS:GNPS-LIBRARY:CCMSLIB00012876399
66	6	160.180470784505	1	160.180470784505	0.0	117.92533333333334	0	6	10-D3M17.mzML	4																																														
67	5	165.0549682617188	1	165.0549682617188	0.0	207.0244	2	3	bkgrnd-marine-broth.mzML,10-D3M17.mzML	4																																														
68	3	165.054117838542	1	165.054117838542	0.0	206.1373333333333	0	3	10-D3M17.mzML	4																																														
69	3	165.056243896484	1	165.056243896484	0.0	209.57566666666665	3	0	bkgrnd-marine-broth.mzML	4																																														
70	26	166.0870281904172	1	166.0870281904172	0.0	307.84069230769234	12	14	bkgrnd-marine-broth.mzML,10-D3M17.mzML	4																																														
71	6	166.092633565267	1	166.092633565267	0.0	283.46000000000004	3	3	bkgrnd-marine-broth.mzML,10-D3M17.mzML	4																																														
72	26	166.0870281904172	1	166.0870281904172	0.0	308.03211538461534	12	14	bkgrnd-marine-broth.mzML,10-D3M17.mzML	4																																														
73	6	166.092633565267	1	166.092633565267	0.0	283.6515	3	3	bkgrnd-marine-broth.mzML,10-D3M17.mzML	4	CCMSLIB00000426130	73.0	specs_ms.mgf	HMDB.mgf	0.902484	575860.0	276.385	26.3673	6.0	0.00437927	166.091	1.0	temp/specs_ms.mgf73	1.0	HMDB:HMDB00159-250 L-Phenylalanine	Positive	Quattro_QQQ:40eV	Isolated	HMDB	HMDB	M+H	166.087	165.079	1.0	63-91-2		N[C@@H](CC1=CC=CC=C1)C(O)=O	InChI=1S/C9H11NO2/c10-8(9(11)12)6-7-4-2-1-3-5-7/h1-5,8H,6,10H2,(H,11,12)/t8-/m0/s1		3.0	Positive	HMDB	166.087	UPDATE-SINGLE-ANNOTATED-BRONZE	Bronze		C9H11NO2	COLNVLDHVKWLRT-QMMMGPOBSA-N	COLNVLDHVKWLRT	Organic acids and derivatives	Carboxylic acids and derivatives	Amino acids, peptides, and analogues	Small peptides	Aminoacids	Amino acids and Peptides|Shikimates and Phenylpropanoids	mzspec:GNPS:GNPS-LIBRARY:CCMSLIB00000426130
74	6	169.096761067708	1	169.096761067708	0.0	257.43833333333333	0	6	10-D3M17.mzML	-1																																														
75	6	173.09155782063797	1	173.09155782063797	0.0	151.21866666666668	0	6	10-D3M17.mzML	4	CCMSLIB00006112725	75.0	specs_ms.mgf	BIRMINGHAM-UHPLC-MS-POS.mgf	0.932669	13102.0	151.97	11233.1	6.0	1.96645	173.092	1.0	temp/specs_ms.mgf75	1.0	Xylitol - 40.0 eV	ESI	Orbitrap	Isolated	PI	Data Collector	M+Na	175.058	0.0	1.0			C([C@H]([C@@H]([C@H](CO)O)O)O)O	InChI=1S/C5H12O5/c6-1-3(8)5(10)4(9)2-7/h3-10H,1-2H2/t3-,4+,5+		1.0	Positive	BIRMINGHAM-UHPLC-MS-POS	175.058	UPDATE-SINGLE-ANNOTATED-GOLD	Gold		C5H12O5	HEBKCHPVOIAQTA-SCDXWVJYSA-N	HEBKCHPVOIAQTA	Organic oxygen compounds	Organooxygen compounds	Carbohydrates and carbohydrate conjugates	Saccharides	Monosaccharides	Carbohydrates	mzspec:GNPS:GNPS-LIBRARY:CCMSLIB00006112725
76	4	175.109786987305	1	175.109786987305	0.0	194.46175	4	0	bkgrnd-marine-broth.mzML	4																																														
77	6	175.118342081706	1	175.118342081706	0.0	142.107	0	6	10-D3M17.mzML	4	CCMSLIB00006112726	77.0	specs_ms.mgf	BIRMINGHAM-UHPLC-MS-POS.mgf	0.942745	8258.0	141.884	344.734	7.0	0.0603485	175.118	1.0	temp/specs_ms.mgf77	1.0	Xylitol - 40.0 eV	ESI	Orbitrap	Isolated	PI	Data Collector	M+Na	175.058	0.0	1.0			C([C@H]([C@@H]([C@H](CO)O)O)O)O	InChI=1S/C5H12O5/c6-1-3(8)5(10)4(9)2-7/h3-10H,1-2H2/t3-,4+,5+		1.0	Positive	BIRMINGHAM-UHPLC-MS-POS	175.058	UPDATE-SINGLE-ANNOTATED-GOLD	Gold		C5H12O5	HEBKCHPVOIAQTA-SCDXWVJYSA-N	HEBKCHPVOIAQTA	Organic oxygen compounds	Organooxygen compounds	Carbohydrates and carbohydrate conjugates	Saccharides	Monosaccharides	Carbohydrates	mzspec:GNPS:GNPS-LIBRARY:CCMSLIB00006112726
78	4	176.127792358398	1	176.127792358398	0.0	415.3065	0	4	10-D3M17.mzML	-1																																														
79	5	182.081614176432	1	182.081614176432	0.0	203.542	2	3	bkgrnd-marine-broth.mzML,10-D3M17.mzML	4	CCMSLIB00000427096	79.0	specs_ms.mgf	HMDB.mgf	0.98428	38716.4	204.883	5.78232	6.0	0.00105286	182.083	1.0	temp/specs_ms.mgf79	1.0	HMDB:HMDB00158-246 L-Tyrosine	Positive	Quattro_QQQ:25eV	Isolated	HMDB	HMDB	M+H	182.082	181.074	1.0	60-18-4		N[C@@H](CC1=CC=C(O)C=C1)C(O)=O	InChI=1S/C9H11NO3/c10-8(9(12)13)5-6-1-3-7(11)4-2-6/h1-4,8,11H,5,10H2,(H,12,13)/t8-/m0/s1		3.0	Positive	HMDB	182.082	UPDATE-SINGLE-ANNOTATED-BRONZE	Bronze		C9H11NO3	OUYCCCASQSFEME-QMMMGPOBSA-N	OUYCCCASQSFEME	Organic acids and derivatives	Carboxylic acids and derivatives	Amino acids, peptides, and analogues	Small peptides	Aminoacids	Amino acids and Peptides|Shikimates and Phenylpropanoids	mzspec:GNPS:GNPS-LIBRARY:CCMSLIB00000427096
80	6	182.081853230794	1	182.081853230794	0.0	204.2255	3	3	bkgrnd-marine-broth.mzML,10-D3M17.mzML	4	CCMSLIB00000425520	80.0	specs_ms.mgf	HMDB.mgf	0.972724	39588.3	203.377	7.37455	6.0	0.00134277	182.081	1.0	temp/specs_ms.mgf80	1.0	HMDB:HMDB00158-247 L-Tyrosine	Positive	Quattro_QQQ:40eV	Isolated	HMDB	HMDB	M+H	182.082	181.074	1.0	60-18-4		N[C@@H](CC1=CC=C(O)C=C1)C(O)=O	InChI=1S/C9H11NO3/c10-8(9(12)13)5-6-1-3-7(11)4-2-6/h1-4,8,11H,5,10H2,(H,12,13)/t8-/m0/s1		3.0	Positive	HMDB	182.082	UPDATE-SINGLE-ANNOTATED-BRONZE	Bronze		C9H11NO3	OUYCCCASQSFEME-QMMMGPOBSA-N	OUYCCCASQSFEME	Organic acids and derivatives	Carboxylic acids and derivatives	Amino acids, peptides, and analogues	Small peptides	Aminoacids	Amino acids and Peptides|Shikimates and Phenylpropanoids	mzspec:GNPS:GNPS-LIBRARY:CCMSLIB00000425520
81	6	182.9632263183595	1	182.9632263183595	0.0	115.98533333333332	3	3	bkgrnd-marine-broth.mzML,10-D3M17.mzML	32																																														
82	6	182.9632263183595	1	182.9632263183595	0.0	116.17633333333336	3	3	bkgrnd-marine-broth.mzML,10-D3M17.mzML	32																																														
83	2	183.09256744384749	1	183.09256744384749	0.0	463.3405	1	1	bkgrnd-marine-broth.mzML,10-D3M17.mzML	-1	CCMSLIB00005749177	83.0	specs_ms.mgf	MASSBANK.mgf	0.916819	11546.7	462.824	2.41684	6.0	0.000442505	183.092	1.0	temp/specs_ms.mgf83	1.0	Massbank:PR301081 Harmane	ESI	qTof	Isolated	Massbank	Massbank	M+H	183.092	0.0	1.0			CC1=C2NC3=CC=CC=C3C2=CC=N1	1S/C12H10N2/c1-8-12-10(6-7-13-8)9-4-2-3-5-11(9)14-12/h2-7,14H,1H3		3.0	Positive	MASSBANK	183.092	UPDATE-SINGLE-ANNOTATED-BRONZE	Bronze		C12H10N2	PSFDQSOCUJVVGF-UHFFFAOYSA-N	PSFDQSOCUJVVGF				Tryptophan alkaloids	Carboline alkaloids	Alkaloids	mzspec:GNPS:GNPS-LIBRARY:CCMSLIB00005749177
84	71	185.1109258963154	1	185.1109258963155	0.0	18.737232394366195	18	53	bkgrnd-marine-broth.mzML,10-D3M17.mzML	-1																																														
85	5	186.221692403158	1	186.221692403158	0.0	533.066	0	5	10-D3M17.mzML	-1																																														
86	5	188.0713256835938	1	188.0713256835938	0.0	436.1154	2	3	bkgrnd-marine-broth.mzML,10-D3M17.mzML	4	CCMSLIB00003138038	86.0	specs_ms.mgf	GNPS-NIST14-MATCHES.mgf	0.948806	51009.7	436.031	12.9	7.0	0.00242615	188.071	1.0	temp/specs_ms.mgf86	1.0	Spectral Match to L-Tryptophan from NIST14	ESI	HCD	Isolated	Data from Pieter Dorrestein	Data deposited by dfloros	M+H-NH3	188.073	0.0	1.0	73223					3.0	Positive	GNPS-NIST14-MATCHES	188.073	UPDATE-SINGLE-ANNOTATED-BRONZE	Bronze											mzspec:GNPS:GNPS-LIBRARY:CCMSLIB00003138038
87	5	188.0713256835938	1	188.0713256835938	0.0	436.3068	2	3	bkgrnd-marine-broth.mzML,10-D3M17.mzML	4	CCMSLIB00003139753	87.0	specs_ms.mgf	GNPS-NIST14-MATCHES.mgf	0.929197	55374.2	434.992	3.00194	6.0	0.000564575	188.071	1.0	temp/specs_ms.mgf87	1.0	Spectral Match to L-Tryptophan from NIST14	ESI	HCD	Isolated	Data from Rohwer	Data deposited by quinnr	M+H-NH3	188.07	0.0	1.0	73223					3.0	Positive	GNPS-NIST14-MATCHES	188.07	UPDATE-SINGLE-ANNOTATED-BRONZE	Bronze											mzspec:GNPS:GNPS-LIBRARY:CCMSLIB00003139753
88	3	189.088806152344	1	189.088806152344	0.0	268.015	3	0	bkgrnd-marine-broth.mzML	-1																																														
89	2	189.088806152344	1	189.088806152344	0.0	267.7825	2	0	bkgrnd-marine-broth.mzML	-1																																														
90	11	189.125183105469	1	189.125183105469	0.0	292.80799999999994	11	0	bkgrnd-marine-broth.mzML	4	CCMSLIB00003135153	90.0	specs_ms.mgf	GNPS-NIST14-MATCHES.mgf	0.776181	22873.8	276.971	10586.4	6.0	1.98119	189.125	1.0	temp/specs_ms.mgf90	1.0	Spectral Match to Ile-Ile-Lys from NIST14	ESI	QqQ	Isolated	Data from Gabriel Haddad	Data deposited by mjmeehan	M+2H]	187.144	0.0	1.0						3.0	Positive	GNPS-NIST14-MATCHES	187.144	UPDATE-SINGLE-ANNOTATED-BRONZE	Bronze											mzspec:GNPS:GNPS-LIBRARY:CCMSLIB00003135153
91	6	195.112294514974	1	195.112294514974	0.0	386.5508333333334	0	6	10-D3M17.mzML	4																																														
92	14	198.94058663504424	1	198.94058663504424	0.0	115.0929285714286	6	8	bkgrnd-marine-broth.mzML,10-D3M17.mzML	53																																														
93	12	203.223696390788	1	203.223696390788	0.0	118.89258333333332	6	6	bkgrnd-marine-broth.mzML,10-D3M17.mzML	-1																																														
94	5	205.09787902832025	1	205.09787902832025	0.0	435.8858	2	3	bkgrnd-marine-broth.mzML,10-D3M17.mzML	4	CCMSLIB00000425339	94.0	specs_ms.mgf	HMDB.mgf	0.980799	55688.5	434.418	5.28223	7.0	0.00108337	205.097	1.0	temp/specs_ms.mgf94	1.0	HMDB:HMDB00929-1322 L-Tryptophan	Positive	Quattro_QQQ:25eV	Isolated	HMDB	HMDB	M+H	205.098	204.09	1.0	73-22-3		N[C@@H](CC1=CNC2=CC=CC=C12)C(O)=O	InChI=1S/C11H12N2O2/c12-9(11(14)15)5-7-6-13-10-4-2-1-3-8(7)10/h1-4,6,9,13H,5,12H2,(H,14,15)/t9-/m0/s1		3.0	Positive	HMDB	205.098	UPDATE-SINGLE-ANNOTATED-BRONZE	Bronze		C11H12N2O2	QIVBCDIJIAJPQS-VIFPVBQESA-N	QIVBCDIJIAJPQS	Organoheterocyclic compounds	Indoles and derivatives	Indolyl carboxylic acids and derivatives	Small peptides	Aminoacids	Amino acids and Peptides|Shikimates and Phenylpropanoids	mzspec:GNPS:GNPS-LIBRARY:CCMSLIB00000425339
95	5	205.09787902832025	1	205.09787902832025	0.0	436.077	2	3	bkgrnd-marine-broth.mzML,10-D3M17.mzML	4	CCMSLIB00012879179	95.0	specs_ms.mgf	MSNLIB-POSITIVE.mgf	0.991736	50347.5	435.84	0.37199	6.0	7.62939e-05	205.097	1.0	temp/specs_ms.mgf95	1.0	D-Tryptophan	ESI	Orbitrap	Commercial	Tomas Pluskal	Corinna Brungs	[M+H]+	205.097	204.09	1.0			N[C@H](Cc1c[nH]c2ccccc12)C(=O)O	InChI=1S/C11H12N2O2/c12-9(11(14)15)5-7-6-13-10-4-2-1-3-8(7)10/h1-4,6,9,13H,5,12H2,(H,14,15)/t9-/m1/s1	QIVBCDIJIAJPQS-SECBINFHSA-N	1.0	Positive	MSNLIB-POSITIVE	205.097	UPDATE-SINGLE-ANNOTATED-GOLD	Gold		C11H12N2O2	QIVBCDIJIAJPQS-SECBINFHSA-N	QIVBCDIJIAJPQS	Organoheterocyclic compounds	Indoles and derivatives	Indolyl carboxylic acids and derivatives	Small peptides	Aminoacids	Amino acids and Peptides|Shikimates and Phenylpropanoids	mzspec:GNPS:GNPS-LIBRARY:CCMSLIB00012879179
96	11	211.10834063905625	1	211.10834063905625	0.0	247.5641818181818	5	6	bkgrnd-marine-broth.mzML,10-D3M17.mzML	4																																														
97	11	211.1452655214252	1	211.1452655214252	0.0	472.4199090909091	6	5	bkgrnd-marine-broth.mzML,10-D3M17.mzML	4	CCMSLIB00012440742	97.0	specs_ms.mgf	MSNLIB-POSITIVE.mgf	0.862698	19694.1	473.096	0.578138	6.0	0.00012207	211.144	1.0	temp/specs_ms.mgf97	1.0	5654-86-4	ESI	Orbitrap	Crude	Tomas Pluskal	Corinna Brungs	[M+H]+	211.144	210.137	1.0			CC(C)CC1NC(=O)C2CCCN2C1=O	InChI=1S/C11H18N2O2/c1-7(2)6-8-11(15)13-5-3-4-9(13)10(14)12-8/h7-9H,3-6H2,1-2H3,(H,12,14)	SZJNCZMRZAUNQT-UHFFFAOYSA-N	1.0	Positive	MSNLIB-POSITIVE	211.144	UPDATE-SINGLE-ANNOTATED-GOLD	Gold		C11H18N2O2	SZJNCZMRZAUNQT-UHFFFAOYSA-N	SZJNCZMRZAUNQT	Organic acids and derivatives	Carboxylic acids and derivatives	Amino acids, peptides, and analogues	Small peptides	Dipeptides	Amino acids and Peptides	mzspec:GNPS:GNPS-LIBRARY:CCMSLIB00012440742
98	12	214.918273925781	1	214.918273925781	0.0	120.64716666666668	6	6	bkgrnd-marine-broth.mzML,10-D3M17.mzML	53																																														
99	6	215.141209920247	1	215.141209920247	0.0	205.61616666666663	6	0	bkgrnd-marine-broth.mzML	4																																														
100	2	216.097198486328	1	216.097198486328	0.0	192.9175	0	2	10-D3M17.mzML	-1																																														
101	6	217.156880696615	1	217.156880696615	0.0	238.2893333333333	6	0	bkgrnd-marine-broth.mzML	4																																														
102	2	221.09162902832	1	221.09162902832	0.0	226.7965	0	2	10-D3M17.mzML	36																																														
103	2	221.09162902832	1	221.09162902832	0.0	226.988	0	2	10-D3M17.mzML	36																																														
104	16	223.98991394043	1	223.98991394043003	0.0	116.409625	8	8	bkgrnd-marine-broth.mzML,10-D3M17.mzML	32																																														
105	4	226.154426574707	1	226.154426574707	0.0	191.92	0	4	10-D3M17.mzML	-1																																														
106	6	227.101806640625	1	227.101806640625	0.0	278.77116666666666	0	6	10-D3M17.mzML	4	CCMSLIB00012878299	106.0	specs_ms.mgf	MSNLIB-POSITIVE.mgf	0.898815	7230.4	281.722	4235.4	6.0	0.957809	227.102	1.0	temp/specs_ms.mgf106	1.0	1044637-65-1	ESI	Orbitrap	Commercial	Tomas Pluskal	Corinna Brungs	[M+H]+	226.144	225.136	1.0			O=C(O)C1CCCCN1C(=O)C1CCCC1	InChI=1S/C12H19NO3/c14-11(9-5-1-2-6-9)13-8-4-3-7-10(13)12(15)16/h9-10H,1-8H2,(H,15,16)	BHNIPDIWMSLFOZ-UHFFFAOYSA-N	1.0	Positive	MSNLIB-POSITIVE	226.144	UPDATE-SINGLE-ANNOTATED-GOLD	Gold		C12H19NO3	BHNIPDIWMSLFOZ-UHFFFAOYSA-N	BHNIPDIWMSLFOZ						Amino acids and Peptides	mzspec:GNPS:GNPS-LIBRARY:CCMSLIB00012878299
107	4	227.139073689779	1	227.139073689779	0.0	452.45275	0	4	10-D3M17.mzML	4	CCMSLIB00000007040	107.0	specs_ms.mgf	GNPS-LIBRARY.mgf	0.796537	15225.6	453.288	0.268713	6.0	6.10352e-05	227.139	1.0	temp/specs_ms.mgf107	1.0	cyclo(L-Leu-L-4-Hyp)	DI-ESI	qTof	Isolated	Keyzers	R Keyzers	M+H	227.139	244.121	1.0	115006-86-5					3.0	Positive	GNPS-LIBRARY	227.139	UPDATE-SINGLE-ANNOTATED-BRONZE	Bronze											mzspec:GNPS:GNPS-LIBRARY:CCMSLIB00000007040
108	3	227.139846801758	1	227.139846801758	0.0	454.2366666666667	1	2	bkgrnd-marine-broth.mzML,10-D3M17.mzML	4	CCMSLIB00000007039	108.0	specs_ms.mgf	GNPS-LIBRARY.mgf	0.92984	51438.4	455.481	0.268713	12.0	6.10352e-05	227.139	1.0	temp/specs_ms.mgf108	1.0	cyclo(L-Leu-L-4-hydroxy-Pro)	DI-ESI	qTof	Isolated	Keyzers	R Keyzers	M+H	227.139	244.121	1.0	115006-86-5					3.0	Positive	GNPS-LIBRARY	227.139	UPDATE-SINGLE-ANNOTATED-BRONZE	Bronze											mzspec:GNPS:GNPS-LIBRARY:CCMSLIB00000007039
109	5	227.141393025716	1	227.141393025716	0.0	451.0756	5	0	bkgrnd-marine-broth.mzML	4	CCMSLIB00000007040	109.0	specs_ms.mgf	GNPS-LIBRARY.mgf	0.73652	24668.6	448.974	10.4798	8.0	0.00238037	227.141	1.0	temp/specs_ms.mgf109	1.0	cyclo(L-Leu-L-4-Hyp)	DI-ESI	qTof	Isolated	Keyzers	R Keyzers	M+H	227.139	244.121	1.0	115006-86-5					3.0	Positive	GNPS-LIBRARY	227.139	UPDATE-SINGLE-ANNOTATED-BRONZE	Bronze											mzspec:GNPS:GNPS-LIBRARY:CCMSLIB00000007040
110	6	229.11766967773403	1	229.11766967773403	0.0	146.13433333333336	0	6	10-D3M17.mzML	4																																														
111	3	229.117669677734	1	229.117669677734	0.0	424.6813333333334	0	3	10-D3M17.mzML	4	CCMSLIB00012948549	111.0	specs_ms.mgf	MSNLIB-POSITIVE.mgf	0.767803	5372.4	424.141	4360.26	6.0	0.994675	229.118	1.0	temp/specs_ms.mgf111	1.0	1-(oxolane-2-carbonyl)piperidine-2-carboxylic acid	ESI	Orbitrap	Commercial	Tomas Pluskal	Corinna Brungs	[M+H]+	228.123	227.116	1.0			O=C(O)C1CCCCN1C(=O)C1CCCO1	InChI=1S/C11H17NO4/c13-10(9-5-3-7-16-9)12-6-2-1-4-8(12)11(14)15/h8-9H,1-7H2,(H,14,15)	GZVXPKKVXAMGPM-UHFFFAOYSA-N	1.0	Positive	MSNLIB-POSITIVE	228.123	UPDATE-SINGLE-ANNOTATED-GOLD	Gold		C11H17NO4	GZVXPKKVXAMGPM-UHFFFAOYSA-N	GZVXPKKVXAMGPM				Small peptides	Dipeptides	Amino acids and Peptides	mzspec:GNPS:GNPS-LIBRARY:CCMSLIB00012948549
112	18	229.157028198242	1	229.15702819824207	0.0	369.7259444444445	18	0	bkgrnd-marine-broth.mzML	4																																														
113	12	230.249771118164	1	230.24977111816395	0.0	574.2293333333332	6	6	bkgrnd-marine-broth.mzML,10-D3M17.mzML	30	CCMSLIB00000579701	113.0	specs_ms.mgf	CASMI.mgf	0.910139	19431.5	571.456	0.132542	6.0	3.05176e-05	230.248	1.0	temp/specs_ms.mgf113	1.0	"""N,N-Dimethyldodecylamine N-oxide"""	LC-ESI	Orbitrap	Commercial	CASMI	CASMI2016	M+H	230.248	0.0	1.0		14688	CCCCCCCCCCCC[N+](C)(C)[O-]	"""InChI=1S/C14H31NO/c1-4-5-6-7-8-9-10-11-12-13-14-15(2,3)16/h4-14H2,1-3H3"""		1.0	 Positive	CASMI	230.248	UPDATE-SINGLE-ANNOTATED-GOLD	Gold			SYELZBGXAIXKHU-UHFFFAOYSA-N	SYELZBGXAIXKHU	Organic nitrogen compounds	Organonitrogen compounds	Aminoxides				mzspec:GNPS:GNPS-LIBRARY:CCMSLIB00000579701
114	4	231.172617594401	1	231.172617594401	0.0	366.98975	4	0	bkgrnd-marine-broth.mzML	4	CCMSLIB00003138677	114.0	specs_ms.mgf	GNPS-NIST14-MATCHES.mgf	0.798685	7731.1	366.539	8476.89	6.0	1.97638	231.173	1.0	temp/specs_ms.mgf114	1.0	Spectral Match to Ile-Thr from NIST14	ESI	QQQ	Isolated	Data from Joshua Wollam	Data deposited by fevargas	M+H	233.149	232.142	1.0			CCC(C)C(C(=O)NC(C(C)O)C(=O)O)N	InChI=1S/C10H20N2O4/c1-4-5(2)7(11)9(14)12-8(6(3)13)10(15)16/h5-8,13H,4,11H2,1-3H3,(H,12,14)(H,15,16)		3.0	Positive	GNPS-NIST14-MATCHES	233.149	UPDATE-SINGLE-ANNOTATED-BRONZE	Bronze		C10H20N2O4	DRCKHKZYDLJYFQ-UHFFFAOYSA-N	DRCKHKZYDLJYFQ	Organic acids and derivatives	Carboxylic acids and derivatives	Amino acids, peptides, and analogues	Small peptides	Dipeptides	Amino acids and Peptides	mzspec:GNPS:GNPS-LIBRARY:CCMSLIB00003138677
115	4	235.118446350098	1	235.118446350098	0.0	156.41675	0	4	10-D3M17.mzML	-1	CCMSLIB00010133245	115.0	specs_ms.mgf	MCE-DRUG.mgf	0.848778	7513.8	156.745	2.33633	6.0	0.000549316	235.118	1.0	temp/specs_ms.mgf115	1.0	Cyclo(-His-Pro)	ESI	Orbitrap	Crude	Tomas Pluskal	Corinna Brungs	M+H	235.119	234.112	1.0			O=C1N[C@@H](Cc2cnc[nH]2)C(=O)N2CCC[C@@H]12	"""InChI=1S/C11H14N4O2/c16-10-9-2-1-3-15(9)11(17)8(14-10)4-7-5-12-6-13-7/h5-6,8-9H,1-4H2,(H,12,13)(H,14,16)/t8-,9-/m0/s1"""	NAKUGCPAQTUSBE-IUCAKERBSA-N	3.0	Positive	MCE-DRUG	235.119	UPDATE-SINGLE-ANNOTATED-BRONZE	Bronze		C11H14N4O2	NAKUGCPAQTUSBE-IUCAKERBSA-N	NAKUGCPAQTUSBE	Organic acids and derivatives	Carboxylic acids and derivatives	Amino acids, peptides, and analogues	Small peptides	Dipeptides	Amino acids and Peptides	mzspec:GNPS:GNPS-LIBRARY:CCMSLIB00010133245
116	3	237.086359659831	1	237.086359659831	0.0	212.31466666666665	0	3	10-D3M17.mzML	11																																														
117	3	237.086359659831	1	237.086359659831	0.0	212.506	0	3	10-D3M17.mzML	11																																														
118	2	237.088798522949	1	237.088798522949	0.0	212.4415	2	0	bkgrnd-marine-broth.mzML	11	CCMSLIB00016344553	118.0	specs_ms.mgf	GNPS-ALKYLAMINES-LIBRARY.mgf	0.756748	5423.9	211.635	232.797	6.0	0.0552063	237.089	1.0	temp/specs_ms.mgf118	1.0	Hydroxylysine_Dihydroxyacetone (known isomers: 1; isobaric peaks in run: 1)	LC-ESI	Orbitrap	Crude	Pieter Dorrestein	Julius	[M+H]+	237.144	236.137	1.0		Dihydroxyacetone_Amine_batch3_P3_F6.mzML:scan:1729	CC(NCC(O)CC[C@H](N)C(=O)O)C(O)O	InChI=1S/C9H20N2O5/c1-5(8(13)14)11-4-6(12)2-3-7(10)9(15)16/h5-8,11-14H,2-4,10H2,1H3,(H,15,16)/t5?,6?,7-/m0/s1	InChI=1S/C9H20N2O5/c1-5(8(13)14)11-7(9(15)16)3-2-6(12)4-10/h5-8,11-14H,2-4,10H2,1H3,(H,15,16)/t5?,6?,7-/m0/s1 [M+H]+	1.0	Positive	GNPS-ALKYLAMINES-LIBRARY	237.144	UPDATE-SINGLE-ANNOTATED-GOLD	Gold		C9H20N2O5	TZBIAYPRDAERFG-AHXFUIDQSA-N	TZBIAYPRDAERFG				Small peptides	Aminoacids	Amino acids and Peptides	mzspec:GNPS:GNPS-LIBRARY:CCMSLIB00016344553
119	2	237.088798522949	1	237.088798522949	0.0	212.6325	2	0	bkgrnd-marine-broth.mzML	11																																														
120	12	239.967409769694	1	239.967409769694	0.0	116.52741666666668	6	6	bkgrnd-marine-broth.mzML,10-D3M17.mzML	53																																														
121	6	243.1345647176107	1	243.1345647176107	0.0	467.63	2	4	bkgrnd-marine-broth.mzML,10-D3M17.mzML	4	CCMSLIB00013039838	121.0	specs_ms.mgf	MSNLIB-POSITIVE.mgf	0.813269	18952.3	466.633	7856.88	6.0	1.9254	243.134	1.0	temp/specs_ms.mgf121	1.0	Pidotimod	ESI	Orbitrap	Commercial	Tomas Pluskal	Corinna Brungs	[M+H]+	245.059	244.052	1.0			O=C1CC[C@@H](C(=O)N2CSC[C@H]2C(=O)O)N1	InChI=1S/C9H12N2O4S/c12-7-2-1-5(10-7)8(13)11-4-16-3-6(11)9(14)15/h5-6H,1-4H2,(H,10,12)(H,14,15)/t5-,6-/m0/s1	UUTKICFRNVKFRG-WDSKDSINSA-N	1.0	Positive	MSNLIB-POSITIVE	245.059	UPDATE-SINGLE-ANNOTATED-GOLD	Gold		C9H12N2O4S	UUTKICFRNVKFRG-WDSKDSINSA-N	UUTKICFRNVKFRG	Organic acids and derivatives	Carboxylic acids and derivatives	Amino acids, peptides, and analogues	Small peptides	Aminoacids	Amino acids and Peptides	mzspec:GNPS:GNPS-LIBRARY:CCMSLIB00013039838
122	8	245.12885284423825	1	245.12885284423825	0.0	481.50325	2	6	bkgrnd-marine-broth.mzML,10-D3M17.mzML	-1	CCMSLIB00000007132	122.0	specs_ms.mgf	GNPS-LIBRARY.mgf	0.851288	16247.0	481.451	0.871476	6.0	0.000213623	245.128	1.0	temp/specs_ms.mgf122	1.0	cyclo(L-Phe-D-Pro)	DI-ESI	qTof	Isolated	Keyzers	R Keyzers	M+H	245.128	244.121	1.0	32021-26-4					3.0	Positive	GNPS-LIBRARY	245.128	UPDATE-SINGLE-ANNOTATED-BRONZE	Bronze	Human:Urine[Sample Type Detected]										mzspec:GNPS:GNPS-LIBRARY:CCMSLIB00000007132
123	12	245.14879099528	1	245.14879099528	0.0	207.9501666666666	0	12	10-D3M17.mzML	4																																														
124	4	254.16122436523423	1	254.16122436523423	0.0	197.35575	1	3	bkgrnd-marine-broth.mzML,10-D3M17.mzML	-1																																														
125	3	254.1614939371744	1	254.1614939371744	0.0	198.39266666666663	1	2	bkgrnd-marine-broth.mzML,10-D3M17.mzML	-1																																														
126	12	258.2813415527345	1	258.2813415527345	0.0	636.6395833333332	6	6	bkgrnd-marine-broth.mzML,10-D3M17.mzML	30																																														
127	2	260.199279785156	1	260.199279785156	0.0	193.0805	2	0	bkgrnd-marine-broth.mzML	-1																																														
128	7	261.12345813569584	1	261.12345813569584	0.0	463.1044285714286	1	6	bkgrnd-marine-broth.mzML,10-D3M17.mzML	4	CCMSLIB00000007114	128.0	specs_ms.mgf	GNPS-LIBRARY.mgf	0.938498	49897.5	457.864	3.85671	11.0	0.00100708	261.123	1.0	temp/specs_ms.mgf128	1.0	cyclo(Phe-4-Hyp)	DI-ESI	qTof	Isolated	Keyzers	R Keyzers	M+H	261.124	260.116	1.0	0					3.0	Positive	GNPS-LIBRARY	261.124	UPDATE-SINGLE-ANNOTATED-BRONZE	Bronze											mzspec:GNPS:GNPS-LIBRARY:CCMSLIB00000007114
129	2	261.126291910807	1	261.126291910807	0.0	458.2269999999999	2	0	bkgrnd-marine-broth.mzML	4	CCMSLIB00000007114	129.0	specs_ms.mgf	GNPS-LIBRARY.mgf	0.847549	18960.2	458.323	8.76525	8.0	0.00228882	261.126	1.0	temp/specs_ms.mgf129	1.0	cyclo(Phe-4-Hyp)	DI-ESI	qTof	Isolated	Keyzers	R Keyzers	M+H	261.124	260.116	1.0	0					3.0	Positive	GNPS-LIBRARY	261.124	UPDATE-SINGLE-ANNOTATED-BRONZE	Bronze											mzspec:GNPS:GNPS-LIBRARY:CCMSLIB00000007114
130	2	263.141876220703	1	263.141876220703	0.0	437.91399999999993	2	0	bkgrnd-marine-broth.mzML	4																																														
131	12	265.01644897460955	1	265.01644897460955	0.0	120.28716666666666	6	6	bkgrnd-marine-broth.mzML,10-D3M17.mzML	32																																														
132	12	268.10515848795586	1	268.10515848795586	0.0	196.73775	6	6	bkgrnd-marine-broth.mzML,10-D3M17.mzML	40	CCMSLIB00013024577	132.0	specs_ms.mgf	MSNLIB-POSITIVE.mgf	0.88854	22743.9	197.854	1.13827	6.0	0.000305176	268.104	1.0	temp/specs_ms.mgf132	1.0	adenosine	ESI	Orbitrap	Commercial	Tomas Pluskal	Corinna Brungs	[M+H]+	268.104	267.097	1.0			Nc1c2ncn([C@@H]3O[C@H](CO)[C@@H](O)[C@H]3O)c2ncn1	InChI=1S/C10H13N5O4/c11-8-5-9(13-2-12-8)15(3-14-5)10-7(18)6(17)4(1-16)19-10/h2-4,6-7,10,16-18H,1H2,(H2,11,12,13)/t4-,6-,7-,10-/m1/s1	OIRDTQYFTABQOQ-KQYNXXCUSA-N	1.0	Positive	MSNLIB-POSITIVE	268.104	UPDATE-SINGLE-ANNOTATED-GOLD	Gold		C10H13N5O4	OIRDTQYFTABQOQ-KQYNXXCUSA-N	OIRDTQYFTABQOQ				Nucleosides	Purine nucleos(t)ides	Carbohydrates	mzspec:GNPS:GNPS-LIBRARY:CCMSLIB00013024577
133	6	274.178975423177	1	274.178975423177	0.0	361.6316666666666	6	0	bkgrnd-marine-broth.mzML	47																																														
134	12	274.275970458984	1	274.275970458984	0.0	541.3925	6	6	bkgrnd-marine-broth.mzML,10-D3M17.mzML	-1	CCMSLIB00005761025	134.0	specs_ms.mgf	MASSBANK.mgf	0.83197	4619.3	543.371	13.4633	7.0	0.00369263	274.278	1.0	temp/specs_ms.mgf134	1.0	Massbank:LU030804 Lauryldiethanolamine|2-[dodecyl(2-hydroxyethyl)amino]ethanol	ESI	Hybrid FT	Isolated	Massbank	Massbank	M+H	274.274	0.0	1.0	1541-67-9		CCCCCCCCCCCCN(CCO)CCO	1S/C16H35NO2/c1-2-3-4-5-6-7-8-9-10-11-12-17(13-15-18)14-16-19/h18-19H,2-16H2,1H3		3.0	Positive	MASSBANK	274.274	UPDATE-SINGLE-ANNOTATED-BRONZE	Bronze		C16H35NO2	NKFNBVMJTSYZDV-UHFFFAOYSA-N	NKFNBVMJTSYZDV	Organic nitrogen compounds	Organonitrogen compounds	Amines	Fatty acyls|Fatty amides	Fatty alcohols|N-acyl ethanolamines (endocannabinoids)	Fatty acids	mzspec:GNPS:GNPS-LIBRARY:CCMSLIB00005761025
135	30	279.133188883464	1	279.1331888834639	0.0	354.1209	0	30	10-D3M17.mzML	4																																														
136	3	282.118576049805	1	282.118576049805	0.0	234.6013333333333	0	3	10-D3M17.mzML	54																																														
137	3	282.118576049805	1	282.118576049805	0.0	234.7923333333333	0	3	10-D3M17.mzML	54																																														
138	6	282.118576049805	1	282.118576049805	0.0	260.38100000000003	0	6	10-D3M17.mzML	40	CCMSLIB00006684797	138.0	specs_ms.mgf	MONA.mgf	0.794133	9108.2	261.324	4.97593	6.0	0.00140381	282.119	1.0	temp/specs_ms.mgf138	1.0	1-METHYLADENOSINE	ESI	qTof	isolated	MoNA	MoNA:MoNA031998	M+H	282.12	0.0	1.0			CN1C=NC2=C(C1=N)N=CN2[C@H]3[C@@H]([C@@H]([C@@H](CO)O3)O)O	"""InChI=1S/C11H15N5O4/c1-15-3-14-10-6(9(15)12)13-4-16(10)11-8(19)7(18)5(2-17)20-11/h3-5,7-8,11-12,17-19H,2H2,1H3/t5-,7-,8-,11-/m1/s1"""		3.0	positive	MONA	282.12	UPDATE-SINGLE-ANNOTATED-BRONZE	Bronze		C11H15N5O4	GFYLSDSUCHVORB-IOSLPCCCSA-N	GFYLSDSUCHVORB				Nucleosides	Purine nucleos(t)ides	Carbohydrates	mzspec:GNPS:GNPS-LIBRARY:CCMSLIB00006684797
139	2	283.1768493652345	1	283.1768493652345	0.0	422.439	1	1	bkgrnd-marine-broth.mzML,10-D3M17.mzML	-1																																														
140	12	284.09982299804705	1	284.09982299804705	0.0	220.96591666666663	6	6	bkgrnd-marine-broth.mzML,10-D3M17.mzML	40	CCMSLIB00006684850	140.0	specs_ms.mgf	MONA.mgf	0.894524	24086.8	222.653	3.75966	7.0	0.00106812	284.098	1.0	temp/specs_ms.mgf140	1.0	GUANOSINE	ESI	qTof	isolated	MoNA	MoNA:MoNA032591	M+H	284.099	0.0	1.0			C([C@@H]1[C@H]([C@H]([C@H](N2C=NC3=C2NC(=N)N=C3O)O1)O)O)O	"""InChI=1S/C10H13N5O5/c11-10-13-7-4(8(19)14-10)12-2-15(7)9-6(18)5(17)3(1-16)20-9/h2-3,5-6,9,16-18H,1H2,(H3,11,13,14,19)/t3-,5-,6-,9-/m1/s1"""		3.0	positive	MONA	284.099	UPDATE-SINGLE-ANNOTATED-BRONZE	Bronze		C10H13N5O5	NYHBQMYGNKIUIF-UUOKFMHZSA-N	NYHBQMYGNKIUIF				Nucleosides	Purine nucleos(t)ides	Carbohydrates	mzspec:GNPS:GNPS-LIBRARY:CCMSLIB00006684850
141	58	286.2219586045902	1	286.22195860459027	0.0	703.8146896551724	33	25	bkgrnd-marine-broth.mzML,10-D3M17.mzML	1																																														
142	62	286.2214144135589	1	286.2214144135589	0.0	577.590862903226	27	35	bkgrnd-marine-broth.mzML,10-D3M17.mzML	1																																														
143	105	286.2210756114521	1	286.22107561145185	0.0	547.2545873015874	37	68	bkgrnd-marine-broth.mzML,10-D3M17.mzML	1																																														
144	21	286.2217745082195	1	286.2217745082195	0.0	694.775246031746	11	10	bkgrnd-marine-broth.mzML,10-D3M17.mzML	1																																														
145	6	290.133697509766	1	290.133697509766	0.0	229.057	0	6	10-D3M17.mzML	-1																																														
146	10	291.25445353190105	1	291.25445353190105	0.0	835.9694999999999	4	6	bkgrnd-marine-broth.mzML,10-D3M17.mzML	9																																														
147	6	298.255554199219	1	298.255554199219	0.0	955.7191666666664	0	6	10-D3M17.mzML	-1																																														
148	6	302.286773681641	1	302.286773681641	0.0	19.92463888888889	0	6	10-D3M17.mzML	-1																																														
149	102	304.2307224647669	1	304.2307224647672	0.0	476.17555228758187	18	84	bkgrnd-marine-broth.mzML,10-D3M17.mzML	1																																														
150	12	304.3021189371745	1	304.3021189371745	0.0	646.8429166666666	6	6	bkgrnd-marine-broth.mzML,10-D3M17.mzML	13	CCMSLIB00012350786	150.0	specs_ms.mgf	MSNLIB-POSITIVE.mgf	0.929151	39139.9	643.271	0.802302	6.0	0.000244141	304.3	1.0	temp/specs_ms.mgf150	1.0	Benzododecinium	ESI	Orbitrap	Crude	Tomas Pluskal	Corinna Brungs	[M]+	304.3	304.3	1.0			CCCCCCCCCCCC[N+](C)(C)Cc1ccccc1	InChI=1S/C21H38N/c1-4-5-6-7-8-9-10-11-12-16-19-22(2,3)20-21-17-14-13-15-18-21/h13-15,17-18H,4-12,16,19-20H2,1-3H3/q+1	CYDRXTMLKJDRQH-UHFFFAOYSA-N	1.0	Positive	MSNLIB-POSITIVE	304.3	UPDATE-SINGLE-ANNOTATED-GOLD	Gold			CYDRXTMLKJDRQH-UHFFFAOYSA-N	CYDRXTMLKJDRQH	Benzenoids	Benzene and substituted derivatives	Phenylmethylamines				mzspec:GNPS:GNPS-LIBRARY:CCMSLIB00012350786
151	12	308.28173828125006	1	308.28173828125006	0.0	836.9415	6	6	bkgrnd-marine-broth.mzML,10-D3M17.mzML	9																																														
152	6	311.1751200358071	1	311.1751200358071	0.0	498.6565	0	6	10-D3M17.mzML	-1																																														
153	2	316.211273193359	1	316.211273193359	0.0	430.842	0	2	10-D3M17.mzML	-1																																														
154	4	320.159744262695	1	320.159744262695	0.0	445.2375	0	4	10-D3M17.mzML	4																																														
155	22	328.27107835283425	1	328.27107835283425	0.0	376.1941742424242	13	9	bkgrnd-marine-broth.mzML,10-D3M17.mzML	1																																														
156	104	328.2707053633295	1	328.2707053633302	0.0	624.3781987179486	54	50	bkgrnd-marine-broth.mzML,10-D3M17.mzML	1																																														
157	23	328.2716234000642	1	328.2716234000641	0.0	404.5037681159419	16	7	bkgrnd-marine-broth.mzML,10-D3M17.mzML	1																																														
158	77	328.2709769828645	1	328.27097698286485	0.0	576.7923203463203	44	33	bkgrnd-marine-broth.mzML,10-D3M17.mzML	1																																														
159	46	328.2710577850144	1	328.2710577850142	0.0	450.2910760869565	27	19	bkgrnd-marine-broth.mzML,10-D3M17.mzML	1																																														
160	33	328.2711571961444	1	328.27115719614415	0.0	505.9131212121212	20	13	bkgrnd-marine-broth.mzML,10-D3M17.mzML	1																																														
161	39	328.27040515226446	1	328.2704051522644	0.0	632.3524871794872	18	21	bkgrnd-marine-broth.mzML,10-D3M17.mzML	1																																														
162	19	328.271016108116	1	328.2710161081159	0.0	540.1436052631578	11	8	bkgrnd-marine-broth.mzML,10-D3M17.mzML	1																																														
163	66	329.270775997277	1	329.27077599727664	0.0	524.3068762626262	0	66	10-D3M17.mzML	1																																														
164	6	331.20065307617193	1	331.20065307617193	0.0	286.6181666666667	6	0	bkgrnd-marine-broth.mzML	47																																														
165	12	332.3338165283205	1	332.3338165283205	0.0	715.6477500000001	6	6	bkgrnd-marine-broth.mzML,10-D3M17.mzML	13	CCMSLIB00003139865	165.0	specs_ms.mgf	GNPS-NIST14-MATCHES.mgf	0.874051	23666.4	710.841	0.642802	6.0	0.000213623	332.331	1.0	temp/specs_ms.mgf165	1.0	Spectral Match to Benzyltetradecyldimethylammonium from NIST14	ESI	QqQ	Isolated	Data from Pieter Dorrestein;Ruben Abagayan	Data deposited by lfnothias	Cat	332.331	0.0	1.0	16287711					3.0	Positive	GNPS-NIST14-MATCHES	332.331	UPDATE-SINGLE-ANNOTATED-BRONZE	Bronze											mzspec:GNPS:GNPS-LIBRARY:CCMSLIB00003139865
166	12	335.2817687988285	1	335.2817687988285	0.0	827.8196666666666	6	6	bkgrnd-marine-broth.mzML,10-D3M17.mzML	9																																														
167	6	344.22860717773466	1	344.22860717773466	0.0	432.1136666666666	2	4	bkgrnd-marine-broth.mzML,10-D3M17.mzML	21																																														
168	80	346.2777839067245	1	346.277783906725	0.0	640.5984854166667	14	66	bkgrnd-marine-broth.mzML,10-D3M17.mzML	1																																														
169	58	346.27825094054924	1	346.2782509405495	0.0	576.9665172413792	16	42	bkgrnd-marine-broth.mzML,10-D3M17.mzML	1																																														
170	12	352.30868021647103	1	352.30868021647115	0.0	826.9253333333335	6	6	bkgrnd-marine-broth.mzML,10-D3M17.mzML	9																																														
171	2	355.263534545898	1	355.263534545898	0.0	623.0555	0	2	10-D3M17.mzML	19																																														
172	10	358.240777587891	1	358.240777587891	0.0	612.2922	0	10	10-D3M17.mzML	-1																																														
173	12	359.196111043294	1	359.196111043294	0.0	267.57941666666665	12	0	bkgrnd-marine-broth.mzML	12																																														
174	4	360.361938476563	1	360.361938476563	0.0	783.8787500000001	0	4	10-D3M17.mzML	13	CCMSLIB00012338213	174.0	specs_ms.mgf	MSNLIB-POSITIVE.mgf	0.838328	8332.2	784.591	0.169372	6.0	6.10352e-05	360.362	1.0	temp/specs_ms.mgf174	1.0	Cetalkonium	ESI	Orbitrap	Crude	Tomas Pluskal	Corinna Brungs	[M]+	360.362	360.362	1.0			CCCCCCCCCCCCCCCC[N+](C)(C)Cc1ccccc1	InChI=1S/C25H46N/c1-4-5-6-7-8-9-10-11-12-13-14-15-16-20-23-26(2,3)24-25-21-18-17-19-22-25/h17-19,21-22H,4-16,20,23-24H2,1-3H3/q+1	QDYLMAYUEZBUFO-UHFFFAOYSA-N	1.0	Positive	MSNLIB-POSITIVE	360.362	UPDATE-SINGLE-ANNOTATED-GOLD	Gold			QDYLMAYUEZBUFO-UHFFFAOYSA-N	QDYLMAYUEZBUFO	Benzenoids	Benzene and substituted derivatives	Phenylmethylamines				mzspec:GNPS:GNPS-LIBRARY:CCMSLIB00012338213
175	6	371.154459635417	1	371.154459635417	0.0	221.4526666666667	0	6	10-D3M17.mzML	4																																														
176	2	371.226806640625	1	371.226806640625	0.0	440.662	0	2	10-D3M17.mzML	-1																																														
177	4	373.276667277018	1	373.276667277018	0.0	617.7665000000001	2	2	bkgrnd-marine-broth.mzML,10-D3M17.mzML	19																																														
178	12	379.307947794596	1	379.307947794596	0.0	821.1385000000001	6	6	bkgrnd-marine-broth.mzML,10-D3M17.mzML	9																																														
179	2	385.249328613281	1	385.249328613281	0.0	442.302	2	0	bkgrnd-marine-broth.mzML	4																																														
180	8	388.25544230143214	1	388.255442301432	0.0	440.07112500000005	3	5	bkgrnd-marine-broth.mzML,10-D3M17.mzML	21	CCMSLIB00004721221	180.0	specs_ms.mgf	MONA.mgf	0.729994	7893.3	440.605	4651.09	6.0	1.81424	388.254	1.0	temp/specs_ms.mgf180	1.0	GALANTHAMINE HYDROBROMIDE		ESI-QFT	isolated	MoNA	MoNA:VF-NPL-QEHF027640	[M+Na]+	390.068	0.0	1.0			Br.COc1ccc2c3c1OC1CC(O)C=CC31CCN(C)C2	InChI=1S/C17H21NO3.BrH/c1-18-8-7-17-6-5-12(19)9-14(17)21-16-13(20-2)4-3-11(10-18)15(16)17;/h3-6,12,14,19H,7-10H2,1-2H3;1H		3.0	positive	MONA	390.068	UPDATE-SINGLE-ANNOTATED-BRONZE	Bronze		C17H22BrNO3	QORVDGQLPPAFRS-UHFFFAOYSA-N	QORVDGQLPPAFRS	Alkaloids and derivatives	Amaryllidaceae alkaloids	Galanthamine-type amaryllidaceae alkaloids	Tyrosine alkaloids	Amarylidaceae alkaloids	Alkaloids	mzspec:GNPS:GNPS-LIBRARY:CCMSLIB00004721221
181	6	392.18020629882807	1	392.18020629882807	0.0	278.67033333333336	0	6	10-D3M17.mzML	35																																														
182	12	396.335932413737	1	396.335932413737	0.0	818.3095833333334	6	6	bkgrnd-marine-broth.mzML,10-D3M17.mzML	9																																														
183	2	415.210723876953	1	415.210723876953	0.0	731.641	0	2	10-D3M17.mzML	-1																																														
184	2	415.253112792969	1	415.253112792969	0.0	444.95	0	2	10-D3M17.mzML	21	CCMSLIB00012366822	184.0	specs_ms.mgf	MSNLIB-POSITIVE.mgf	0.722078	10573.2	443.951	4535.3	6.0	1.89188	415.253	1.0	temp/specs_ms.mgf184	1.0	methyl 4-({3-[4-(benzyloxy)-2-hydroxyphenyl]-1H-pyrazol-4-yl}oxy)benzoate	ESI	Orbitrap	Crude	Tomas Pluskal	Corinna Brungs	[M+H]+	417.145	416.137	1.0			COC(=O)c1ccc(Oc2c(-c3c(O)cc(OCc4ccccc4)cc3)[nH]nc2)cc1	InChI=1S/C24H20N2O5/c1-29-24(28)17-7-9-18(10-8-17)31-22-14-25-26-23(22)20-12-11-19(13-21(20)27)30-15-16-5-3-2-4-6-16/h2-14,27H,15H2,1H3,(H,25,26)	WSTADHNURUWUMN-UHFFFAOYSA-N	1.0	Positive	MSNLIB-POSITIVE	417.145	UPDATE-SINGLE-ANNOTATED-GOLD	Gold		C24H20N2O5	WSTADHNURUWUMN-UHFFFAOYSA-N	WSTADHNURUWUMN	Organoheterocyclic compounds	Azoles	Pyrazoles			Shikimates and Phenylpropanoids	mzspec:GNPS:GNPS-LIBRARY:CCMSLIB00012366822
185	2	415.253112792969	1	415.253112792969	0.0	445.142	0	2	10-D3M17.mzML	-1																																														
186	2	419.233673095703	1	419.233673095703	0.0	459.379	2	0	bkgrnd-marine-broth.mzML	-1																																														
187	12	423.33474731445295	1	423.33474731445295	0.0	814.5050000000002	6	6	bkgrnd-marine-broth.mzML,10-D3M17.mzML	9																																														
188	2	426.321095784505	1	426.321095784505	0.0	619.0565	0	2	10-D3M17.mzML	19	CCMSLIB00004691588	188.0	specs_ms.mgf	MONA.mgf	0.846679	20854.2	618.056	0.214751	17.0	9.15527e-05	426.321	1.0	temp/specs_ms.mgf188	1.0	Cholic Acid		ESI-QFT	isolated	MoNA	MoNA:VF-NPL-QEHF000525	[M+NH4]+	426.321	0.0	1.0			C[C@H](CCC(=O)O)[C@H]1CC[C@H]2[C@@H]3[C@H](O)C[C@@H]4C[C@H](O)CC[C@]4(C)[C@H]3C[C@H](O)[C@]12C	InChI=1S/C24H40O5/c1-13(4-7-21(28)29)16-5-6-17-22-18(12-20(27)24(16,17)3)23(2)9-8-15(25)10-14(23)11-19(22)26/h13-20,22,25-27H,4-12H2,1-3H3,(H,28,29)/t13-,14+,15-,16-,17+,18+,19-,20+,22+,23+,24-/m1/s1		3.0	positive	MONA	426.321	UPDATE-SINGLE-ANNOTATED-BRONZE	Bronze		C24H40O5	BHQCQFFYRZLCQQ-OELDTZBJSA-N	BHQCQFFYRZLCQQ	Lipids and lipid-like molecules	Steroids and steroid derivatives	Bile acids, alcohols and derivatives	Steroids	Cholane steroids	Terpenoids	mzspec:GNPS:GNPS-LIBRARY:CCMSLIB00004691588
189	4	428.254776000977	1	428.254776000977	0.0	423.834	4	0	bkgrnd-marine-broth.mzML	-1																																														
190	8	430.2323074340817	1	430.2323074340817	0.0	415.4565	6	2	bkgrnd-marine-broth.mzML,10-D3M17.mzML	12																																														
191	2	430.243240356445	1	430.243240356445	0.0	471.441	0	2	10-D3M17.mzML	24																																														
192	2	430.243240356445	1	430.243240356445	0.0	471.633	0	2	10-D3M17.mzML	24																																														
193	9	432.2824390552662	1	432.2824390552663	0.0	444.8423333333333	4	5	bkgrnd-marine-broth.mzML,10-D3M17.mzML	21																																														
194	2	437.234954833984	1	437.234954833984	0.0	444.375	0	2	10-D3M17.mzML	16																																														
195	6	440.21269734700496	1	440.21269734700496	0.0	428.2575	0	6	10-D3M17.mzML	4	CCMSLIB00012323536	195.0	specs_ms.mgf	MSNLIB-POSITIVE.mgf	0.736673	31125.8	427.377	4390.52	6.0	1.94128	440.213	1.0	temp/specs_ms.mgf195	1.0	AZD3264	ESI	Orbitrap	Crude	Tomas Pluskal	Corinna Brungs	[M+H]+	442.154	441.147	1.0			Cc1noc(C)c1-c1cc(O[C@H]2CCNC2)c(-c2cc(C(N)=O)c(NC(N)=O)s2)cc1	InChI=1S/C21H23N5O4S/c1-10-18(11(2)30-26-10)12-3-4-14(16(7-12)29-13-5-6-24-9-13)17-8-15(19(22)27)20(31-17)25-21(23)28/h3-4,7-8,13,24H,5-6,9H2,1-2H3,(H2,22,27)(H3,23,25,28)/t13-/m0/s1	NMFIXEFNQPDISY-ZDUSSCGKSA-N	1.0	Positive	MSNLIB-POSITIVE	442.154	UPDATE-SINGLE-ANNOTATED-GOLD	Gold		C21H23N5O4S	NMFIXEFNQPDISY-ZDUSSCGKSA-N	NMFIXEFNQPDISY	Organoheterocyclic compounds	Thiophenes	Thiophene carboxylic acids and derivatives			Alkaloids	mzspec:GNPS:GNPS-LIBRARY:CCMSLIB00012323536
196	6	440.25493367513	1	440.25493367513	0.0	429.6103333333333	6	0	bkgrnd-marine-broth.mzML	4																																														
197	11	440.361599084103	1	440.361599084103	0.0	809.4226363636365	5	6	bkgrnd-marine-broth.mzML,10-D3M17.mzML	9																																														
198	6	440.41330973307305	1	440.41330973307305	0.0	729.048	3	3	bkgrnd-marine-broth.mzML,10-D3M17.mzML	5																																														
199	6	440.41330973307305	1	440.41330973307305	0.0	729.24	3	3	bkgrnd-marine-broth.mzML,10-D3M17.mzML	5																																														
200	8	444.288475036621	1	444.288475036621	0.0	610.8263750000001	0	8	10-D3M17.mzML	20																																														
201	14	444.29869733537953	1	444.29869733537953	0.0	736.9031428571429	4	10	bkgrnd-marine-broth.mzML,10-D3M17.mzML	20																																														
202	2	445.313283284505	1	445.313283284505	0.0	813.7279999999998	0	2	10-D3M17.mzML	16																																														
203	4	447.3476028442385	1	447.3476028442385	0.0	819.9362500000001	3	1	bkgrnd-marine-broth.mzML,10-D3M17.mzML	20																																														
204	2	448.306020100911	1	448.306020100911	0.0	551.5784999999998	0	2	10-D3M17.mzML	19																																														
205	6	449.20139567057305	1	449.20139567057305	0.0	279.1815	0	6	10-D3M17.mzML	35																																														
206	2	450.321695963542	1	450.321695963542	0.0	638.881	0	2	10-D3M17.mzML	19	CCMSLIB00006118609	206.0	specs_ms.mgf	BIRMINGHAM-UHPLC-MS-POS.mgf	0.767473	17289.6	638.457	0.677683	12.0	0.000305176	450.322	1.0	temp/specs_ms.mgf206	1.0	Glycodeoxycholic acid - 40.0 eV	ESI	Orbitrap	Isolated	PI	Data Collector	M+H	450.322	0.0	1.0			C[C@H](CCC(=O)NCC(=O)O)[C@H]1CC[C@@H]2[C@@]1([C@H](C[C@H]3[C@H]2CC[C@H]4[C@@]3(CC[C@H](C4)O)C)O)C	InChI=1S/C26H43NO5/c1-15(4-9-23(30)27-14-24(31)32)19-7-8-20-18-6-5-16-12-17(28)10-11-25(16,2)21(18)13-22(29)26(19,20)3/h15-22,28-29H,4-14H2,1-3H3,(H,27,30)(H,31,32)/t15-,16-,17-,18+,19-,20+,21+,22+,25+,26-/m1/s1		1.0	Positive	BIRMINGHAM-UHPLC-MS-POS	450.322	UPDATE-SINGLE-ANNOTATED-GOLD	Gold		C26H43NO5	WVULKSPCQVQLCU-BUXLTGKBSA-N	WVULKSPCQVQLCU	Lipids and lipid-like molecules	Steroids and steroid derivatives	Bile acids, alcohols and derivatives	Steroids	Cholane steroids	Terpenoids	mzspec:GNPS:GNPS-LIBRARY:CCMSLIB00006118609
207	2	456.249816894531	1	456.249816894531	0.0	423.603	2	0	bkgrnd-marine-broth.mzML	12																																														
208	3	458.26589965820295	1	458.26589965820295	0.0	426.754	3	0	bkgrnd-marine-broth.mzML	-1																																														
209	2	460.244934082031	1	460.244934082031	0.0	417.519	2	0	bkgrnd-marine-broth.mzML	-1																																														
210	3	466.3184068467883	1	466.3184068467883	0.0	549.5816666666667	1	2	bkgrnd-marine-broth.mzML,10-D3M17.mzML	19	CCMSLIB00004716316	210.0	specs_ms.mgf	MONA.mgf	0.932311	69859.4	549.812	0.392664	22.0	0.000183105	466.316	1.0	temp/specs_ms.mgf210	1.0	Glycocholic Acid		ESI-QFT	isolated	MoNA	MoNA:VF-NPL-QEHF025253	[M+H]+	466.316	0.0	1.0			C[C@H](CCC(O)=NCC(=O)O)[C@H]1CC[C@H]2[C@@H]3[C@H](O)C[C@@H]4C[C@H](O)CC[C@]4(C)[C@H]3C[C@H](O)[C@]12C	InChI=1S/C26H43NO6/c1-14(4-7-22(31)27-13-23(32)33)17-5-6-18-24-19(12-21(30)26(17,18)3)25(2)9-8-16(28)10-15(25)11-20(24)29/h14-21,24,28-30H,4-13H2,1-3H3,(H,27,31)(H,32,33)/t14-,15+,16-,17-,18+,19+,20-,21+,24+,25+,26-/m1/s1		3.0	positive	MONA	466.316	UPDATE-SINGLE-ANNOTATED-BRONZE	Bronze		C26H43NO6	RFDAIACWWDREDC-FRVQLJSFSA-N	RFDAIACWWDREDC	Lipids and lipid-like molecules	Steroids and steroid derivatives	Bile acids, alcohols and derivatives	Steroids	Cholane steroids	Terpenoids	mzspec:GNPS:GNPS-LIBRARY:CCMSLIB00004716316
211	4	466.319699605306	1	466.319699605306	0.0	549.6579999999999	2	2	bkgrnd-marine-broth.mzML,10-D3M17.mzML	19	CCMSLIB00012282092	211.0	specs_ms.mgf	MSNLIB-POSITIVE.mgf	0.920868	64443.6	550.003	0.392664	17.0	0.000183105	466.316	1.0	temp/specs_ms.mgf211	1.0	Glycocholic acid	ESI	Orbitrap	Crude	Tomas Pluskal	Corinna Brungs	[M+H]+	466.316	465.309	1.0			C[C@H](CCC(=O)NCC(=O)O)[C@H]1CC[C@H]2[C@@H]3[C@H](O)C[C@@H]4C[C@H](O)CC[C@]4(C)[C@H]3C[C@H](O)[C@]12C	InChI=1S/C26H43NO6/c1-14(4-7-22(31)27-13-23(32)33)17-5-6-18-24-19(12-21(30)26(17,18)3)25(2)9-8-16(28)10-15(25)11-20(24)29/h14-21,24,28-30H,4-13H2,1-3H3,(H,27,31)(H,32,33)/t14-,15+,16-,17-,18+,19+,20-,21+,24+,25+,26-/m1/s1	RFDAIACWWDREDC-FRVQLJSFSA-N	1.0	Positive	MSNLIB-POSITIVE	466.316	UPDATE-SINGLE-ANNOTATED-GOLD	Gold		C26H43NO6	RFDAIACWWDREDC-FRVQLJSFSA-N	RFDAIACWWDREDC	Lipids and lipid-like molecules	Steroids and steroid derivatives	Bile acids, alcohols and derivatives	Steroids	Cholane steroids	Terpenoids	mzspec:GNPS:GNPS-LIBRARY:CCMSLIB00012282092
212	2	467.357360839844	1	467.357360839844	0.0	806.3629999999999	0	2	10-D3M17.mzML	9																																														
213	2	467.357360839844	1	467.357360839844	0.0	806.5550000000001	0	2	10-D3M17.mzML	-1																																														
214	12	476.3094584147136	1	476.3094584147136	0.0	449.5566666666666	6	6	bkgrnd-marine-broth.mzML,10-D3M17.mzML	21																																														
215	8	477.33412933349655	1	477.33412933349655	0.0	618.1516250000001	2	6	bkgrnd-marine-broth.mzML,10-D3M17.mzML	20																																														
216	4	482.368082682292	1	482.368082682292	0.0	889.3055	0	4	10-D3M17.mzML	21																																														
217	12	483.2525583902995	1	483.2525583902995	0.0	728.4332499999999	6	6	bkgrnd-marine-broth.mzML,10-D3M17.mzML	20																																														
218	2	483.290130615234	1	483.290130615234	0.0	446.4285	0	2	10-D3M17.mzML	20																																														
219	12	484.3876241048174	1	484.3876241048174	0.0	801.8866666666668	6	6	bkgrnd-marine-broth.mzML,10-D3M17.mzML	9																																														
220	6	488.2404073079429	1	488.2404073079429	0.0	413.64699999999993	6	0	bkgrnd-marine-broth.mzML	12																																														
221	11	491.3725604433002	1	491.3725604433002	0.0	812.0730909090909	6	5	bkgrnd-marine-broth.mzML,10-D3M17.mzML	20																																														
222	9	495.476874457465	1	495.476874457465	0.0	19.38711111111111	9	0	bkgrnd-marine-broth.mzML	-1																																														
223	9	495.476874457465	1	495.476874457465	0.0	19.39027777777778	9	0	bkgrnd-marine-broth.mzML	-1																																														
224	4	498.28980763753225	1	498.28980763753225	0.0	605.2887499999999	1	3	bkgrnd-marine-broth.mzML,10-D3M17.mzML	19																																														
225	4	498.2936172485347	1	498.2936172485347	0.0	599.60075	3	1	bkgrnd-marine-broth.mzML,10-D3M17.mzML	19	CCMSLIB00005435562	225.0	specs_ms.mgf	BILELIB19.mgf	0.797259	19424.0	607.366	1.83735	15.0	0.000915527	498.288	1.0	temp/specs_ms.mgf225	1.0	taurocholic acid	ESI	Orbitrap	commercial	Dorrestein	A. Jarmusch	M-H2O+H	498.287	515.292	1.0	?81-24-3		C[C@H](CCC(=O)NCCS(=O)(=O)O)[C@H]1CC[C@@H]2[C@@]1([C@H](C[C@H]3[C@H]2[C@@H](C[C@H]4[C@@]3(CC[C@H](C4)O)C)O)O)C	1S/C26H45NO7S/c1-15(4-7-23(31)27-10-11-35(32,33)34)18-5-6-19-24-20(14-22(30)26(18,19)3)25(2)9-8-17(28)12-16(25)13-21(24)29/h15-22,24,28-30H,4-14H2,1-3H3,(H,27,31)(H,32,33,34)/t15?,16-,17+,18+,19-,20-,21+,22-,24-,25?,26?/m0/s1		1.0	Positive	BILELIB19	498.287	UPDATE-SINGLE-ANNOTATED-GOLD	Gold		C26H45NO7S	WBWWGRHZICKQGZ-HZAMXZRMSA-N	WBWWGRHZICKQGZ	Lipids and lipid-like molecules	Steroids and steroid derivatives	Bile acids, alcohols and derivatives	Steroids	Cholane steroids	Terpenoids	mzspec:GNPS:GNPS-LIBRARY:CCMSLIB00005435562
226	4	511.292541503906	1	511.292541503906	0.0	431.57175	4	0	bkgrnd-marine-broth.mzML	4																																														
227	3	513.265482584635	1	513.265482584635	0.0	414.14699999999993	0	3	10-D3M17.mzML	-1																																														
228	3	513.265482584635	1	513.265482584635	0.0	414.339	0	3	10-D3M17.mzML	4																																														
229	6	514.3584594726561	1	514.3584594726561	0.0	651.6610000000001	0	6	10-D3M17.mzML	21																																														
230	5	518.358194986979	1	518.358194986979	0.0	640.9359999999999	0	5	10-D3M17.mzML	20																																														
231	12	520.3359883626304	1	520.3359883626304	0.0	453.198	6	6	bkgrnd-marine-broth.mzML,10-D3M17.mzML	21																																														
232	3	522.224914550781	1	522.224914550781	0.0	428.886	3	0	bkgrnd-marine-broth.mzML	12																																														
233	2	525.2901611328125	1	525.2901611328125	0.0	452.229	1	1	bkgrnd-marine-broth.mzML,10-D3M17.mzML	16																																														
234	3	526.393900553385	1	526.393900553385	0.0	878.3526666666666	0	3	10-D3M17.mzML	21																																														
235	9	526.399203830295	1	526.399203830295	0.0	880.5307777777778	6	3	bkgrnd-marine-broth.mzML,10-D3M17.mzML	21	CCMSLIB00012865766	235.0	specs_ms.mgf	MSNLIB-NEGATIVE.mgf	0.705751	16346.1	879.046	1555.48	6.0	0.820068	526.394	1.0	temp/specs_ms.mgf235	1.0	Dutasteride	ESI	Orbitrap	Commercial	Tomas Pluskal	Corinna Brungs	[M-H]-	527.214	528.221	-1.0			C[C@]12C=CC(=O)N[C@@H]1CC[C@@H]1[C@@H]2CC[C@]2(C)[C@@H](C(=O)Nc3c(C(F)(F)F)ccc(C(F)(F)F)c3)CC[C@@H]12	InChI=1S/C27H30F6N2O2/c1-24-11-9-17-15(4-8-21-25(17,2)12-10-22(36)35-21)16(24)6-7-19(24)23(37)34-20-13-14(26(28,29)30)3-5-18(20)27(31,32)33/h3,5,10,12-13,15-17,19,21H,4,6-9,11H2,1-2H3,(H,34,37)(H,35,36)/t15-,16-,17-,19+,21+,24-,25+/m0/s1	JWJOTENAMICLJG-QWBYCMEYSA-N	1.0	Negative	MSNLIB-NEGATIVE	527.214	UPDATE-SINGLE-ANNOTATED-GOLD	Gold		C27H30F6N2O2	JWJOTENAMICLJG-QWBYCMEYSA-N	JWJOTENAMICLJG	Lipids and lipid-like molecules	Steroids and steroid derivatives	Androstane steroids	Steroids	Androstane steroids	Terpenoids	mzspec:GNPS:GNPS-LIBRARY:CCMSLIB00012865766
236	2	527.287231445313	1	527.287231445313	0.0	398.21100000000007	2	0	bkgrnd-marine-broth.mzML	-1																																														
237	2	527.316040039063	1	527.316040039063	0.0	449.194	0	2	10-D3M17.mzML	20																																														
238	12	528.4142354329424	1	528.4142354329424	0.0	796.1601666666668	6	6	bkgrnd-marine-broth.mzML,10-D3M17.mzML	9																																														
239	3	531.350250244141	1	531.350250244141	0.0	882.0939999999998	0	3	10-D3M17.mzML	16																																														
240	6	533.3290201822915	1	533.3290201822915	0.0	601.8928333333333	3	3	bkgrnd-marine-broth.mzML,10-D3M17.mzML	19																																														
241	4	533.3272298177083	1	533.3272298177083	0.0	604.9607500000001	1	3	bkgrnd-marine-broth.mzML,10-D3M17.mzML	19																																														
242	8	534.3596293131508	1	534.3596293131507	0.0	552.3986249999999	6	2	bkgrnd-marine-broth.mzML,10-D3M17.mzML	20																																														
243	10	535.3977783203127	1	535.3977783203127	0.0	806.8429	4	6	bkgrnd-marine-broth.mzML,10-D3M17.mzML	20																																														
244	6	538.2797241210939	1	538.2797241210939	0.0	612.8443333333332	0	6	10-D3M17.mzML	-1	CCMSLIB00003136458	244.0	specs_ms.mgf	GNPS-NIST14-MATCHES.mgf	0.83297	11598.8	613.673	2.38117	15.0	0.00128174	538.28	1.0	temp/specs_ms.mgf244	1.0	Spectral Match to Taurocholic acid from NIST14	ESI	qTof	Isolated	Data from Joshua Wollam	Data deposited by fevargas	M+Na	538.281	515.292	1.0	81243		C[C@H](CCC(=O)NCCS(=O)(=O)O)[C@H]1CC[C@@H]2[C@@]1([C@H](C[C@H]3[C@H]2[C@@H](C[C@H]4[C@@]3(CC[C@H](C4)O)C)O)O)C	InChI=1S/C26H45NO7S/c1-15(4-7-23(31)27-10-11-35(32,33)34)18-5-6-19-24-20(14-22(30)26(18,19)3)25(2)9-8-17(28)12-16(25)13-21(24)29/h15-22,24,28-30H,4-14H2,1-3H3,(H,27,31)(H,32,33,34)/t15-,16+,17-,18-,19+,20+,21-,22+,24+,25+,26-/m1/s1		3.0	Positive	GNPS-NIST14-MATCHES	538.281	UPDATE-SINGLE-ANNOTATED-BRONZE	Bronze		C26H45NO7S	WBWWGRHZICKQGZ-HZAMXZRMSA-N	WBWWGRHZICKQGZ	Lipids and lipid-like molecules	Steroids and steroid derivatives	Bile acids, alcohols and derivatives	Steroids	Cholane steroids	Terpenoids	mzspec:GNPS:GNPS-LIBRARY:CCMSLIB00003136458
245	2	542.349975585938	1	542.349975585938	0.0	19.44075	0	2	10-D3M17.mzML	20																																														
246	6	558.383504231771	1	558.383504231771	0.0	649.0503333333334	0	6	10-D3M17.mzML	21																																														
247	11	564.3622676964966	1	564.3622676964966	0.0	456.5105454545455	6	5	bkgrnd-marine-broth.mzML,10-D3M17.mzML	21																																														
248	2	569.31787109375	1	569.31787109375	0.0	455.1905	1	1	bkgrnd-marine-broth.mzML,10-D3M17.mzML	16																																														
249	3	569.3160807291666	1	569.3160807291666	0.0	456.4016666666668	1	2	bkgrnd-marine-broth.mzML,10-D3M17.mzML	16																																														
250	9	570.4259711371527	1	570.4259711371527	0.0	872.4555555555556	6	3	bkgrnd-marine-broth.mzML,10-D3M17.mzML	21																																														
251	3	570.420328776042	1	570.420328776042	0.0	871.28	0	3	10-D3M17.mzML	21																																														
252	12	572.4410807291664	1	572.4410807291664	0.0	790.1384999999999	6	6	bkgrnd-marine-broth.mzML,10-D3M17.mzML	9																																														
253	7	584.3074747721357	1	584.3074747721357	0.0	417.02342857142855	5	2	bkgrnd-marine-broth.mzML,10-D3M17.mzML	4																																														
254	3	586.325286865234	1	586.325286865234	0.0	432.63	3	0	bkgrnd-marine-broth.mzML	-1																																														
255	11	608.3883814956203	1	608.3883814956204	0.0	458.8766363636364	6	5	bkgrnd-marine-broth.mzML,10-D3M17.mzML	21	CCMSLIB00004698563	255.0	specs_ms.mgf	MONA.mgf	0.740762	20822.3	457.091	1726.51	6.0	1.04858	608.392	1.0	temp/specs_ms.mgf255	1.0	dehydroxynocardamine		ESI-QFT	isolated	MoNA	MoNA:VF-NPL-QEHF007500	[M+Na]+	607.343	0.0	1.0			O=C1CCC(O)=NCCCCCN=C(O)CCC(O)=NCCCCCN(O)C(=O)CCC(O)=NCCCCCN1O	InChI=1S/C27H48N6O8/c34-22-10-11-23(35)29-18-6-2-8-20-32(40)27(39)15-13-25(37)31-19-7-3-9-21-33(41)26(38)14-12-24(36)30-17-5-1-4-16-28-22/h40-41H,1-21H2,(H,28,34)(H,29,35)(H,30,36)(H,31,37)		3.0	positive	MONA	607.343	UPDATE-SINGLE-ANNOTATED-BRONZE	Bronze		C27H48N6O8	ABHHIGWFFMCQOC-UHFFFAOYSA-N	ABHHIGWFFMCQOC						Alkaloids	mzspec:GNPS:GNPS-LIBRARY:CCMSLIB00004698563
256	2	612.341369628906	1	612.341369628906	0.0	437.1449999999999	2	0	bkgrnd-marine-broth.mzML	4																																														
257	2	612.341369628906	1	612.341369628906	0.0	439.529	2	0	bkgrnd-marine-broth.mzML	6																																														
258	2	613.339080810547	1	613.339080810547	0.0	458.728	0	2	10-D3M17.mzML	16																																														
259	4	614.357238769531	1	614.357238769531	0.0	442.917	4	0	bkgrnd-marine-broth.mzML	6																																														
260	11	614.4519579338304	1	614.4519579338304	0.0	865.3865454545454	6	5	bkgrnd-marine-broth.mzML,10-D3M17.mzML	21																																														
261	12	616.4670206705731	1	616.4670206705732	0.0	785.6265000000001	6	6	bkgrnd-marine-broth.mzML,10-D3M17.mzML	9																																														
262	3	618.330220540365	1	618.330220540365	0.0	405.79233333333326	3	0	bkgrnd-marine-broth.mzML	-1																																														
263	3	618.330220540365	1	618.330220540365	0.0	405.98433333333327	3	0	bkgrnd-marine-broth.mzML	4																																														
264	2	636.397277832031	1	636.397277832031	0.0	474.441	0	2	10-D3M17.mzML	-1																																														
265	7	652.4122140066964	1	652.4122140066964	0.0	462.1758571428571	2	5	bkgrnd-marine-broth.mzML,10-D3M17.mzML	21																																														
266	10	658.4785441080728	1	658.4785441080727	0.0	859.3557000000001	6	4	bkgrnd-marine-broth.mzML,10-D3M17.mzML	21																																														
267	2	658.472574869792	1	658.472574869792	0.0	857.4205	0	2	10-D3M17.mzML	21																																														
268	10	660.4923095703124	1	660.4923095703124	0.0	780.7124	4	6	bkgrnd-marine-broth.mzML,10-D3M17.mzML	9																																														
269	2	679.302876790365	1	679.302876790365	0.0	411.3925	0	2	10-D3M17.mzML	-1																																														
270	3	679.302876790365	1	679.302876790365	0.0	412.71633333333335	0	3	10-D3M17.mzML	4																																														
271	2	693.354309082031	1	693.354309082031	0.0	453.96100000000007	0	2	10-D3M17.mzML	-1																																														
272	7	696.4398106166293	1	696.4398106166293	0.0	463.4665714285714	3	4	bkgrnd-marine-broth.mzML,10-D3M17.mzML	21																																														
273	3	702.4989217122398	1	702.4989217122398	0.0	851.6759999999999	0	3	10-D3M17.mzML	21																																														
274	3	702.4989217122398	1	702.4989217122398	0.0	853.2549999999999	0	3	10-D3M17.mzML	21																																														
275	6	704.514282226563	1	704.514282226563	0.0	775.6470000000002	0	6	10-D3M17.mzML	9																																														
276	6	740.4654337565104	1	740.4654337565104	0.0	465.6118333333334	2	4	bkgrnd-marine-broth.mzML,10-D3M17.mzML	21																																														
277	2	755.355804443359	1	755.355804443359	0.0	422.37299999999993	0	2	10-D3M17.mzML	4																																														
278	3	756.3587443033852	1	756.3587443033852	0.0	402.7480000000001	3	0	bkgrnd-marine-broth.mzML	-1																																														
279	3	783.443644205729	1	783.443644205729	0.0	405.9203333333333	3	0	bkgrnd-marine-broth.mzML	-1																																														
280	2	783.443644205729	1	783.443644205729	0.0	405.175	2	0	bkgrnd-marine-broth.mzML	-1																																														
281	3	784.4909871419273	1	784.4909871419273	0.0	467.5536666666667	1	2	bkgrnd-marine-broth.mzML,10-D3M17.mzML	21																																														
282	6	817.5862698025172	1	817.5862698025172	0.0	618.434	2	4	bkgrnd-marine-broth.mzML,10-D3M17.mzML	-1	CCMSLIB00005465298	282.0	specs_ms.mgf	BILELIB19.mgf	0.931852	46190.8	619.289	0.149307	11.0	0.00012207	817.582	1.0	temp/specs_ms.mgf282	1.0	"""(4R)-4-((3R,5S,7R,9S,10S,13R,14S,15R,17R)-3,7,15-trihydroxy-10,13-dimethylhexadecahydro-1H-cyclopenta[a]phenanthren-17-yl)pentanoic acid"""	ESI	qTof	crude	Dorrestein	Emily Gentry	2M+H	817.582	408.288	1.0			[H][C@@]12[C@H](O)C[C@@H]3C[C@H](O)CC[C@]3(C)[C@H]1CC[C@@]4(C)[C@]2([C@@H](O)C[C@@H]4[C@@H](CCC(O)=O)C)[H]	"""InChI=1S/C24H40O5/c1-13(4-5-20(28)29)17-12-19(27)22-21-16(7-9-24(17,22)3)23(2)8-6-15(25)10-14(23)11-18(21)26/h13-19,21-22,25-27H,4-12H2,1-3H3,(H,28,29)/t13-,14+,15-,16+,17-,18-,19+,21+,22+,23+,24-/m1/s1"""		1.0	Positive	BILELIB19	817.582	UPDATE-SINGLE-ANNOTATED-GOLD	Gold		C24H40O5	KAOKDEFHEADBNL-BLLLHDCFSA-N	KAOKDEFHEADBNL	Lipids and lipid-like molecules	Steroids and steroid derivatives	Bile acids, alcohols and derivatives	Steroids	Cholane steroids	Terpenoids	mzspec:GNPS:GNPS-LIBRARY:CCMSLIB00005465298
283	2	828.513488769531	1	828.513488769531	0.0	469.88000000000005	0	2	10-D3M17.mzML	-1																																														
284	2	871.4550933837891	1	871.4550933837891	0.0	437.117	1	1	bkgrnd-marine-broth.mzML,10-D3M17.mzML	14																																														
285	3	895.395345052083	1	895.395345052083	0.0	411.003	0	3	10-D3M17.mzML	-1																																														
286	2	906.428304036458	1	906.428304036458	0.0	404.02	0	2	10-D3M17.mzML	-1																																														
287	4	906.4313049316404	1	906.4313049316404	0.0	404.17975	1	3	bkgrnd-marine-broth.mzML,10-D3M17.mzML	7																																														
288	4	922.4261169433594	1	922.4261169433594	0.0	401.19575	1	3	bkgrnd-marine-broth.mzML,10-D3M17.mzML	7																																														
289	3	931.628702799479	1	931.628702799479	0.0	554.0669999999999	1	2	bkgrnd-marine-broth.mzML,10-D3M17.mzML	19	CCMSLIB00005464875	289.0	specs_ms.mgf	BILELIB19.mgf	0.892549	65367.8	552.963	1.04824	18.0	0.000976562	931.624	1.0	temp/specs_ms.mgf289	1.0	"""((R)-4-((3R,5S,7S,8R,9S,10S,12S,13R,14S,17R)-3,7,12-trihydroxy-10,13-dimethylhexadecahydro-1H-cyclopenta[a]phenanthren-17-yl)pentanoyl)glycine"""	ESI	qTof	crude	Dorrestein	Emily Gentry	2M+H	931.625	465.309	1.0			C[C@@H]([C@H]1CC[C@]2([H])[C@]1(C)[C@@H](O)C[C@@]3([H])[C@@]2([H])[C@@H](O)C[C@@]4([H])[C@]3(C)CC[C@@H](O)C4)CCC(NCC(O)=O)=O	"""InChI=1S/C26H43NO6/c1-14(4-7-22(31)27-13-23(32)33)17-5-6-18-24-19(12-21(30)26(17,18)3)25(2)9-8-16(28)10-15(25)11-20(24)29/h14-21,24,28-30H,4-13H2,1-3H3,(H,27,31)(H,32,33)/t14-,15+,16-,17-,18+,19+,20+,21+,24+,25+,26-/m1/s1"""		1.0	Positive	BILELIB19	931.625	UPDATE-SINGLE-ANNOTATED-GOLD	Gold		C26H43NO6	RFDAIACWWDREDC-IFZPJRIXSA-N	RFDAIACWWDREDC	Lipids and lipid-like molecules	Steroids and steroid derivatives	Bile acids, alcohols and derivatives	Steroids	Cholane steroids	Terpenoids	mzspec:GNPS:GNPS-LIBRARY:CCMSLIB00005464875
290	2	931.624053955078	1	931.624053955078	0.0	554.541	0	2	10-D3M17.mzML	19	CCMSLIB00005435517	290.0	specs_ms.mgf	BILELIB19.mgf	0.74675	47543.6	553.156	1.04824	14.0	0.000976562	931.624	1.0	temp/specs_ms.mgf290	1.0	glycocholic acid	ESI	Orbitrap	commercial	Dorrestein	A. Jarmusch	2M+H	931.625	465.309	1.0	475-31-0		C[C@H](CCC(=O)NCC(=O)O)[C@H]1CC[C@@H]2[C@@]1([C@H](C[C@H]3[C@H]2[C@@H](C[C@H]4[C@@]3(CC[C@H](C4)O)C)O)O)C	1S/C26H43NO6/c1-14(4-7-22(31)27-13-23(32)33)17-5-6-18-24-19(12-21(30)26(17,18)3)25(2)9-8-16(28)10-15(25)11-20(24)29/h14-21,24,28-30H,4-13H2,1-3H3,(H,27,31)(H,32,33)/t14?,15-,16+,17+,18-,19-,20+,21-,24-,25?,26?/m0/s1		1.0	Positive	BILELIB19	931.625	UPDATE-SINGLE-ANNOTATED-GOLD	Gold		C26H43NO6	RFDAIACWWDREDC-FRVQLJSFSA-N	RFDAIACWWDREDC	Lipids and lipid-like molecules	Steroids and steroid derivatives	Bile acids, alcohols and derivatives	Steroids	Cholane steroids	Terpenoids	mzspec:GNPS:GNPS-LIBRARY:CCMSLIB00005435517
291	2	938.424087524414	1	938.424087524414	0.0	408.8115	1	1	bkgrnd-marine-broth.mzML,10-D3M17.mzML	-1																																														
292	3	947.453592936198	1	947.453592936198	0.0	441.133	2	1	bkgrnd-marine-broth.mzML,10-D3M17.mzML	14																																														
293	2	953.606079101563	1	953.606079101563	0.0	553.8295	0	2	10-D3M17.mzML	20																																														
294	2	1031.588500976563	1	1031.588500976563	0.0	611.9024999999999	0	2	10-D3M17.mzML	-1	CCMSLIB00005464856	294.0	specs_ms.mgf	BILELIB19.mgf	0.795633	21203.8	612.904	1.41999	12.0	0.00146484	1031.59	1.0	temp/specs_ms.mgf294	1.0	"""2-((R)-4-((3R,5S,7S,8R,9S,10S,12R,13R,14S,17R)-3,7,12-trihydroxy-10,13-dimethylhexadecahydro-1H-cyclopenta[a]phenanthren-17-yl)pentanamido)ethane-1-sulfonic acid"""	ESI	qTof	crude	Dorrestein	Emily Gentry	2M+H	1031.59	515.292	1.0			C[C@@H]([C@H]1CC[C@]2([H])[C@]1(C)[C@H](O)C[C@@]3([H])[C@@]2([H])[C@@H](O)C[C@@]4([H])[C@]3(C)CC[C@@H](O)C4)CCC(NCCS(=O)(O)=O)=O	"""InChI=1S/C26H45NO7S/c1-15(4-7-23(31)27-10-11-35(32,33)34)18-5-6-19-24-20(14-22(30)26(18,19)3)25(2)9-8-17(28)12-16(25)13-21(24)29/h15-22,24,28-30H,4-14H2,1-3H3,(H,27,31)(H,32,33,34)/t15-,16+,17-,18-,19+,20+,21+,22-,24+,25+,26-/m1/s1"""		1.0	Positive	BILELIB19	1031.59	UPDATE-SINGLE-ANNOTATED-GOLD	Gold		C26H45NO7S	WBWWGRHZICKQGZ-GLHJPAOKSA-N	WBWWGRHZICKQGZ	Lipids and lipid-like molecules	Steroids and steroid derivatives	Bile acids, alcohols and derivatives	Steroids	Cholane steroids	Terpenoids	mzspec:GNPS:GNPS-LIBRARY:CCMSLIB00005464856
295	2	1031.588500976563	1	1031.588500976563	0.0	612.0949999999999	0	2	10-D3M17.mzML	19	CCMSLIB00005435565	295.0	specs_ms.mgf	BILELIB19.mgf	0.784733	19553.1	613.096	1.41999	15.0	0.00146484	1031.59	1.0	temp/specs_ms.mgf295	1.0	taurocholic acid	ESI	Orbitrap	commercial	Dorrestein	A. Jarmusch	2M+H	1031.59	515.292	1.0	?81-24-3		C[C@H](CCC(=O)NCCS(=O)(=O)O)[C@H]1CC[C@@H]2[C@@]1([C@H](C[C@H]3[C@H]2[C@@H](C[C@H]4[C@@]3(CC[C@H](C4)O)C)O)O)C	1S/C26H45NO7S/c1-15(4-7-23(31)27-10-11-35(32,33)34)18-5-6-19-24-20(14-22(30)26(18,19)3)25(2)9-8-17(28)12-16(25)13-21(24)29/h15-22,24,28-30H,4-14H2,1-3H3,(H,27,31)(H,32,33,34)/t15?,16-,17+,18+,19-,20-,21+,22-,24-,25?,26?/m0/s1		1.0	Positive	BILELIB19	1031.59	UPDATE-SINGLE-ANNOTATED-GOLD	Gold		C26H45NO7S	WBWWGRHZICKQGZ-HZAMXZRMSA-N	WBWWGRHZICKQGZ	Lipids and lipid-like molecules	Steroids and steroid derivatives	Bile acids, alcohols and derivatives	Steroids	Cholane steroids	Terpenoids	mzspec:GNPS:GNPS-LIBRARY:CCMSLIB00005435565
296	3	1064.5373128255212	1	1064.5373128255212	0.0	423.5076666666667	1	2	bkgrnd-marine-broth.mzML,10-D3M17.mzML	17																																														
297	3	1105.5796712239585	1	1105.5796712239585	0.0	406.725	2	1	bkgrnd-marine-broth.mzML,10-D3M17.mzML	16																																														
298	4	1106.5623474121098	1	1106.5623474121098	0.0	408.5677500000001	1	3	bkgrnd-marine-broth.mzML,10-D3M17.mzML	16																																														
299	4	1106.5623474121098	1	1106.5623474121098	0.0	408.76075	1	3	bkgrnd-marine-broth.mzML,10-D3M17.mzML	-1																																														
300	2	1149.548767089844	1	1149.548767089844	0.0	419.2165	0	2	10-D3M17.mzML	25																																														
301	2	1149.548767089844	1	1149.548767089844	0.0	419.4095	0	2	10-D3M17.mzML	17																																														
302	2	1149.564208984375	1	1149.564208984375	0.0	419.5435	2	0	bkgrnd-marine-broth.mzML	25																																														
303	2	1149.564208984375	1	1149.564208984375	0.0	419.7365	2	0	bkgrnd-marine-broth.mzML	17																																														
304	2	1150.5464070638025	1	1150.5464070638025	0.0	422.766	1	1	bkgrnd-marine-broth.mzML,10-D3M17.mzML	25																																														
305	3	1150.5431993272573	1	1150.5431993272573	0.0	423.7646666666667	1	2	bkgrnd-marine-broth.mzML,10-D3M17.mzML	17																																														
306	2	1200.565185546875	1	1200.565185546875	0.0	450.7455	2	0	bkgrnd-marine-broth.mzML	10																																														
307	2	1216.558837890625	1	1216.558837890625	0.0	448.5515	2	0	bkgrnd-marine-broth.mzML	10																																														
