project_id,kind,ms2_url,status,error
0fa2c5fc-d1ce-431a-8445-fa3b6573e240,ms2,ftp://massive.ucsd.edu/MSV000085123/peak/Nonomuraea_A40926.mzML,ok,
0fa2c5fc-d1ce-431a-8445-fa3b6573e240,ms2,ftp://massive.ucsd.edu/MSV000085123/peak/Microbispora_NAI107.mzML,ok,
1af59f37-c518-448c-9536-734b663eb21b,ms2,ftp://massive.ucsd.edu/MSV000078995/ccms_peak/P4_UnbiasedExclude.mzXML,ok,
1b0dccac-5212-4dfd-a9f2-6fa953ab16bd,ms2,ftp://massive.ucsd.edu/MSV000085018/peak/P_putida_BW11M1_GD2_01_38289.mzXML,ok,
6ad1d8ed-40e4-4417-9ca2-c9274efb5f9c,ms2,ftp://massive.ucsd.edu/MSV000083835/peak/MeOH_Neg_mzML/51.mzML,ok,
6ad1d8ed-40e4-4417-9ca2-c9274efb5f9c,ms2,ftp://massive.ucsd.edu/MSV000083835/peak/MeOH_Neg_mzML/54.mzML,ok,
6ad1d8ed-40e4-4417-9ca2-c9274efb5f9c,ms2,ftp://massive.ucsd.edu/MSV000083835/peak/MeOH_Pos_mzML/42.mzML,ok,
6ad1d8ed-40e4-4417-9ca2-c9274efb5f9c,ms2,ftp://massive.ucsd.edu/MSV000083835/peak/MeOH_Pos_mzML/42.mzML,ok,
6ad1d8ed-40e4-4417-9ca2-c9274efb5f9c,ms2,ftp://massive.ucsd.edu/MSV000083835/peak/MeOH_Pos_mzML/42.mzML,ok,
6ad1d8ed-40e4-4417-9ca2-c9274efb5f9c,ms2,ftp://massive.ucsd.edu/MSV000083835/peak/EtOAc_Neg_mzML/60.mzML,ok,
79eae50e-004d-42ba-8a81-f6d620e7052a,ms2,ftp://massive.ucsd.edu/MSV000085023/peak/XaMa_SILAC/XanMangi_XAD_crude_D0_1.mzXML,ok,
7ac37e93-a737-4746-b121-0993adccf178,ms2,ftp://massive.ucsd.edu/MSV000078667/spectrum/EH_Ento_Alex_targeted.mzXML,ok,
7ac37e93-a737-4746-b121-0993adccf178,ms2,ftp://massive.ucsd.edu/MSV000078667/spectrum/EH_Ento_Eric_130913212942.mzXML,ok,
815c513e-8fc3-43a8-88b4-f4df1dd503f7,ms2,ftp://massive.ucsd.edu/MSV000085141/peak/MH_20140517_1MJP3_79_12.mzXML,ok,
815c513e-8fc3-43a8-88b4-f4df1dd503f7,ms2,ftp://massive.ucsd.edu/MSV000085141/peak/MH_20140517_1MJP3_79_12.mzXML,ok,
815c513e-8fc3-43a8-88b4-f4df1dd503f7,ms2,ftp://massive.ucsd.edu/MSV000085141/peak/MH_20140517_1MJP3_79_12.mzXML,ok,
84b56cd3-218b-4e57-906f-a9003615ed07,ms2,ftp://massive.ucsd.edu/MSV000084950/peak/040220022.mzML,ok,
84b56cd3-218b-4e57-906f-a9003615ed07,ms2,ftp://massive.ucsd.edu/MSV000084950/peak/040220002.mzML,ok,
84b56cd3-218b-4e57-906f-a9003615ed07,ms2,ftp://massive.ucsd.edu/MSV000084950/peak/040220001.mzML,ok,
93f8edd3-c00d-4acf-b359-879b02850b46,ms2,ftp://massive.ucsd.edu/MSV000081318/updates/2017-07-13_eriche_ecca281c/raw/TSWJapanSponge.mzXML,ok,
944b1725-47e2-4f4f-8d57-40fbf9dc4282,ms2,ftp://massive.ucsd.edu/MSV000084117/peak/mzxml/Bsub_wt_1.mzXML,ok,
944b1725-47e2-4f4f-8d57-40fbf9dc4282,ms2,ftp://massive.ucsd.edu/MSV000084117/peak/mzxml/Bsub_wt_3.mzXML,ok,
944b1725-47e2-4f4f-8d57-40fbf9dc4282,ms2,ftp://massive.ucsd.edu/MSV000084117/peak/mzxml/Bsub_wt_2.mzXML,ok,
944b1725-47e2-4f4f-8d57-40fbf9dc4282,ms2,ftp://massive.ucsd.edu/MSV000084117/peak/mzxml/Bsub_wt_2.mzXML,ok,
a4837d37-1df1-4153-b365-c06841574235,ms2,ftp://massive.ucsd.edu/MSV000084771/raw/3-FeMeOHGa.mzXML,ok,
a4837d37-1df1-4153-b365-c06841574235,ms2,ftp://massive.ucsd.edu/MSV000084771/raw/29RE(rerun).mzXML,ok,
a4837d37-1df1-4153-b365-c06841574235,ms2,ftp://massive.ucsd.edu/MSV000084771/raw/52-FeMeOHGa.mzXML,ok,
a4837d37-1df1-4153-b365-c06841574235,ms2,ftp://massive.ucsd.edu/MSV000084771/raw/55-FeMeOHGa.mzXML,ok,
a4837d37-1df1-4153-b365-c06841574235,ms2,ftp://massive.ucsd.edu/MSV000084771/raw/57-FeMeOHGa.mzXML,ok,
a4837d37-1df1-4153-b365-c06841574235,ms2,ftp://massive.ucsd.edu/MSV000084771/raw/62-FeMeOHGa.mzXML,ok,
a4837d37-1df1-4153-b365-c06841574235,ms2,ftp://massive.ucsd.edu/MSV000084771/raw/70-FeMeOHGa(rerun).mzXML,ok,
a4837d37-1df1-4153-b365-c06841574235,ms2,ftp://massive.ucsd.edu/MSV000084771/raw/70-FeMeOHGa(rerun).mzXML,ok,
a4837d37-1df1-4153-b365-c06841574235,ms2,ftp://massive.ucsd.edu/MSV000084771/raw/79-FeMeOHGa.mzXML,ok,
aa13b370-2bff-43aa-b0b1-5671716bdb5c,ms2,ftp://massive.ucsd.edu/MSV000085032/updates/2020-02-28_tamhdang_dd576258/peak/Sevadicin_HCD.mzXML,ok,
aa886b1a-320f-4567-bf22-b45c3d24a4cc,ms2,ftp://massive.ucsd.edu/MSV000078891/spectrum/massive_cyanos/EH_2014_06_18_WT_colony2.mzXML,ok,
aa886b1a-320f-4567-bf22-b45c3d24a4cc,ms2,ftp://massive.ucsd.edu/MSV000078891/spectrum/massive_cyanos/EH_2014_06_18_WT_colony2.mzXML,ok,
aa886b1a-320f-4567-bf22-b45c3d24a4cc,ms2,ftp://massive.ucsd.edu/MSV000078891/spectrum/massive_cyanos/EH_2014_06_18_WT_colony2.mzXML,ok,
b11e7516-d407-4c28-987f-4f8f86a16c55,ms2,ftp://massive.ucsd.edu/MSV000082285/ccms_peak/MM-WT_1-10_P1-G-2_01_35627.mzML,ok,
c66bdb4d-ddad-4684-8dc4-12cf225930c5,ms2,ftp://massive.ucsd.edu/MSV000079519/raw/Unlabelled/R5_unlab_J1074_pre.mzXML,ok,
c66bdb4d-ddad-4684-8dc4-12cf225930c5,ms2,ftp://massive.ucsd.edu/MSV000079519/raw/Unlabelled/ISP2_unlab_J1074_pre.mzXML,ok,
c66bdb4d-ddad-4684-8dc4-12cf225930c5,ms2,ftp://massive.ucsd.edu/MSV000079519/raw/Unlabelled/A1_unlab_J1074.mzXML,ok,
c66bdb4d-ddad-4684-8dc4-12cf225930c5,ms2,ftp://massive.ucsd.edu/MSV000079519/raw/Unlabelled/R5_unlab_J1074_pre.mzXML,ok,
c66bdb4d-ddad-4684-8dc4-12cf225930c5,ms2,ftp://massive.ucsd.edu/MSV000079519/raw/Unlabelled/R5_unlab_J1074_pre.mzXML,ok,
c86fdc82-0d18-45d0-aa30-1f877c1cd3fc,ms2,ftp://massive.ucsd.edu/MSV000085026/peak/38640_SN_72h_M8.mzXML,ok,
c86fdc82-0d18-45d0-aa30-1f877c1cd3fc,ms2,ftp://massive.ucsd.edu/MSV000085026/peak/38640_SN_72h_M8.mzXML,ok,
c86fdc82-0d18-45d0-aa30-1f877c1cd3fc,ms2,ftp://massive.ucsd.edu/MSV000085026/peak/38640_FE_72h_M8.mzXML,ok,
c86fdc82-0d18-45d0-aa30-1f877c1cd3fc,ms2,ftp://massive.ucsd.edu/MSV000085026/peak/38640_FE_72h_M8.mzXML,ok,
c86fdc82-0d18-45d0-aa30-1f877c1cd3fc,ms2,ftp://massive.ucsd.edu/MSV000085026/peak/38640_FE_72h_M8.mzXML,ok,
c86fdc82-0d18-45d0-aa30-1f877c1cd3fc,ms2,ftp://massive.ucsd.edu/MSV000085026/updates/2020-02-27_SoniaMaffioli_d7f9a65c/peak/38640_FE_24h_M8.mzXML,ok,
cc996566-f00b-4175-95d2-e684371c5f59,ms2,ftp://massive.ucsd.edu/MSV000085038/raw/3L.mzXML,ok,
cc996566-f00b-4175-95d2-e684371c5f59,ms2,ftp://massive.ucsd.edu/MSV000085038/raw/3L.mzXML,ok,
cc996566-f00b-4175-95d2-e684371c5f59,ms2,ftp://massive.ucsd.edu/MSV000085038/raw/JHB_22AUG96-1.mzXML,ok,
cc996566-f00b-4175-95d2-e684371c5f59,ms2,ftp://massive.ucsd.edu/MSV000085038/raw/JHB_22AUG96-1.mzXML,ok,
cc996566-f00b-4175-95d2-e684371c5f59,ms2,ftp://massive.ucsd.edu/MSV000085038/raw/JHB_22AUG96-1.mzXML,ok,
eaebc14f-4288-44e1-971a-b29ccb8a504f,ms2,ftp://massive.ucsd.edu/MSV000079139/peak/Himalaya%20strains/007_Hm125_1_01_240.mzXML,ok,
f05276c1-3c19-4fc4-95ee-412817ec35bd,ms2,ftp://massive.ucsd.edu/MSV000083387/peak/mzXML/S_N1.mzXML,ok,
f05276c1-3c19-4fc4-95ee-412817ec35bd,ms2,ftp://massive.ucsd.edu/MSV000083387/peak/mzXML/S_N1.mzXML,ok,
f05276c1-3c19-4fc4-95ee-412817ec35bd,ms2,ftp://massive.ucsd.edu/MSV000083387/peak/mzXML/S_N1.mzXML,ok,
f2f2d52e-72e5-4271-893e-97bca12d6eff,ms2,ftp://massive.ucsd.edu/MSV000083648/raw/detoxins/DetoxinP1-MS2.mzXML,ok,
f2f2d52e-72e5-4271-893e-97bca12d6eff,ms2,ftp://massive.ucsd.edu/MSV000083648/raw/detoxins/DetoxinP2-MS2.mzXML,ok,
f2f2d52e-72e5-4271-893e-97bca12d6eff,ms2,ftp://massive.ucsd.edu/MSV000083648/raw/detoxins/DetoxinP3-MS2.mzXML,ok,
f2f2d52e-72e5-4271-893e-97bca12d6eff,ms2,ftp://massive.ucsd.edu/MSV000083648/raw/detoxins/DetoxinS1-MS2.mzXML,ok,
f2f2d52e-72e5-4271-893e-97bca12d6eff,ms2,ftp://massive.ucsd.edu/MSV000083648/raw/detoxins/DetoxinN1-MS2.mzXML,ok,
f2f2d52e-72e5-4271-893e-97bca12d6eff,ms2,ftp://massive.ucsd.edu/MSV000083648/raw/detoxins/DetoxinN2-MS2.mzXML,ok,
f2f2d52e-72e5-4271-893e-97bca12d6eff,ms2,ftp://massive.ucsd.edu/MSV000083648/raw/detoxins/DetoxinN3-MS2.mzXML,ok,
faafed8f-bcdc-4c56-b3b2-676e4d2ddcc6,ms2,ftp://massive.ucsd.edu/MSV000082988/ccms_peak/20170919_NM6_glyc2.1.mzXML,failed,HTTP Error 500: 500
ff49073b-5f8d-4153-8414-9f8f01b24585,ms2,ftp://massive.ucsd.edu/MSV000081504/raw/JG_QL109_DDA_03.mzXML,ok,
