project_id,mibig_number,link_type,ms2_filename,ms2_local_path,genome_label,genome_accession,genome_fasta_path,genome_gbk_path,fasta_error,gbk_error
0fa2c5fc-d1ce-431a-8445-fa3b6573e240,BGC0000289,single molecule,Nonomuraea_A40926.mzML,/home/rosaliewang/projects/MASc-EDA/data/PoDP/verified_bgc_ms2_downloads/0fa2c5fc-d1ce-431a-8445-fa3b6573e240/Nonomuraea_A40926.mzML,Nonomuraea sp. ATCC39727 (gerenzaniensis),LT559118.1,/home/rosaliewang/projects/MASc-EDA/data/PoDP/verified_bgc_ms2_downloads/0fa2c5fc-d1ce-431a-8445-fa3b6573e240/genes/LT559118.1.fasta,/home/rosaliewang/projects/MASc-EDA/data/PoDP/verified_bgc_ms2_downloads/0fa2c5fc-d1ce-431a-8445-fa3b6573e240/genes/LT559118.1.gbk,,
0fa2c5fc-d1ce-431a-8445-fa3b6573e240,BGC0000529,single molecule,Microbispora_NAI107.mzML,/home/rosaliewang/projects/MASc-EDA/data/PoDP/verified_bgc_ms2_downloads/0fa2c5fc-d1ce-431a-8445-fa3b6573e240/Microbispora_NAI107.mzML,Microbispora sp. ATCC PTA-5024,NZ_AWEV00000000.1,,/home/rosaliewang/projects/MASc-EDA/data/PoDP/verified_bgc_ms2_downloads/0fa2c5fc-d1ce-431a-8445-fa3b6573e240/genes/NZ_AWEV00000000.1.gbk,empty response (no sequence data at this accession),
1af59f37-c518-448c-9536-734b663eb21b,BGC0000972,single molecule,P4_UnbiasedExclude.mzXML,/home/rosaliewang/projects/MASc-EDA/data/PoDP/verified_bgc_ms2_downloads/1af59f37-c518-448c-9536-734b663eb21b/P4_UnbiasedExclude.mzXML,Escherichia coli IHE3034,AM229678.1,/home/rosaliewang/projects/MASc-EDA/data/PoDP/verified_bgc_ms2_downloads/1af59f37-c518-448c-9536-734b663eb21b/genes/AM229678.1.fasta,/home/rosaliewang/projects/MASc-EDA/data/PoDP/verified_bgc_ms2_downloads/1af59f37-c518-448c-9536-734b663eb21b/genes/AM229678.1.gbk,,
1b0dccac-5212-4dfd-a9f2-6fa953ab16bd,BGC0001285,single molecule,P_putida_BW11M1_GD2_01_38289.mzXML,/home/rosaliewang/projects/MASc-EDA/data/PoDP/verified_bgc_ms2_downloads/1b0dccac-5212-4dfd-a9f2-6fa953ab16bd/P_putida_BW11M1_GD2_01_38289.mzXML,Pseudomonas putida BW11M1,LSLE00000000,,/home/rosaliewang/projects/MASc-EDA/data/PoDP/verified_bgc_ms2_downloads/1b0dccac-5212-4dfd-a9f2-6fa953ab16bd/genes/LSLE00000000.gbk,empty response (no sequence data at this accession),
6ad1d8ed-40e4-4417-9ca2-c9274efb5f9c,BGC0000845,single molecule,51.mzML,/home/rosaliewang/projects/MASc-EDA/data/PoDP/verified_bgc_ms2_downloads/6ad1d8ed-40e4-4417-9ca2-c9274efb5f9c/51.mzML,Streptomyces clavuligerus,DS570624.1,/home/rosaliewang/projects/MASc-EDA/data/PoDP/verified_bgc_ms2_downloads/6ad1d8ed-40e4-4417-9ca2-c9274efb5f9c/genes/DS570624.1.fasta,/home/rosaliewang/projects/MASc-EDA/data/PoDP/verified_bgc_ms2_downloads/6ad1d8ed-40e4-4417-9ca2-c9274efb5f9c/genes/DS570624.1.gbk,,
6ad1d8ed-40e4-4417-9ca2-c9274efb5f9c,BGC0000319,single molecule,54.mzML,/home/rosaliewang/projects/MASc-EDA/data/PoDP/verified_bgc_ms2_downloads/6ad1d8ed-40e4-4417-9ca2-c9274efb5f9c/54.mzML,Streptomyces clavuligerus,DS570624.1,/home/rosaliewang/projects/MASc-EDA/data/PoDP/verified_bgc_ms2_downloads/6ad1d8ed-40e4-4417-9ca2-c9274efb5f9c/genes/DS570624.1.fasta,/home/rosaliewang/projects/MASc-EDA/data/PoDP/verified_bgc_ms2_downloads/6ad1d8ed-40e4-4417-9ca2-c9274efb5f9c/genes/DS570624.1.gbk,,
6ad1d8ed-40e4-4417-9ca2-c9274efb5f9c,BGC0000880,single molecule,42.mzML,/home/rosaliewang/projects/MASc-EDA/data/PoDP/verified_bgc_ms2_downloads/6ad1d8ed-40e4-4417-9ca2-c9274efb5f9c/42.mzML,Streptomyces clavuligerus,DS570624.1,/home/rosaliewang/projects/MASc-EDA/data/PoDP/verified_bgc_ms2_downloads/6ad1d8ed-40e4-4417-9ca2-c9274efb5f9c/genes/DS570624.1.fasta,/home/rosaliewang/projects/MASc-EDA/data/PoDP/verified_bgc_ms2_downloads/6ad1d8ed-40e4-4417-9ca2-c9274efb5f9c/genes/DS570624.1.gbk,,
6ad1d8ed-40e4-4417-9ca2-c9274efb5f9c,BGC0000880,single molecule,42.mzML,/home/rosaliewang/projects/MASc-EDA/data/PoDP/verified_bgc_ms2_downloads/6ad1d8ed-40e4-4417-9ca2-c9274efb5f9c/42.mzML,Streptomyces clavuligerus,DS570624.1,/home/rosaliewang/projects/MASc-EDA/data/PoDP/verified_bgc_ms2_downloads/6ad1d8ed-40e4-4417-9ca2-c9274efb5f9c/genes/DS570624.1.fasta,/home/rosaliewang/projects/MASc-EDA/data/PoDP/verified_bgc_ms2_downloads/6ad1d8ed-40e4-4417-9ca2-c9274efb5f9c/genes/DS570624.1.gbk,,
6ad1d8ed-40e4-4417-9ca2-c9274efb5f9c,BGC0000880,single molecule,42.mzML,/home/rosaliewang/projects/MASc-EDA/data/PoDP/verified_bgc_ms2_downloads/6ad1d8ed-40e4-4417-9ca2-c9274efb5f9c/42.mzML,Streptomyces clavuligerus,DS570624.1,/home/rosaliewang/projects/MASc-EDA/data/PoDP/verified_bgc_ms2_downloads/6ad1d8ed-40e4-4417-9ca2-c9274efb5f9c/genes/DS570624.1.fasta,/home/rosaliewang/projects/MASc-EDA/data/PoDP/verified_bgc_ms2_downloads/6ad1d8ed-40e4-4417-9ca2-c9274efb5f9c/genes/DS570624.1.gbk,,
6ad1d8ed-40e4-4417-9ca2-c9274efb5f9c,BGC0001310,single molecule,60.mzML,/home/rosaliewang/projects/MASc-EDA/data/PoDP/verified_bgc_ms2_downloads/6ad1d8ed-40e4-4417-9ca2-c9274efb5f9c/60.mzML,Streptomyces clavuligerus,DS570624.1,/home/rosaliewang/projects/MASc-EDA/data/PoDP/verified_bgc_ms2_downloads/6ad1d8ed-40e4-4417-9ca2-c9274efb5f9c/genes/DS570624.1.fasta,/home/rosaliewang/projects/MASc-EDA/data/PoDP/verified_bgc_ms2_downloads/6ad1d8ed-40e4-4417-9ca2-c9274efb5f9c/genes/DS570624.1.gbk,,
79eae50e-004d-42ba-8a81-f6d620e7052a,,single molecule,XanMangi_XAD_crude_D0_1.mzXML,/home/rosaliewang/projects/MASc-EDA/data/PoDP/verified_bgc_ms2_downloads/79eae50e-004d-42ba-8a81-f6d620e7052a/XanMangi_XAD_crude_D0_1.mzXML,Xanthomonas citri pv. mangiferaeindicae,GCA_002240395.1,/home/rosaliewang/projects/MASc-EDA/data/PoDP/verified_bgc_ms2_downloads/79eae50e-004d-42ba-8a81-f6d620e7052a/genes/GCA_002240395.1.fasta,/home/rosaliewang/projects/MASc-EDA/data/PoDP/verified_bgc_ms2_downloads/79eae50e-004d-42ba-8a81-f6d620e7052a/genes/GCA_002240395.1.gbk,,
7ac37e93-a737-4746-b121-0993adccf178,BGC0000598,single molecule,EH_Ento_Alex_targeted.mzXML,/home/rosaliewang/projects/MASc-EDA/data/PoDP/verified_bgc_ms2_downloads/7ac37e93-a737-4746-b121-0993adccf178/EH_Ento_Alex_targeted.mzXML,‘Candidatus Entotheonella factor’,AZHW00000000.1,,/home/rosaliewang/projects/MASc-EDA/data/PoDP/verified_bgc_ms2_downloads/7ac37e93-a737-4746-b121-0993adccf178/genes/AZHW00000000.1.gbk,empty response (no sequence data at this accession),
7ac37e93-a737-4746-b121-0993adccf178,BGC0001105,single molecule,EH_Ento_Eric_130913212942.mzXML,/home/rosaliewang/projects/MASc-EDA/data/PoDP/verified_bgc_ms2_downloads/7ac37e93-a737-4746-b121-0993adccf178/EH_Ento_Eric_130913212942.mzXML,‘Candidatus Entotheonella factor’,AZHW00000000.1,,/home/rosaliewang/projects/MASc-EDA/data/PoDP/verified_bgc_ms2_downloads/7ac37e93-a737-4746-b121-0993adccf178/genes/AZHW00000000.1.gbk,empty response (no sequence data at this accession),
815c513e-8fc3-43a8-88b4-f4df1dd503f7,BGC0002055,single molecule,MH_20140517_1MJP3_79_12.mzXML,/home/rosaliewang/projects/MASc-EDA/data/PoDP/verified_bgc_ms2_downloads/815c513e-8fc3-43a8-88b4-f4df1dd503f7/MH_20140517_1MJP3_79_12.mzXML,MH_79_12,JAAHTH010000000,,/home/rosaliewang/projects/MASc-EDA/data/PoDP/verified_bgc_ms2_downloads/815c513e-8fc3-43a8-88b4-f4df1dd503f7/genes/JAAHTH010000000.gbk,empty response (no sequence data at this accession),
815c513e-8fc3-43a8-88b4-f4df1dd503f7,BGC0002057,single molecule,MH_20140517_1MJP3_79_12.mzXML,/home/rosaliewang/projects/MASc-EDA/data/PoDP/verified_bgc_ms2_downloads/815c513e-8fc3-43a8-88b4-f4df1dd503f7/MH_20140517_1MJP3_79_12.mzXML,MH_79_12,JAAHTH010000000,,/home/rosaliewang/projects/MASc-EDA/data/PoDP/verified_bgc_ms2_downloads/815c513e-8fc3-43a8-88b4-f4df1dd503f7/genes/JAAHTH010000000.gbk,empty response (no sequence data at this accession),
815c513e-8fc3-43a8-88b4-f4df1dd503f7,BGC0002056,single molecule,MH_20140517_1MJP3_79_12.mzXML,/home/rosaliewang/projects/MASc-EDA/data/PoDP/verified_bgc_ms2_downloads/815c513e-8fc3-43a8-88b4-f4df1dd503f7/MH_20140517_1MJP3_79_12.mzXML,MH_79_12,JAAHTH010000000,,/home/rosaliewang/projects/MASc-EDA/data/PoDP/verified_bgc_ms2_downloads/815c513e-8fc3-43a8-88b4-f4df1dd503f7/genes/JAAHTH010000000.gbk,empty response (no sequence data at this accession),
84b56cd3-218b-4e57-906f-a9003615ed07,BGC0001632,single molecule,040220022.mzML,/home/rosaliewang/projects/MASc-EDA/data/PoDP/verified_bgc_ms2_downloads/84b56cd3-218b-4e57-906f-a9003615ed07/040220022.mzML,Microcystis aeruginosa NIES-88,JXYX01,/home/rosaliewang/projects/MASc-EDA/data/PoDP/verified_bgc_ms2_downloads/84b56cd3-218b-4e57-906f-a9003615ed07/genes/JXYX01.fasta,/home/rosaliewang/projects/MASc-EDA/data/PoDP/verified_bgc_ms2_downloads/84b56cd3-218b-4e57-906f-a9003615ed07/genes/JXYX01.gbk,,
84b56cd3-218b-4e57-906f-a9003615ed07,BGC0000473,single molecule,040220002.mzML,/home/rosaliewang/projects/MASc-EDA/data/PoDP/verified_bgc_ms2_downloads/84b56cd3-218b-4e57-906f-a9003615ed07/040220002.mzML,Microcystis aeruginosa NIES-298,CP046058.1,/home/rosaliewang/projects/MASc-EDA/data/PoDP/verified_bgc_ms2_downloads/84b56cd3-218b-4e57-906f-a9003615ed07/genes/CP046058.1.fasta,/home/rosaliewang/projects/MASc-EDA/data/PoDP/verified_bgc_ms2_downloads/84b56cd3-218b-4e57-906f-a9003615ed07/genes/CP046058.1.gbk,,
84b56cd3-218b-4e57-906f-a9003615ed07,,single molecule,040220001.mzML,/home/rosaliewang/projects/MASc-EDA/data/PoDP/verified_bgc_ms2_downloads/84b56cd3-218b-4e57-906f-a9003615ed07/040220001.mzML,Microcystis viridis NIES-102,AP019314.1,/home/rosaliewang/projects/MASc-EDA/data/PoDP/verified_bgc_ms2_downloads/84b56cd3-218b-4e57-906f-a9003615ed07/genes/AP019314.1.fasta,/home/rosaliewang/projects/MASc-EDA/data/PoDP/verified_bgc_ms2_downloads/84b56cd3-218b-4e57-906f-a9003615ed07/genes/AP019314.1.gbk,,
93f8edd3-c00d-4acf-b359-879b02850b46,BGC0001800,single molecule,TSWJapanSponge.mzXML,/home/rosaliewang/projects/MASc-EDA/data/PoDP/verified_bgc_ms2_downloads/93f8edd3-c00d-4acf-b359-879b02850b46/TSWJapanSponge.mzXML,Candidatus Entotheonella serta,PPXO00000000.1,,/home/rosaliewang/projects/MASc-EDA/data/PoDP/verified_bgc_ms2_downloads/93f8edd3-c00d-4acf-b359-879b02850b46/genes/PPXO00000000.1.gbk,empty response (no sequence data at this accession),
944b1725-47e2-4f4f-8d57-40fbf9dc4282,,single molecule,Bsub_wt_1.mzXML,/home/rosaliewang/projects/MASc-EDA/data/PoDP/verified_bgc_ms2_downloads/944b1725-47e2-4f4f-8d57-40fbf9dc4282/Bsub_wt_1.mzXML,Bacillus subtilis subsp. subtilis str. 168,NC_000964.3,/home/rosaliewang/projects/MASc-EDA/data/PoDP/verified_bgc_ms2_downloads/944b1725-47e2-4f4f-8d57-40fbf9dc4282/genes/NC_000964.3.fasta,/home/rosaliewang/projects/MASc-EDA/data/PoDP/verified_bgc_ms2_downloads/944b1725-47e2-4f4f-8d57-40fbf9dc4282/genes/NC_000964.3.gbk,,
944b1725-47e2-4f4f-8d57-40fbf9dc4282,BGC0000433,single molecule,Bsub_wt_3.mzXML,/home/rosaliewang/projects/MASc-EDA/data/PoDP/verified_bgc_ms2_downloads/944b1725-47e2-4f4f-8d57-40fbf9dc4282/Bsub_wt_3.mzXML,Bacillus subtilis subsp. subtilis str. 168,NC_000964.3,/home/rosaliewang/projects/MASc-EDA/data/PoDP/verified_bgc_ms2_downloads/944b1725-47e2-4f4f-8d57-40fbf9dc4282/genes/NC_000964.3.fasta,/home/rosaliewang/projects/MASc-EDA/data/PoDP/verified_bgc_ms2_downloads/944b1725-47e2-4f4f-8d57-40fbf9dc4282/genes/NC_000964.3.gbk,,
944b1725-47e2-4f4f-8d57-40fbf9dc4282,BGC0000433,single molecule,Bsub_wt_2.mzXML,/home/rosaliewang/projects/MASc-EDA/data/PoDP/verified_bgc_ms2_downloads/944b1725-47e2-4f4f-8d57-40fbf9dc4282/Bsub_wt_2.mzXML,Bacillus subtilis subsp. subtilis str. 168,NC_000964.3,/home/rosaliewang/projects/MASc-EDA/data/PoDP/verified_bgc_ms2_downloads/944b1725-47e2-4f4f-8d57-40fbf9dc4282/genes/NC_000964.3.fasta,/home/rosaliewang/projects/MASc-EDA/data/PoDP/verified_bgc_ms2_downloads/944b1725-47e2-4f4f-8d57-40fbf9dc4282/genes/NC_000964.3.gbk,,
944b1725-47e2-4f4f-8d57-40fbf9dc4282,BGC0000433,single molecule,Bsub_wt_2.mzXML,/home/rosaliewang/projects/MASc-EDA/data/PoDP/verified_bgc_ms2_downloads/944b1725-47e2-4f4f-8d57-40fbf9dc4282/Bsub_wt_2.mzXML,Bacillus subtilis subsp. subtilis str. 168,NC_000964.3,/home/rosaliewang/projects/MASc-EDA/data/PoDP/verified_bgc_ms2_downloads/944b1725-47e2-4f4f-8d57-40fbf9dc4282/genes/NC_000964.3.fasta,/home/rosaliewang/projects/MASc-EDA/data/PoDP/verified_bgc_ms2_downloads/944b1725-47e2-4f4f-8d57-40fbf9dc4282/genes/NC_000964.3.gbk,,
a4837d37-1df1-4153-b365-c06841574235,,single molecule,3-FeMeOHGa.mzXML,/home/rosaliewang/projects/MASc-EDA/data/PoDP/verified_bgc_ms2_downloads/a4837d37-1df1-4153-b365-c06841574235/3-FeMeOHGa.mzXML,Nocardia araoensis NBRC 100135,BAFR00000000.1,,/home/rosaliewang/projects/MASc-EDA/data/PoDP/verified_bgc_ms2_downloads/a4837d37-1df1-4153-b365-c06841574235/genes/BAFR00000000.1.gbk,empty response (no sequence data at this accession),
a4837d37-1df1-4153-b365-c06841574235,,single molecule,29RErerun.mzXML,/home/rosaliewang/projects/MASc-EDA/data/PoDP/verified_bgc_ms2_downloads/a4837d37-1df1-4153-b365-c06841574235/29RErerun.mzXML,Nocardia takedensis NBRC 100417,NZ_BAGG00000000.1,,/home/rosaliewang/projects/MASc-EDA/data/PoDP/verified_bgc_ms2_downloads/a4837d37-1df1-4153-b365-c06841574235/genes/NZ_BAGG00000000.1.gbk,empty response (no sequence data at this accession),
a4837d37-1df1-4153-b365-c06841574235,,single molecule,52-FeMeOHGa.mzXML,/home/rosaliewang/projects/MASc-EDA/data/PoDP/verified_bgc_ms2_downloads/a4837d37-1df1-4153-b365-c06841574235/52-FeMeOHGa.mzXML,Nocardia jejuensis NBRC 103114,NZ_BDBU00000000.1,,/home/rosaliewang/projects/MASc-EDA/data/PoDP/verified_bgc_ms2_downloads/a4837d37-1df1-4153-b365-c06841574235/genes/NZ_BDBU00000000.1.gbk,empty response (no sequence data at this accession),
a4837d37-1df1-4153-b365-c06841574235,,single molecule,55-FeMeOHGa.mzXML,/home/rosaliewang/projects/MASc-EDA/data/PoDP/verified_bgc_ms2_downloads/a4837d37-1df1-4153-b365-c06841574235/55-FeMeOHGa.mzXML,Nocardia fusca NBRC 14340,NZ_BDCU00000000.1,,/home/rosaliewang/projects/MASc-EDA/data/PoDP/verified_bgc_ms2_downloads/a4837d37-1df1-4153-b365-c06841574235/genes/NZ_BDCU00000000.1.gbk,empty response (no sequence data at this accession),
a4837d37-1df1-4153-b365-c06841574235,,single molecule,57-FeMeOHGa.mzXML,/home/rosaliewang/projects/MASc-EDA/data/PoDP/verified_bgc_ms2_downloads/a4837d37-1df1-4153-b365-c06841574235/57-FeMeOHGa.mzXML,Nocardia rhamnosiphila NBRC 108938,NZ_BDCL00000000.1,,/home/rosaliewang/projects/MASc-EDA/data/PoDP/verified_bgc_ms2_downloads/a4837d37-1df1-4153-b365-c06841574235/genes/NZ_BDCL00000000.1.gbk,empty response (no sequence data at this accession),
a4837d37-1df1-4153-b365-c06841574235,,single molecule,62-FeMeOHGa.mzXML,/home/rosaliewang/projects/MASc-EDA/data/PoDP/verified_bgc_ms2_downloads/a4837d37-1df1-4153-b365-c06841574235/62-FeMeOHGa.mzXML,Nocardia vermiculata NBRC 100427,NZ_BDCA00000000.1,,/home/rosaliewang/projects/MASc-EDA/data/PoDP/verified_bgc_ms2_downloads/a4837d37-1df1-4153-b365-c06841574235/genes/NZ_BDCA00000000.1.gbk,empty response (no sequence data at this accession),
a4837d37-1df1-4153-b365-c06841574235,,single molecule,70-FeMeOHGarerun.mzXML,/home/rosaliewang/projects/MASc-EDA/data/PoDP/verified_bgc_ms2_downloads/a4837d37-1df1-4153-b365-c06841574235/70-FeMeOHGarerun.mzXML,Nocardia gamkensis NBRC 108242,NZ_BDBM00000000.1,,/home/rosaliewang/projects/MASc-EDA/data/PoDP/verified_bgc_ms2_downloads/a4837d37-1df1-4153-b365-c06841574235/genes/NZ_BDBM00000000.1.gbk,empty response (no sequence data at this accession),
a4837d37-1df1-4153-b365-c06841574235,,single molecule,70-FeMeOHGarerun.mzXML,/home/rosaliewang/projects/MASc-EDA/data/PoDP/verified_bgc_ms2_downloads/a4837d37-1df1-4153-b365-c06841574235/70-FeMeOHGarerun.mzXML,Nocardia gamkensis NBRC 108242,NZ_BDBM00000000.1,,/home/rosaliewang/projects/MASc-EDA/data/PoDP/verified_bgc_ms2_downloads/a4837d37-1df1-4153-b365-c06841574235/genes/NZ_BDBM00000000.1.gbk,empty response (no sequence data at this accession),
a4837d37-1df1-4153-b365-c06841574235,,single molecule,79-FeMeOHGa.mzXML,/home/rosaliewang/projects/MASc-EDA/data/PoDP/verified_bgc_ms2_downloads/a4837d37-1df1-4153-b365-c06841574235/79-FeMeOHGa.mzXML,Nocardia alba NBRC 108234,NZ_BDAX00000000.1,,/home/rosaliewang/projects/MASc-EDA/data/PoDP/verified_bgc_ms2_downloads/a4837d37-1df1-4153-b365-c06841574235/genes/NZ_BDAX00000000.1.gbk,empty response (no sequence data at this accession),
aa13b370-2bff-43aa-b0b1-5671716bdb5c,BGC0000426,single molecule,Sevadicin_HCD.mzXML,/home/rosaliewang/projects/MASc-EDA/data/PoDP/verified_bgc_ms2_downloads/aa13b370-2bff-43aa-b0b1-5671716bdb5c/Sevadicin_HCD.mzXML,Paenibacillus larvae subsp. larvae DSM 25430,NC_023134.1,/home/rosaliewang/projects/MASc-EDA/data/PoDP/verified_bgc_ms2_downloads/aa13b370-2bff-43aa-b0b1-5671716bdb5c/genes/NC_023134.1.fasta,/home/rosaliewang/projects/MASc-EDA/data/PoDP/verified_bgc_ms2_downloads/aa13b370-2bff-43aa-b0b1-5671716bdb5c/genes/NC_023134.1.gbk,,
aa886b1a-320f-4567-bf22-b45c3d24a4cc,BGC0002061,single molecule,EH_2014_06_18_WT_colony2.mzXML,/home/rosaliewang/projects/MASc-EDA/data/PoDP/verified_bgc_ms2_downloads/aa886b1a-320f-4567-bf22-b45c3d24a4cc/EH_2014_06_18_WT_colony2.mzXML,N. punctiforme PCC 73102,CP001037.1,/home/rosaliewang/projects/MASc-EDA/data/PoDP/verified_bgc_ms2_downloads/aa886b1a-320f-4567-bf22-b45c3d24a4cc/genes/CP001037.1.fasta,/home/rosaliewang/projects/MASc-EDA/data/PoDP/verified_bgc_ms2_downloads/aa886b1a-320f-4567-bf22-b45c3d24a4cc/genes/CP001037.1.gbk,,
aa886b1a-320f-4567-bf22-b45c3d24a4cc,,single molecule,EH_2014_06_18_WT_colony2.mzXML,/home/rosaliewang/projects/MASc-EDA/data/PoDP/verified_bgc_ms2_downloads/aa886b1a-320f-4567-bf22-b45c3d24a4cc/EH_2014_06_18_WT_colony2.mzXML,N. punctiforme PCC 73102,CP001037.1,/home/rosaliewang/projects/MASc-EDA/data/PoDP/verified_bgc_ms2_downloads/aa886b1a-320f-4567-bf22-b45c3d24a4cc/genes/CP001037.1.fasta,/home/rosaliewang/projects/MASc-EDA/data/PoDP/verified_bgc_ms2_downloads/aa886b1a-320f-4567-bf22-b45c3d24a4cc/genes/CP001037.1.gbk,,
aa886b1a-320f-4567-bf22-b45c3d24a4cc,,single molecule,EH_2014_06_18_WT_colony2.mzXML,/home/rosaliewang/projects/MASc-EDA/data/PoDP/verified_bgc_ms2_downloads/aa886b1a-320f-4567-bf22-b45c3d24a4cc/EH_2014_06_18_WT_colony2.mzXML,N. punctiforme PCC 73102,CP001037.1,/home/rosaliewang/projects/MASc-EDA/data/PoDP/verified_bgc_ms2_downloads/aa886b1a-320f-4567-bf22-b45c3d24a4cc/genes/CP001037.1.fasta,/home/rosaliewang/projects/MASc-EDA/data/PoDP/verified_bgc_ms2_downloads/aa886b1a-320f-4567-bf22-b45c3d24a4cc/genes/CP001037.1.gbk,,
b11e7516-d407-4c28-987f-4f8f86a16c55,BGC0002016,single molecule,MM-WT_1-10_P1-G-2_01_35627.mzML,/home/rosaliewang/projects/MASc-EDA/data/PoDP/verified_bgc_ms2_downloads/b11e7516-d407-4c28-987f-4f8f86a16c55/MM-WT_1-10_P1-G-2_01_35627.mzML,Streptomyces sp. QL37,GCA_002941025,/home/rosaliewang/projects/MASc-EDA/data/PoDP/verified_bgc_ms2_downloads/b11e7516-d407-4c28-987f-4f8f86a16c55/genes/GCA_002941025.fasta,/home/rosaliewang/projects/MASc-EDA/data/PoDP/verified_bgc_ms2_downloads/b11e7516-d407-4c28-987f-4f8f86a16c55/genes/GCA_002941025.gbk,,
c66bdb4d-ddad-4684-8dc4-12cf225930c5,BGC0001792,single molecule,R5_unlab_J1074_pre.mzXML,/home/rosaliewang/projects/MASc-EDA/data/PoDP/verified_bgc_ms2_downloads/c66bdb4d-ddad-4684-8dc4-12cf225930c5/R5_unlab_J1074_pre.mzXML,Streptomyces albus J1074,NC_020990.1,/home/rosaliewang/projects/MASc-EDA/data/PoDP/verified_bgc_ms2_downloads/c66bdb4d-ddad-4684-8dc4-12cf225930c5/genes/NC_020990.1.fasta,/home/rosaliewang/projects/MASc-EDA/data/PoDP/verified_bgc_ms2_downloads/c66bdb4d-ddad-4684-8dc4-12cf225930c5/genes/NC_020990.1.gbk,,
c66bdb4d-ddad-4684-8dc4-12cf225930c5,BGC0001792,single molecule,ISP2_unlab_J1074_pre.mzXML,/home/rosaliewang/projects/MASc-EDA/data/PoDP/verified_bgc_ms2_downloads/c66bdb4d-ddad-4684-8dc4-12cf225930c5/ISP2_unlab_J1074_pre.mzXML,Streptomyces albus J1074,NC_020990.1,/home/rosaliewang/projects/MASc-EDA/data/PoDP/verified_bgc_ms2_downloads/c66bdb4d-ddad-4684-8dc4-12cf225930c5/genes/NC_020990.1.fasta,/home/rosaliewang/projects/MASc-EDA/data/PoDP/verified_bgc_ms2_downloads/c66bdb4d-ddad-4684-8dc4-12cf225930c5/genes/NC_020990.1.gbk,,
c66bdb4d-ddad-4684-8dc4-12cf225930c5,BGC0001792,GNPS molecular family,A1_unlab_J1074.mzXML,/home/rosaliewang/projects/MASc-EDA/data/PoDP/verified_bgc_ms2_downloads/c66bdb4d-ddad-4684-8dc4-12cf225930c5/A1_unlab_J1074.mzXML,Streptomyces albus J1074,NC_020990.1,/home/rosaliewang/projects/MASc-EDA/data/PoDP/verified_bgc_ms2_downloads/c66bdb4d-ddad-4684-8dc4-12cf225930c5/genes/NC_020990.1.fasta,/home/rosaliewang/projects/MASc-EDA/data/PoDP/verified_bgc_ms2_downloads/c66bdb4d-ddad-4684-8dc4-12cf225930c5/genes/NC_020990.1.gbk,,
c66bdb4d-ddad-4684-8dc4-12cf225930c5,BGC0001792,single molecule,R5_unlab_J1074_pre.mzXML,/home/rosaliewang/projects/MASc-EDA/data/PoDP/verified_bgc_ms2_downloads/c66bdb4d-ddad-4684-8dc4-12cf225930c5/R5_unlab_J1074_pre.mzXML,Streptomyces albus J1074,NC_020990.1,/home/rosaliewang/projects/MASc-EDA/data/PoDP/verified_bgc_ms2_downloads/c66bdb4d-ddad-4684-8dc4-12cf225930c5/genes/NC_020990.1.fasta,/home/rosaliewang/projects/MASc-EDA/data/PoDP/verified_bgc_ms2_downloads/c66bdb4d-ddad-4684-8dc4-12cf225930c5/genes/NC_020990.1.gbk,,
c66bdb4d-ddad-4684-8dc4-12cf225930c5,BGC0001792,single molecule,R5_unlab_J1074_pre.mzXML,/home/rosaliewang/projects/MASc-EDA/data/PoDP/verified_bgc_ms2_downloads/c66bdb4d-ddad-4684-8dc4-12cf225930c5/R5_unlab_J1074_pre.mzXML,Streptomyces albus J1074,NC_020990.1,/home/rosaliewang/projects/MASc-EDA/data/PoDP/verified_bgc_ms2_downloads/c66bdb4d-ddad-4684-8dc4-12cf225930c5/genes/NC_020990.1.fasta,/home/rosaliewang/projects/MASc-EDA/data/PoDP/verified_bgc_ms2_downloads/c66bdb4d-ddad-4684-8dc4-12cf225930c5/genes/NC_020990.1.gbk,,
c86fdc82-0d18-45d0-aa30-1f877c1cd3fc,BGC0001476,single molecule,38640_SN_72h_M8.mzXML,/home/rosaliewang/projects/MASc-EDA/data/PoDP/verified_bgc_ms2_downloads/c86fdc82-0d18-45d0-aa30-1f877c1cd3fc/38640_SN_72h_M8.mzXML,Streptomyces sp. ID38640,CP049782,/home/rosaliewang/projects/MASc-EDA/data/PoDP/verified_bgc_ms2_downloads/c86fdc82-0d18-45d0-aa30-1f877c1cd3fc/genes/CP049782.fasta,/home/rosaliewang/projects/MASc-EDA/data/PoDP/verified_bgc_ms2_downloads/c86fdc82-0d18-45d0-aa30-1f877c1cd3fc/genes/CP049782.gbk,,
c86fdc82-0d18-45d0-aa30-1f877c1cd3fc,BGC0002052,single molecule,38640_SN_72h_M8.mzXML,/home/rosaliewang/projects/MASc-EDA/data/PoDP/verified_bgc_ms2_downloads/c86fdc82-0d18-45d0-aa30-1f877c1cd3fc/38640_SN_72h_M8.mzXML,Streptomyces sp. ID38640,CP049782,/home/rosaliewang/projects/MASc-EDA/data/PoDP/verified_bgc_ms2_downloads/c86fdc82-0d18-45d0-aa30-1f877c1cd3fc/genes/CP049782.fasta,/home/rosaliewang/projects/MASc-EDA/data/PoDP/verified_bgc_ms2_downloads/c86fdc82-0d18-45d0-aa30-1f877c1cd3fc/genes/CP049782.gbk,,
c86fdc82-0d18-45d0-aa30-1f877c1cd3fc,BGC0002053,single molecule,38640_FE_72h_M8.mzXML,/home/rosaliewang/projects/MASc-EDA/data/PoDP/verified_bgc_ms2_downloads/c86fdc82-0d18-45d0-aa30-1f877c1cd3fc/38640_FE_72h_M8.mzXML,Streptomyces sp. ID38640,CP049782,/home/rosaliewang/projects/MASc-EDA/data/PoDP/verified_bgc_ms2_downloads/c86fdc82-0d18-45d0-aa30-1f877c1cd3fc/genes/CP049782.fasta,/home/rosaliewang/projects/MASc-EDA/data/PoDP/verified_bgc_ms2_downloads/c86fdc82-0d18-45d0-aa30-1f877c1cd3fc/genes/CP049782.gbk,,
c86fdc82-0d18-45d0-aa30-1f877c1cd3fc,BGC0001478,single molecule,38640_FE_72h_M8.mzXML,/home/rosaliewang/projects/MASc-EDA/data/PoDP/verified_bgc_ms2_downloads/c86fdc82-0d18-45d0-aa30-1f877c1cd3fc/38640_FE_72h_M8.mzXML,Streptomyces sp. ID38640,CP049782,/home/rosaliewang/projects/MASc-EDA/data/PoDP/verified_bgc_ms2_downloads/c86fdc82-0d18-45d0-aa30-1f877c1cd3fc/genes/CP049782.fasta,/home/rosaliewang/projects/MASc-EDA/data/PoDP/verified_bgc_ms2_downloads/c86fdc82-0d18-45d0-aa30-1f877c1cd3fc/genes/CP049782.gbk,,
c86fdc82-0d18-45d0-aa30-1f877c1cd3fc,BGC0001477,single molecule,38640_FE_72h_M8.mzXML,/home/rosaliewang/projects/MASc-EDA/data/PoDP/verified_bgc_ms2_downloads/c86fdc82-0d18-45d0-aa30-1f877c1cd3fc/38640_FE_72h_M8.mzXML,Streptomyces sp. ID38640,CP049782,/home/rosaliewang/projects/MASc-EDA/data/PoDP/verified_bgc_ms2_downloads/c86fdc82-0d18-45d0-aa30-1f877c1cd3fc/genes/CP049782.fasta,/home/rosaliewang/projects/MASc-EDA/data/PoDP/verified_bgc_ms2_downloads/c86fdc82-0d18-45d0-aa30-1f877c1cd3fc/genes/CP049782.gbk,,
c86fdc82-0d18-45d0-aa30-1f877c1cd3fc,BGC0002051,single molecule,38640_FE_24h_M8.mzXML,/home/rosaliewang/projects/MASc-EDA/data/PoDP/verified_bgc_ms2_downloads/c86fdc82-0d18-45d0-aa30-1f877c1cd3fc/38640_FE_24h_M8.mzXML,Streptomyces sp. ID38640,CP049782,/home/rosaliewang/projects/MASc-EDA/data/PoDP/verified_bgc_ms2_downloads/c86fdc82-0d18-45d0-aa30-1f877c1cd3fc/genes/CP049782.fasta,/home/rosaliewang/projects/MASc-EDA/data/PoDP/verified_bgc_ms2_downloads/c86fdc82-0d18-45d0-aa30-1f877c1cd3fc/genes/CP049782.gbk,,
cc996566-f00b-4175-95d2-e684371c5f59,BGC0001165,single molecule,3L.mzXML,/home/rosaliewang/projects/MASc-EDA/data/PoDP/verified_bgc_ms2_downloads/cc996566-f00b-4175-95d2-e684371c5f59/3L.mzXML,Moorea producens 3L,GCA_001942475.1,/home/rosaliewang/projects/MASc-EDA/data/PoDP/verified_bgc_ms2_downloads/cc996566-f00b-4175-95d2-e684371c5f59/genes/GCA_001942475.1.fasta,/home/rosaliewang/projects/MASc-EDA/data/PoDP/verified_bgc_ms2_downloads/cc996566-f00b-4175-95d2-e684371c5f59/genes/GCA_001942475.1.gbk,,
cc996566-f00b-4175-95d2-e684371c5f59,BGC0000962,single molecule,3L.mzXML,/home/rosaliewang/projects/MASc-EDA/data/PoDP/verified_bgc_ms2_downloads/cc996566-f00b-4175-95d2-e684371c5f59/3L.mzXML,Moorea producens 3L,GCA_001942475.1,/home/rosaliewang/projects/MASc-EDA/data/PoDP/verified_bgc_ms2_downloads/cc996566-f00b-4175-95d2-e684371c5f59/genes/GCA_001942475.1.fasta,/home/rosaliewang/projects/MASc-EDA/data/PoDP/verified_bgc_ms2_downloads/cc996566-f00b-4175-95d2-e684371c5f59/genes/GCA_001942475.1.gbk,,
cc996566-f00b-4175-95d2-e684371c5f59,BGC0001000,single molecule,JHB_22AUG96-1.mzXML,/home/rosaliewang/projects/MASc-EDA/data/PoDP/verified_bgc_ms2_downloads/cc996566-f00b-4175-95d2-e684371c5f59/JHB_22AUG96-1.mzXML,Moorea producens JHB,GCA_001854205.1,/home/rosaliewang/projects/MASc-EDA/data/PoDP/verified_bgc_ms2_downloads/cc996566-f00b-4175-95d2-e684371c5f59/genes/GCA_001854205.1.fasta,/home/rosaliewang/projects/MASc-EDA/data/PoDP/verified_bgc_ms2_downloads/cc996566-f00b-4175-95d2-e684371c5f59/genes/GCA_001854205.1.gbk,,
cc996566-f00b-4175-95d2-e684371c5f59,BGC0001001,single molecule,JHB_22AUG96-1.mzXML,/home/rosaliewang/projects/MASc-EDA/data/PoDP/verified_bgc_ms2_downloads/cc996566-f00b-4175-95d2-e684371c5f59/JHB_22AUG96-1.mzXML,Moorea producens JHB,GCA_001854205.1,/home/rosaliewang/projects/MASc-EDA/data/PoDP/verified_bgc_ms2_downloads/cc996566-f00b-4175-95d2-e684371c5f59/genes/GCA_001854205.1.fasta,/home/rosaliewang/projects/MASc-EDA/data/PoDP/verified_bgc_ms2_downloads/cc996566-f00b-4175-95d2-e684371c5f59/genes/GCA_001854205.1.gbk,,
cc996566-f00b-4175-95d2-e684371c5f59,BGC0001560,single molecule,JHB_22AUG96-1.mzXML,/home/rosaliewang/projects/MASc-EDA/data/PoDP/verified_bgc_ms2_downloads/cc996566-f00b-4175-95d2-e684371c5f59/JHB_22AUG96-1.mzXML,Moorea producens JHB,GCA_001854205.1,/home/rosaliewang/projects/MASc-EDA/data/PoDP/verified_bgc_ms2_downloads/cc996566-f00b-4175-95d2-e684371c5f59/genes/GCA_001854205.1.fasta,/home/rosaliewang/projects/MASc-EDA/data/PoDP/verified_bgc_ms2_downloads/cc996566-f00b-4175-95d2-e684371c5f59/genes/GCA_001854205.1.gbk,,
eaebc14f-4288-44e1-971a-b29ccb8a504f,,single molecule,007_Hm125_1_01_240.mzXML,/home/rosaliewang/projects/MASc-EDA/data/PoDP/verified_bgc_ms2_downloads/eaebc14f-4288-44e1-971a-b29ccb8a504f/007_Hm125_1_01_240.mzXML,Kitasatospora sp. MBT66,GCA_000710405,/home/rosaliewang/projects/MASc-EDA/data/PoDP/verified_bgc_ms2_downloads/eaebc14f-4288-44e1-971a-b29ccb8a504f/genes/GCA_000710405.fasta,/home/rosaliewang/projects/MASc-EDA/data/PoDP/verified_bgc_ms2_downloads/eaebc14f-4288-44e1-971a-b29ccb8a504f/genes/GCA_000710405.gbk,,
f05276c1-3c19-4fc4-95ee-412817ec35bd,BGC0001055,single molecule,S_N1.mzXML,/home/rosaliewang/projects/MASc-EDA/data/PoDP/verified_bgc_ms2_downloads/f05276c1-3c19-4fc4-95ee-412817ec35bd/S_N1.mzXML,Ecoli_Nissle_genome,CP022686.1,/home/rosaliewang/projects/MASc-EDA/data/PoDP/verified_bgc_ms2_downloads/f05276c1-3c19-4fc4-95ee-412817ec35bd/genes/CP022686.1.fasta,/home/rosaliewang/projects/MASc-EDA/data/PoDP/verified_bgc_ms2_downloads/f05276c1-3c19-4fc4-95ee-412817ec35bd/genes/CP022686.1.gbk,,
f05276c1-3c19-4fc4-95ee-412817ec35bd,BGC0001055,single molecule,S_N1.mzXML,/home/rosaliewang/projects/MASc-EDA/data/PoDP/verified_bgc_ms2_downloads/f05276c1-3c19-4fc4-95ee-412817ec35bd/S_N1.mzXML,Ecoli_Nissle_genome,CP022686.1,/home/rosaliewang/projects/MASc-EDA/data/PoDP/verified_bgc_ms2_downloads/f05276c1-3c19-4fc4-95ee-412817ec35bd/genes/CP022686.1.fasta,/home/rosaliewang/projects/MASc-EDA/data/PoDP/verified_bgc_ms2_downloads/f05276c1-3c19-4fc4-95ee-412817ec35bd/genes/CP022686.1.gbk,,
f05276c1-3c19-4fc4-95ee-412817ec35bd,BGC0001055,single molecule,S_N1.mzXML,/home/rosaliewang/projects/MASc-EDA/data/PoDP/verified_bgc_ms2_downloads/f05276c1-3c19-4fc4-95ee-412817ec35bd/S_N1.mzXML,Ecoli_Nissle_genome,CP022686.1,/home/rosaliewang/projects/MASc-EDA/data/PoDP/verified_bgc_ms2_downloads/f05276c1-3c19-4fc4-95ee-412817ec35bd/genes/CP022686.1.fasta,/home/rosaliewang/projects/MASc-EDA/data/PoDP/verified_bgc_ms2_downloads/f05276c1-3c19-4fc4-95ee-412817ec35bd/genes/CP022686.1.gbk,,
f2f2d52e-72e5-4271-893e-97bca12d6eff,BGC0001841,single molecule,DetoxinP1-MS2.mzXML,/home/rosaliewang/projects/MASc-EDA/data/PoDP/verified_bgc_ms2_downloads/f2f2d52e-72e5-4271-893e-97bca12d6eff/DetoxinP1-MS2.mzXML,Amycolatopsis jejuensis NRRL B-24427,GCA_000717335.1,/home/rosaliewang/projects/MASc-EDA/data/PoDP/verified_bgc_ms2_downloads/f2f2d52e-72e5-4271-893e-97bca12d6eff/genes/GCA_000717335.1.fasta,/home/rosaliewang/projects/MASc-EDA/data/PoDP/verified_bgc_ms2_downloads/f2f2d52e-72e5-4271-893e-97bca12d6eff/genes/GCA_000717335.1.gbk,,
f2f2d52e-72e5-4271-893e-97bca12d6eff,BGC0001841,single molecule,DetoxinP2-MS2.mzXML,/home/rosaliewang/projects/MASc-EDA/data/PoDP/verified_bgc_ms2_downloads/f2f2d52e-72e5-4271-893e-97bca12d6eff/DetoxinP2-MS2.mzXML,Amycolatopsis jejuensis NRRL B-24427,GCA_000717335.1,/home/rosaliewang/projects/MASc-EDA/data/PoDP/verified_bgc_ms2_downloads/f2f2d52e-72e5-4271-893e-97bca12d6eff/genes/GCA_000717335.1.fasta,/home/rosaliewang/projects/MASc-EDA/data/PoDP/verified_bgc_ms2_downloads/f2f2d52e-72e5-4271-893e-97bca12d6eff/genes/GCA_000717335.1.gbk,,
f2f2d52e-72e5-4271-893e-97bca12d6eff,BGC0001841,single molecule,DetoxinP3-MS2.mzXML,/home/rosaliewang/projects/MASc-EDA/data/PoDP/verified_bgc_ms2_downloads/f2f2d52e-72e5-4271-893e-97bca12d6eff/DetoxinP3-MS2.mzXML,Amycolatopsis jejuensis NRRL B-24427,GCA_000717335.1,/home/rosaliewang/projects/MASc-EDA/data/PoDP/verified_bgc_ms2_downloads/f2f2d52e-72e5-4271-893e-97bca12d6eff/genes/GCA_000717335.1.fasta,/home/rosaliewang/projects/MASc-EDA/data/PoDP/verified_bgc_ms2_downloads/f2f2d52e-72e5-4271-893e-97bca12d6eff/genes/GCA_000717335.1.gbk,,
f2f2d52e-72e5-4271-893e-97bca12d6eff,BGC0001840,single molecule,DetoxinS1-MS2.mzXML,/home/rosaliewang/projects/MASc-EDA/data/PoDP/verified_bgc_ms2_downloads/f2f2d52e-72e5-4271-893e-97bca12d6eff/DetoxinS1-MS2.mzXML,Streptomyces sp. NRRL S-325,GCA_000721595.1,/home/rosaliewang/projects/MASc-EDA/data/PoDP/verified_bgc_ms2_downloads/f2f2d52e-72e5-4271-893e-97bca12d6eff/genes/GCA_000721595.1.fasta,/home/rosaliewang/projects/MASc-EDA/data/PoDP/verified_bgc_ms2_downloads/f2f2d52e-72e5-4271-893e-97bca12d6eff/genes/GCA_000721595.1.gbk,,
f2f2d52e-72e5-4271-893e-97bca12d6eff,,single molecule,DetoxinN1-MS2.mzXML,/home/rosaliewang/projects/MASc-EDA/data/PoDP/verified_bgc_ms2_downloads/f2f2d52e-72e5-4271-893e-97bca12d6eff/DetoxinN1-MS2.mzXML,Streptomyces spectabilis Dietz NRRL 2792 (ATCC 27741),GCA_007363395.1,/home/rosaliewang/projects/MASc-EDA/data/PoDP/verified_bgc_ms2_downloads/f2f2d52e-72e5-4271-893e-97bca12d6eff/genes/GCA_007363395.1.fasta,/home/rosaliewang/projects/MASc-EDA/data/PoDP/verified_bgc_ms2_downloads/f2f2d52e-72e5-4271-893e-97bca12d6eff/genes/GCA_007363395.1.gbk,,
f2f2d52e-72e5-4271-893e-97bca12d6eff,,single molecule,DetoxinN2-MS2.mzXML,/home/rosaliewang/projects/MASc-EDA/data/PoDP/verified_bgc_ms2_downloads/f2f2d52e-72e5-4271-893e-97bca12d6eff/DetoxinN2-MS2.mzXML,Streptomyces spectabilis Dietz NRRL 2792 (ATCC 27741),GCA_007363395.1,/home/rosaliewang/projects/MASc-EDA/data/PoDP/verified_bgc_ms2_downloads/f2f2d52e-72e5-4271-893e-97bca12d6eff/genes/GCA_007363395.1.fasta,/home/rosaliewang/projects/MASc-EDA/data/PoDP/verified_bgc_ms2_downloads/f2f2d52e-72e5-4271-893e-97bca12d6eff/genes/GCA_007363395.1.gbk,,
f2f2d52e-72e5-4271-893e-97bca12d6eff,,single molecule,DetoxinN3-MS2.mzXML,/home/rosaliewang/projects/MASc-EDA/data/PoDP/verified_bgc_ms2_downloads/f2f2d52e-72e5-4271-893e-97bca12d6eff/DetoxinN3-MS2.mzXML,Streptomyces spectabilis Dietz NRRL 2792 (ATCC 27741),GCA_007363395.1,/home/rosaliewang/projects/MASc-EDA/data/PoDP/verified_bgc_ms2_downloads/f2f2d52e-72e5-4271-893e-97bca12d6eff/genes/GCA_007363395.1.fasta,/home/rosaliewang/projects/MASc-EDA/data/PoDP/verified_bgc_ms2_downloads/f2f2d52e-72e5-4271-893e-97bca12d6eff/genes/GCA_007363395.1.gbk,,
faafed8f-bcdc-4c56-b3b2-676e4d2ddcc6,BGC0000296,single molecule,20170919_NM6_glyc2.1.mzXML,/home/rosaliewang/projects/MASc-EDA/data/PoDP/verified_bgc_ms2_downloads/faafed8f-bcdc-4c56-b3b2-676e4d2ddcc6/20170919_NM6_glyc2.1.mzXML,Streptomyces sp. MBT27,JAACKE000000000,,/home/rosaliewang/projects/MASc-EDA/data/PoDP/verified_bgc_ms2_downloads/faafed8f-bcdc-4c56-b3b2-676e4d2ddcc6/genes/JAACKE000000000.gbk,empty response (no sequence data at this accession),
ff49073b-5f8d-4153-8414-9f8f01b24585,BGC0001752,single molecule,JG_QL109_DDA_03.mzXML,/home/rosaliewang/projects/MASc-EDA/data/PoDP/verified_bgc_ms2_downloads/ff49073b-5f8d-4153-8414-9f8f01b24585/JG_QL109_DDA_03.mzXML,Streptomyces sp. MBT76,GCA_001445655,/home/rosaliewang/projects/MASc-EDA/data/PoDP/verified_bgc_ms2_downloads/ff49073b-5f8d-4153-8414-9f8f01b24585/genes/GCA_001445655.fasta,/home/rosaliewang/projects/MASc-EDA/data/PoDP/verified_bgc_ms2_downloads/ff49073b-5f8d-4153-8414-9f8f01b24585/genes/GCA_001445655.gbk,,
