project_id,mibig_number,link_type,study_accession,new_ms2_filename,new_ms2_local_path,genome_label,genome_accession,genome_fasta_path,genome_gbk_path,fasta_error,gbk_error,original_ms2_filename,original_ms2_local_path
0fa2c5fc-d1ce-431a-8445-fa3b6573e240,BGC0000289,single molecule,MSV000085123,MSV000085123_Nonomuraea_sp_ATCC39727_gerenzaniensis_Nonomuraea_A40926.mzML,/home/rosaliewang/projects/MASc-EDA/data/PoDP/verified_bgc_ms2_downloads/0fa2c5fc-d1ce-431a-8445-fa3b6573e240/MSV000085123_Nonomuraea_sp_ATCC39727_gerenzaniensis_Nonomuraea_A40926.mzML,Nonomuraea sp. ATCC39727 (gerenzaniensis),LT559118.1,/home/rosaliewang/projects/MASc-EDA/data/PoDP/verified_bgc_ms2_downloads/0fa2c5fc-d1ce-431a-8445-fa3b6573e240/genes/LT559118.1.fasta,/home/rosaliewang/projects/MASc-EDA/data/PoDP/verified_bgc_ms2_downloads/0fa2c5fc-d1ce-431a-8445-fa3b6573e240/genes/LT559118.1.gbk,,,Nonomuraea_A40926.mzML,/home/rosaliewang/projects/MASc-EDA/data/PoDP/verified_bgc_ms2_downloads/0fa2c5fc-d1ce-431a-8445-fa3b6573e240/Nonomuraea_A40926.mzML
0fa2c5fc-d1ce-431a-8445-fa3b6573e240,BGC0000529,single molecule,MSV000085123,MSV000085123_Microbispora_sp_ATCC_PTA_5024_Microbispora_NAI107.mzML,/home/rosaliewang/projects/MASc-EDA/data/PoDP/verified_bgc_ms2_downloads/0fa2c5fc-d1ce-431a-8445-fa3b6573e240/MSV000085123_Microbispora_sp_ATCC_PTA_5024_Microbispora_NAI107.mzML,Microbispora sp. ATCC PTA-5024,NZ_AWEV00000000.1,,/home/rosaliewang/projects/MASc-EDA/data/PoDP/verified_bgc_ms2_downloads/0fa2c5fc-d1ce-431a-8445-fa3b6573e240/genes/NZ_AWEV00000000.1.gbk,empty response (no sequence data at this accession),,Microbispora_NAI107.mzML,/home/rosaliewang/projects/MASc-EDA/data/PoDP/verified_bgc_ms2_downloads/0fa2c5fc-d1ce-431a-8445-fa3b6573e240/Microbispora_NAI107.mzML
1af59f37-c518-448c-9536-734b663eb21b,BGC0000972,single molecule,MSV000078995,MSV000078995_Escherichia_coli_IHE3034_P4_UnbiasedExclude.mzXML,/home/rosaliewang/projects/MASc-EDA/data/PoDP/verified_bgc_ms2_downloads/1af59f37-c518-448c-9536-734b663eb21b/MSV000078995_Escherichia_coli_IHE3034_P4_UnbiasedExclude.mzXML,Escherichia coli IHE3034,AM229678.1,/home/rosaliewang/projects/MASc-EDA/data/PoDP/verified_bgc_ms2_downloads/1af59f37-c518-448c-9536-734b663eb21b/genes/AM229678.1.fasta,/home/rosaliewang/projects/MASc-EDA/data/PoDP/verified_bgc_ms2_downloads/1af59f37-c518-448c-9536-734b663eb21b/genes/AM229678.1.gbk,,,P4_UnbiasedExclude.mzXML,/home/rosaliewang/projects/MASc-EDA/data/PoDP/verified_bgc_ms2_downloads/1af59f37-c518-448c-9536-734b663eb21b/P4_UnbiasedExclude.mzXML
1b0dccac-5212-4dfd-a9f2-6fa953ab16bd,BGC0001285,single molecule,MSV000085018,MSV000085018_Pseudomonas_putida_BW11M1_P_putida_BW11M1_GD2_01_38289.mzXML,/home/rosaliewang/projects/MASc-EDA/data/PoDP/verified_bgc_ms2_downloads/1b0dccac-5212-4dfd-a9f2-6fa953ab16bd/MSV000085018_Pseudomonas_putida_BW11M1_P_putida_BW11M1_GD2_01_38289.mzXML,Pseudomonas putida BW11M1,LSLE00000000,,/home/rosaliewang/projects/MASc-EDA/data/PoDP/verified_bgc_ms2_downloads/1b0dccac-5212-4dfd-a9f2-6fa953ab16bd/genes/LSLE00000000.gbk,empty response (no sequence data at this accession),,P_putida_BW11M1_GD2_01_38289.mzXML,/home/rosaliewang/projects/MASc-EDA/data/PoDP/verified_bgc_ms2_downloads/1b0dccac-5212-4dfd-a9f2-6fa953ab16bd/P_putida_BW11M1_GD2_01_38289.mzXML
6ad1d8ed-40e4-4417-9ca2-c9274efb5f9c,BGC0000845,single molecule,MSV000083835,MSV000083835_Streptomyces_clavuligerus_51.mzML,/home/rosaliewang/projects/MASc-EDA/data/PoDP/verified_bgc_ms2_downloads/6ad1d8ed-40e4-4417-9ca2-c9274efb5f9c/MSV000083835_Streptomyces_clavuligerus_51.mzML,Streptomyces clavuligerus,DS570624.1,/home/rosaliewang/projects/MASc-EDA/data/PoDP/verified_bgc_ms2_downloads/6ad1d8ed-40e4-4417-9ca2-c9274efb5f9c/genes/DS570624.1.fasta,/home/rosaliewang/projects/MASc-EDA/data/PoDP/verified_bgc_ms2_downloads/6ad1d8ed-40e4-4417-9ca2-c9274efb5f9c/genes/DS570624.1.gbk,,,51.mzML,/home/rosaliewang/projects/MASc-EDA/data/PoDP/verified_bgc_ms2_downloads/6ad1d8ed-40e4-4417-9ca2-c9274efb5f9c/51.mzML
6ad1d8ed-40e4-4417-9ca2-c9274efb5f9c,BGC0000319,single molecule,MSV000083835,MSV000083835_Streptomyces_clavuligerus_54.mzML,/home/rosaliewang/projects/MASc-EDA/data/PoDP/verified_bgc_ms2_downloads/6ad1d8ed-40e4-4417-9ca2-c9274efb5f9c/MSV000083835_Streptomyces_clavuligerus_54.mzML,Streptomyces clavuligerus,DS570624.1,/home/rosaliewang/projects/MASc-EDA/data/PoDP/verified_bgc_ms2_downloads/6ad1d8ed-40e4-4417-9ca2-c9274efb5f9c/genes/DS570624.1.fasta,/home/rosaliewang/projects/MASc-EDA/data/PoDP/verified_bgc_ms2_downloads/6ad1d8ed-40e4-4417-9ca2-c9274efb5f9c/genes/DS570624.1.gbk,,,54.mzML,/home/rosaliewang/projects/MASc-EDA/data/PoDP/verified_bgc_ms2_downloads/6ad1d8ed-40e4-4417-9ca2-c9274efb5f9c/54.mzML
6ad1d8ed-40e4-4417-9ca2-c9274efb5f9c,BGC0000880,single molecule,MSV000083835,MSV000083835_Streptomyces_clavuligerus_42.mzML,/home/rosaliewang/projects/MASc-EDA/data/PoDP/verified_bgc_ms2_downloads/6ad1d8ed-40e4-4417-9ca2-c9274efb5f9c/MSV000083835_Streptomyces_clavuligerus_42.mzML,Streptomyces clavuligerus,DS570624.1,/home/rosaliewang/projects/MASc-EDA/data/PoDP/verified_bgc_ms2_downloads/6ad1d8ed-40e4-4417-9ca2-c9274efb5f9c/genes/DS570624.1.fasta,/home/rosaliewang/projects/MASc-EDA/data/PoDP/verified_bgc_ms2_downloads/6ad1d8ed-40e4-4417-9ca2-c9274efb5f9c/genes/DS570624.1.gbk,,,42.mzML,/home/rosaliewang/projects/MASc-EDA/data/PoDP/verified_bgc_ms2_downloads/6ad1d8ed-40e4-4417-9ca2-c9274efb5f9c/42.mzML
6ad1d8ed-40e4-4417-9ca2-c9274efb5f9c,BGC0000880,single molecule,MSV000083835,MSV000083835_Streptomyces_clavuligerus_42.mzML,/home/rosaliewang/projects/MASc-EDA/data/PoDP/verified_bgc_ms2_downloads/6ad1d8ed-40e4-4417-9ca2-c9274efb5f9c/MSV000083835_Streptomyces_clavuligerus_42.mzML,Streptomyces clavuligerus,DS570624.1,/home/rosaliewang/projects/MASc-EDA/data/PoDP/verified_bgc_ms2_downloads/6ad1d8ed-40e4-4417-9ca2-c9274efb5f9c/genes/DS570624.1.fasta,/home/rosaliewang/projects/MASc-EDA/data/PoDP/verified_bgc_ms2_downloads/6ad1d8ed-40e4-4417-9ca2-c9274efb5f9c/genes/DS570624.1.gbk,,,42.mzML,/home/rosaliewang/projects/MASc-EDA/data/PoDP/verified_bgc_ms2_downloads/6ad1d8ed-40e4-4417-9ca2-c9274efb5f9c/42.mzML
6ad1d8ed-40e4-4417-9ca2-c9274efb5f9c,BGC0000880,single molecule,MSV000083835,MSV000083835_Streptomyces_clavuligerus_42.mzML,/home/rosaliewang/projects/MASc-EDA/data/PoDP/verified_bgc_ms2_downloads/6ad1d8ed-40e4-4417-9ca2-c9274efb5f9c/MSV000083835_Streptomyces_clavuligerus_42.mzML,Streptomyces clavuligerus,DS570624.1,/home/rosaliewang/projects/MASc-EDA/data/PoDP/verified_bgc_ms2_downloads/6ad1d8ed-40e4-4417-9ca2-c9274efb5f9c/genes/DS570624.1.fasta,/home/rosaliewang/projects/MASc-EDA/data/PoDP/verified_bgc_ms2_downloads/6ad1d8ed-40e4-4417-9ca2-c9274efb5f9c/genes/DS570624.1.gbk,,,42.mzML,/home/rosaliewang/projects/MASc-EDA/data/PoDP/verified_bgc_ms2_downloads/6ad1d8ed-40e4-4417-9ca2-c9274efb5f9c/42.mzML
6ad1d8ed-40e4-4417-9ca2-c9274efb5f9c,BGC0001310,single molecule,MSV000083835,MSV000083835_Streptomyces_clavuligerus_60.mzML,/home/rosaliewang/projects/MASc-EDA/data/PoDP/verified_bgc_ms2_downloads/6ad1d8ed-40e4-4417-9ca2-c9274efb5f9c/MSV000083835_Streptomyces_clavuligerus_60.mzML,Streptomyces clavuligerus,DS570624.1,/home/rosaliewang/projects/MASc-EDA/data/PoDP/verified_bgc_ms2_downloads/6ad1d8ed-40e4-4417-9ca2-c9274efb5f9c/genes/DS570624.1.fasta,/home/rosaliewang/projects/MASc-EDA/data/PoDP/verified_bgc_ms2_downloads/6ad1d8ed-40e4-4417-9ca2-c9274efb5f9c/genes/DS570624.1.gbk,,,60.mzML,/home/rosaliewang/projects/MASc-EDA/data/PoDP/verified_bgc_ms2_downloads/6ad1d8ed-40e4-4417-9ca2-c9274efb5f9c/60.mzML
79eae50e-004d-42ba-8a81-f6d620e7052a,,single molecule,MSV000085023,MSV000085023_Xanthomonas_citri_pv_mangiferaeindicae_XanMangi_XAD_crude_D0_1.mzXML,/home/rosaliewang/projects/MASc-EDA/data/PoDP/verified_bgc_ms2_downloads/79eae50e-004d-42ba-8a81-f6d620e7052a/MSV000085023_Xanthomonas_citri_pv_mangiferaeindicae_XanMangi_XAD_crude_D0_1.mzXML,Xanthomonas citri pv. mangiferaeindicae,GCA_002240395.1,/home/rosaliewang/projects/MASc-EDA/data/PoDP/verified_bgc_ms2_downloads/79eae50e-004d-42ba-8a81-f6d620e7052a/genes/GCA_002240395.1.fasta,/home/rosaliewang/projects/MASc-EDA/data/PoDP/verified_bgc_ms2_downloads/79eae50e-004d-42ba-8a81-f6d620e7052a/genes/GCA_002240395.1.gbk,,,XanMangi_XAD_crude_D0_1.mzXML,/home/rosaliewang/projects/MASc-EDA/data/PoDP/verified_bgc_ms2_downloads/79eae50e-004d-42ba-8a81-f6d620e7052a/XanMangi_XAD_crude_D0_1.mzXML
7ac37e93-a737-4746-b121-0993adccf178,BGC0000598,single molecule,MSV000078667,MSV000078667_Candidatus_Entotheonella_factor_EH_Ento_Alex_targeted.mzXML,/home/rosaliewang/projects/MASc-EDA/data/PoDP/verified_bgc_ms2_downloads/7ac37e93-a737-4746-b121-0993adccf178/MSV000078667_Candidatus_Entotheonella_factor_EH_Ento_Alex_targeted.mzXML,‘Candidatus Entotheonella factor’,AZHW00000000.1,,/home/rosaliewang/projects/MASc-EDA/data/PoDP/verified_bgc_ms2_downloads/7ac37e93-a737-4746-b121-0993adccf178/genes/AZHW00000000.1.gbk,empty response (no sequence data at this accession),,EH_Ento_Alex_targeted.mzXML,/home/rosaliewang/projects/MASc-EDA/data/PoDP/verified_bgc_ms2_downloads/7ac37e93-a737-4746-b121-0993adccf178/EH_Ento_Alex_targeted.mzXML
7ac37e93-a737-4746-b121-0993adccf178,BGC0001105,single molecule,MSV000078667,MSV000078667_Candidatus_Entotheonella_factor_EH_Ento_Eric_130913212942.mzXML,/home/rosaliewang/projects/MASc-EDA/data/PoDP/verified_bgc_ms2_downloads/7ac37e93-a737-4746-b121-0993adccf178/MSV000078667_Candidatus_Entotheonella_factor_EH_Ento_Eric_130913212942.mzXML,‘Candidatus Entotheonella factor’,AZHW00000000.1,,/home/rosaliewang/projects/MASc-EDA/data/PoDP/verified_bgc_ms2_downloads/7ac37e93-a737-4746-b121-0993adccf178/genes/AZHW00000000.1.gbk,empty response (no sequence data at this accession),,EH_Ento_Eric_130913212942.mzXML,/home/rosaliewang/projects/MASc-EDA/data/PoDP/verified_bgc_ms2_downloads/7ac37e93-a737-4746-b121-0993adccf178/EH_Ento_Eric_130913212942.mzXML
815c513e-8fc3-43a8-88b4-f4df1dd503f7,BGC0002055,single molecule,MSV000085141,MSV000085141_MH_79_12_MH_20140517_1MJP3_79_12.mzXML,/home/rosaliewang/projects/MASc-EDA/data/PoDP/verified_bgc_ms2_downloads/815c513e-8fc3-43a8-88b4-f4df1dd503f7/MSV000085141_MH_79_12_MH_20140517_1MJP3_79_12.mzXML,MH_79_12,JAAHTH010000000,,/home/rosaliewang/projects/MASc-EDA/data/PoDP/verified_bgc_ms2_downloads/815c513e-8fc3-43a8-88b4-f4df1dd503f7/genes/JAAHTH010000000.gbk,empty response (no sequence data at this accession),,MH_20140517_1MJP3_79_12.mzXML,/home/rosaliewang/projects/MASc-EDA/data/PoDP/verified_bgc_ms2_downloads/815c513e-8fc3-43a8-88b4-f4df1dd503f7/MH_20140517_1MJP3_79_12.mzXML
815c513e-8fc3-43a8-88b4-f4df1dd503f7,BGC0002057,single molecule,MSV000085141,MSV000085141_MH_79_12_MH_20140517_1MJP3_79_12.mzXML,/home/rosaliewang/projects/MASc-EDA/data/PoDP/verified_bgc_ms2_downloads/815c513e-8fc3-43a8-88b4-f4df1dd503f7/MSV000085141_MH_79_12_MH_20140517_1MJP3_79_12.mzXML,MH_79_12,JAAHTH010000000,,/home/rosaliewang/projects/MASc-EDA/data/PoDP/verified_bgc_ms2_downloads/815c513e-8fc3-43a8-88b4-f4df1dd503f7/genes/JAAHTH010000000.gbk,empty response (no sequence data at this accession),,MH_20140517_1MJP3_79_12.mzXML,/home/rosaliewang/projects/MASc-EDA/data/PoDP/verified_bgc_ms2_downloads/815c513e-8fc3-43a8-88b4-f4df1dd503f7/MH_20140517_1MJP3_79_12.mzXML
815c513e-8fc3-43a8-88b4-f4df1dd503f7,BGC0002056,single molecule,MSV000085141,MSV000085141_MH_79_12_MH_20140517_1MJP3_79_12.mzXML,/home/rosaliewang/projects/MASc-EDA/data/PoDP/verified_bgc_ms2_downloads/815c513e-8fc3-43a8-88b4-f4df1dd503f7/MSV000085141_MH_79_12_MH_20140517_1MJP3_79_12.mzXML,MH_79_12,JAAHTH010000000,,/home/rosaliewang/projects/MASc-EDA/data/PoDP/verified_bgc_ms2_downloads/815c513e-8fc3-43a8-88b4-f4df1dd503f7/genes/JAAHTH010000000.gbk,empty response (no sequence data at this accession),,MH_20140517_1MJP3_79_12.mzXML,/home/rosaliewang/projects/MASc-EDA/data/PoDP/verified_bgc_ms2_downloads/815c513e-8fc3-43a8-88b4-f4df1dd503f7/MH_20140517_1MJP3_79_12.mzXML
84b56cd3-218b-4e57-906f-a9003615ed07,BGC0001632,single molecule,MSV000084950,MSV000084950_Microcystis_aeruginosa_NIES_88_040220022.mzML,/home/rosaliewang/projects/MASc-EDA/data/PoDP/verified_bgc_ms2_downloads/84b56cd3-218b-4e57-906f-a9003615ed07/MSV000084950_Microcystis_aeruginosa_NIES_88_040220022.mzML,Microcystis aeruginosa NIES-88,JXYX01,/home/rosaliewang/projects/MASc-EDA/data/PoDP/verified_bgc_ms2_downloads/84b56cd3-218b-4e57-906f-a9003615ed07/genes/JXYX01.fasta,/home/rosaliewang/projects/MASc-EDA/data/PoDP/verified_bgc_ms2_downloads/84b56cd3-218b-4e57-906f-a9003615ed07/genes/JXYX01.gbk,,,040220022.mzML,/home/rosaliewang/projects/MASc-EDA/data/PoDP/verified_bgc_ms2_downloads/84b56cd3-218b-4e57-906f-a9003615ed07/040220022.mzML
84b56cd3-218b-4e57-906f-a9003615ed07,BGC0000473,single molecule,MSV000084950,MSV000084950_Microcystis_aeruginosa_NIES_298_040220002.mzML,/home/rosaliewang/projects/MASc-EDA/data/PoDP/verified_bgc_ms2_downloads/84b56cd3-218b-4e57-906f-a9003615ed07/MSV000084950_Microcystis_aeruginosa_NIES_298_040220002.mzML,Microcystis aeruginosa NIES-298,CP046058.1,/home/rosaliewang/projects/MASc-EDA/data/PoDP/verified_bgc_ms2_downloads/84b56cd3-218b-4e57-906f-a9003615ed07/genes/CP046058.1.fasta,/home/rosaliewang/projects/MASc-EDA/data/PoDP/verified_bgc_ms2_downloads/84b56cd3-218b-4e57-906f-a9003615ed07/genes/CP046058.1.gbk,,,040220002.mzML,/home/rosaliewang/projects/MASc-EDA/data/PoDP/verified_bgc_ms2_downloads/84b56cd3-218b-4e57-906f-a9003615ed07/040220002.mzML
84b56cd3-218b-4e57-906f-a9003615ed07,,single molecule,MSV000084950,MSV000084950_Microcystis_viridis_NIES_102_040220001.mzML,/home/rosaliewang/projects/MASc-EDA/data/PoDP/verified_bgc_ms2_downloads/84b56cd3-218b-4e57-906f-a9003615ed07/MSV000084950_Microcystis_viridis_NIES_102_040220001.mzML,Microcystis viridis NIES-102,AP019314.1,/home/rosaliewang/projects/MASc-EDA/data/PoDP/verified_bgc_ms2_downloads/84b56cd3-218b-4e57-906f-a9003615ed07/genes/AP019314.1.fasta,/home/rosaliewang/projects/MASc-EDA/data/PoDP/verified_bgc_ms2_downloads/84b56cd3-218b-4e57-906f-a9003615ed07/genes/AP019314.1.gbk,,,040220001.mzML,/home/rosaliewang/projects/MASc-EDA/data/PoDP/verified_bgc_ms2_downloads/84b56cd3-218b-4e57-906f-a9003615ed07/040220001.mzML
93f8edd3-c00d-4acf-b359-879b02850b46,BGC0001800,single molecule,MSV000081318,MSV000081318_Candidatus_Entotheonella_serta_TSWJapanSponge.mzXML,/home/rosaliewang/projects/MASc-EDA/data/PoDP/verified_bgc_ms2_downloads/93f8edd3-c00d-4acf-b359-879b02850b46/MSV000081318_Candidatus_Entotheonella_serta_TSWJapanSponge.mzXML,Candidatus Entotheonella serta,PPXO00000000.1,,/home/rosaliewang/projects/MASc-EDA/data/PoDP/verified_bgc_ms2_downloads/93f8edd3-c00d-4acf-b359-879b02850b46/genes/PPXO00000000.1.gbk,empty response (no sequence data at this accession),,TSWJapanSponge.mzXML,/home/rosaliewang/projects/MASc-EDA/data/PoDP/verified_bgc_ms2_downloads/93f8edd3-c00d-4acf-b359-879b02850b46/TSWJapanSponge.mzXML
944b1725-47e2-4f4f-8d57-40fbf9dc4282,,single molecule,MSV000084117,MSV000084117_Bacillus_subtilis_subsp_subtilis_str_168_Bsub_wt_1.mzXML,/home/rosaliewang/projects/MASc-EDA/data/PoDP/verified_bgc_ms2_downloads/944b1725-47e2-4f4f-8d57-40fbf9dc4282/MSV000084117_Bacillus_subtilis_subsp_subtilis_str_168_Bsub_wt_1.mzXML,Bacillus subtilis subsp. subtilis str. 168,NC_000964.3,/home/rosaliewang/projects/MASc-EDA/data/PoDP/verified_bgc_ms2_downloads/944b1725-47e2-4f4f-8d57-40fbf9dc4282/genes/NC_000964.3.fasta,/home/rosaliewang/projects/MASc-EDA/data/PoDP/verified_bgc_ms2_downloads/944b1725-47e2-4f4f-8d57-40fbf9dc4282/genes/NC_000964.3.gbk,,,Bsub_wt_1.mzXML,/home/rosaliewang/projects/MASc-EDA/data/PoDP/verified_bgc_ms2_downloads/944b1725-47e2-4f4f-8d57-40fbf9dc4282/Bsub_wt_1.mzXML
944b1725-47e2-4f4f-8d57-40fbf9dc4282,BGC0000433,single molecule,MSV000084117,MSV000084117_Bacillus_subtilis_subsp_subtilis_str_168_Bsub_wt_3.mzXML,/home/rosaliewang/projects/MASc-EDA/data/PoDP/verified_bgc_ms2_downloads/944b1725-47e2-4f4f-8d57-40fbf9dc4282/MSV000084117_Bacillus_subtilis_subsp_subtilis_str_168_Bsub_wt_3.mzXML,Bacillus subtilis subsp. subtilis str. 168,NC_000964.3,/home/rosaliewang/projects/MASc-EDA/data/PoDP/verified_bgc_ms2_downloads/944b1725-47e2-4f4f-8d57-40fbf9dc4282/genes/NC_000964.3.fasta,/home/rosaliewang/projects/MASc-EDA/data/PoDP/verified_bgc_ms2_downloads/944b1725-47e2-4f4f-8d57-40fbf9dc4282/genes/NC_000964.3.gbk,,,Bsub_wt_3.mzXML,/home/rosaliewang/projects/MASc-EDA/data/PoDP/verified_bgc_ms2_downloads/944b1725-47e2-4f4f-8d57-40fbf9dc4282/Bsub_wt_3.mzXML
944b1725-47e2-4f4f-8d57-40fbf9dc4282,BGC0000433,single molecule,MSV000084117,MSV000084117_Bacillus_subtilis_subsp_subtilis_str_168_Bsub_wt_2.mzXML,/home/rosaliewang/projects/MASc-EDA/data/PoDP/verified_bgc_ms2_downloads/944b1725-47e2-4f4f-8d57-40fbf9dc4282/MSV000084117_Bacillus_subtilis_subsp_subtilis_str_168_Bsub_wt_2.mzXML,Bacillus subtilis subsp. subtilis str. 168,NC_000964.3,/home/rosaliewang/projects/MASc-EDA/data/PoDP/verified_bgc_ms2_downloads/944b1725-47e2-4f4f-8d57-40fbf9dc4282/genes/NC_000964.3.fasta,/home/rosaliewang/projects/MASc-EDA/data/PoDP/verified_bgc_ms2_downloads/944b1725-47e2-4f4f-8d57-40fbf9dc4282/genes/NC_000964.3.gbk,,,Bsub_wt_2.mzXML,/home/rosaliewang/projects/MASc-EDA/data/PoDP/verified_bgc_ms2_downloads/944b1725-47e2-4f4f-8d57-40fbf9dc4282/Bsub_wt_2.mzXML
944b1725-47e2-4f4f-8d57-40fbf9dc4282,BGC0000433,single molecule,MSV000084117,MSV000084117_Bacillus_subtilis_subsp_subtilis_str_168_Bsub_wt_2.mzXML,/home/rosaliewang/projects/MASc-EDA/data/PoDP/verified_bgc_ms2_downloads/944b1725-47e2-4f4f-8d57-40fbf9dc4282/MSV000084117_Bacillus_subtilis_subsp_subtilis_str_168_Bsub_wt_2.mzXML,Bacillus subtilis subsp. subtilis str. 168,NC_000964.3,/home/rosaliewang/projects/MASc-EDA/data/PoDP/verified_bgc_ms2_downloads/944b1725-47e2-4f4f-8d57-40fbf9dc4282/genes/NC_000964.3.fasta,/home/rosaliewang/projects/MASc-EDA/data/PoDP/verified_bgc_ms2_downloads/944b1725-47e2-4f4f-8d57-40fbf9dc4282/genes/NC_000964.3.gbk,,,Bsub_wt_2.mzXML,/home/rosaliewang/projects/MASc-EDA/data/PoDP/verified_bgc_ms2_downloads/944b1725-47e2-4f4f-8d57-40fbf9dc4282/Bsub_wt_2.mzXML
a4837d37-1df1-4153-b365-c06841574235,,single molecule,MSV000084771,MSV000084771_Nocardia_araoensis_NBRC_100135_3_FeMeOHGa.mzXML,/home/rosaliewang/projects/MASc-EDA/data/PoDP/verified_bgc_ms2_downloads/a4837d37-1df1-4153-b365-c06841574235/MSV000084771_Nocardia_araoensis_NBRC_100135_3_FeMeOHGa.mzXML,Nocardia araoensis NBRC 100135,BAFR00000000.1,,/home/rosaliewang/projects/MASc-EDA/data/PoDP/verified_bgc_ms2_downloads/a4837d37-1df1-4153-b365-c06841574235/genes/BAFR00000000.1.gbk,empty response (no sequence data at this accession),,3-FeMeOHGa.mzXML,/home/rosaliewang/projects/MASc-EDA/data/PoDP/verified_bgc_ms2_downloads/a4837d37-1df1-4153-b365-c06841574235/3-FeMeOHGa.mzXML
a4837d37-1df1-4153-b365-c06841574235,,single molecule,MSV000084771,MSV000084771_Nocardia_takedensis_NBRC_100417_29RErerun.mzXML,/home/rosaliewang/projects/MASc-EDA/data/PoDP/verified_bgc_ms2_downloads/a4837d37-1df1-4153-b365-c06841574235/MSV000084771_Nocardia_takedensis_NBRC_100417_29RErerun.mzXML,Nocardia takedensis NBRC 100417,NZ_BAGG00000000.1,,/home/rosaliewang/projects/MASc-EDA/data/PoDP/verified_bgc_ms2_downloads/a4837d37-1df1-4153-b365-c06841574235/genes/NZ_BAGG00000000.1.gbk,empty response (no sequence data at this accession),,29RErerun.mzXML,/home/rosaliewang/projects/MASc-EDA/data/PoDP/verified_bgc_ms2_downloads/a4837d37-1df1-4153-b365-c06841574235/29RErerun.mzXML
a4837d37-1df1-4153-b365-c06841574235,,single molecule,MSV000084771,MSV000084771_Nocardia_jejuensis_NBRC_103114_52_FeMeOHGa.mzXML,/home/rosaliewang/projects/MASc-EDA/data/PoDP/verified_bgc_ms2_downloads/a4837d37-1df1-4153-b365-c06841574235/MSV000084771_Nocardia_jejuensis_NBRC_103114_52_FeMeOHGa.mzXML,Nocardia jejuensis NBRC 103114,NZ_BDBU00000000.1,,/home/rosaliewang/projects/MASc-EDA/data/PoDP/verified_bgc_ms2_downloads/a4837d37-1df1-4153-b365-c06841574235/genes/NZ_BDBU00000000.1.gbk,empty response (no sequence data at this accession),,52-FeMeOHGa.mzXML,/home/rosaliewang/projects/MASc-EDA/data/PoDP/verified_bgc_ms2_downloads/a4837d37-1df1-4153-b365-c06841574235/52-FeMeOHGa.mzXML
a4837d37-1df1-4153-b365-c06841574235,,single molecule,MSV000084771,MSV000084771_Nocardia_fusca_NBRC_14340_55_FeMeOHGa.mzXML,/home/rosaliewang/projects/MASc-EDA/data/PoDP/verified_bgc_ms2_downloads/a4837d37-1df1-4153-b365-c06841574235/MSV000084771_Nocardia_fusca_NBRC_14340_55_FeMeOHGa.mzXML,Nocardia fusca NBRC 14340,NZ_BDCU00000000.1,,/home/rosaliewang/projects/MASc-EDA/data/PoDP/verified_bgc_ms2_downloads/a4837d37-1df1-4153-b365-c06841574235/genes/NZ_BDCU00000000.1.gbk,empty response (no sequence data at this accession),,55-FeMeOHGa.mzXML,/home/rosaliewang/projects/MASc-EDA/data/PoDP/verified_bgc_ms2_downloads/a4837d37-1df1-4153-b365-c06841574235/55-FeMeOHGa.mzXML
a4837d37-1df1-4153-b365-c06841574235,,single molecule,MSV000084771,MSV000084771_Nocardia_rhamnosiphila_NBRC_108938_57_FeMeOHGa.mzXML,/home/rosaliewang/projects/MASc-EDA/data/PoDP/verified_bgc_ms2_downloads/a4837d37-1df1-4153-b365-c06841574235/MSV000084771_Nocardia_rhamnosiphila_NBRC_108938_57_FeMeOHGa.mzXML,Nocardia rhamnosiphila NBRC 108938,NZ_BDCL00000000.1,,/home/rosaliewang/projects/MASc-EDA/data/PoDP/verified_bgc_ms2_downloads/a4837d37-1df1-4153-b365-c06841574235/genes/NZ_BDCL00000000.1.gbk,empty response (no sequence data at this accession),,57-FeMeOHGa.mzXML,/home/rosaliewang/projects/MASc-EDA/data/PoDP/verified_bgc_ms2_downloads/a4837d37-1df1-4153-b365-c06841574235/57-FeMeOHGa.mzXML
a4837d37-1df1-4153-b365-c06841574235,,single molecule,MSV000084771,MSV000084771_Nocardia_vermiculata_NBRC_100427_62_FeMeOHGa.mzXML,/home/rosaliewang/projects/MASc-EDA/data/PoDP/verified_bgc_ms2_downloads/a4837d37-1df1-4153-b365-c06841574235/MSV000084771_Nocardia_vermiculata_NBRC_100427_62_FeMeOHGa.mzXML,Nocardia vermiculata NBRC 100427,NZ_BDCA00000000.1,,/home/rosaliewang/projects/MASc-EDA/data/PoDP/verified_bgc_ms2_downloads/a4837d37-1df1-4153-b365-c06841574235/genes/NZ_BDCA00000000.1.gbk,empty response (no sequence data at this accession),,62-FeMeOHGa.mzXML,/home/rosaliewang/projects/MASc-EDA/data/PoDP/verified_bgc_ms2_downloads/a4837d37-1df1-4153-b365-c06841574235/62-FeMeOHGa.mzXML
a4837d37-1df1-4153-b365-c06841574235,,single molecule,MSV000084771,MSV000084771_Nocardia_gamkensis_NBRC_108242_70_FeMeOHGarerun.mzXML,/home/rosaliewang/projects/MASc-EDA/data/PoDP/verified_bgc_ms2_downloads/a4837d37-1df1-4153-b365-c06841574235/MSV000084771_Nocardia_gamkensis_NBRC_108242_70_FeMeOHGarerun.mzXML,Nocardia gamkensis NBRC 108242,NZ_BDBM00000000.1,,/home/rosaliewang/projects/MASc-EDA/data/PoDP/verified_bgc_ms2_downloads/a4837d37-1df1-4153-b365-c06841574235/genes/NZ_BDBM00000000.1.gbk,empty response (no sequence data at this accession),,70-FeMeOHGarerun.mzXML,/home/rosaliewang/projects/MASc-EDA/data/PoDP/verified_bgc_ms2_downloads/a4837d37-1df1-4153-b365-c06841574235/70-FeMeOHGarerun.mzXML
a4837d37-1df1-4153-b365-c06841574235,,single molecule,MSV000084771,MSV000084771_Nocardia_gamkensis_NBRC_108242_70_FeMeOHGarerun.mzXML,/home/rosaliewang/projects/MASc-EDA/data/PoDP/verified_bgc_ms2_downloads/a4837d37-1df1-4153-b365-c06841574235/MSV000084771_Nocardia_gamkensis_NBRC_108242_70_FeMeOHGarerun.mzXML,Nocardia gamkensis NBRC 108242,NZ_BDBM00000000.1,,/home/rosaliewang/projects/MASc-EDA/data/PoDP/verified_bgc_ms2_downloads/a4837d37-1df1-4153-b365-c06841574235/genes/NZ_BDBM00000000.1.gbk,empty response (no sequence data at this accession),,70-FeMeOHGarerun.mzXML,/home/rosaliewang/projects/MASc-EDA/data/PoDP/verified_bgc_ms2_downloads/a4837d37-1df1-4153-b365-c06841574235/70-FeMeOHGarerun.mzXML
a4837d37-1df1-4153-b365-c06841574235,,single molecule,MSV000084771,MSV000084771_Nocardia_alba_NBRC_108234_79_FeMeOHGa.mzXML,/home/rosaliewang/projects/MASc-EDA/data/PoDP/verified_bgc_ms2_downloads/a4837d37-1df1-4153-b365-c06841574235/MSV000084771_Nocardia_alba_NBRC_108234_79_FeMeOHGa.mzXML,Nocardia alba NBRC 108234,NZ_BDAX00000000.1,,/home/rosaliewang/projects/MASc-EDA/data/PoDP/verified_bgc_ms2_downloads/a4837d37-1df1-4153-b365-c06841574235/genes/NZ_BDAX00000000.1.gbk,empty response (no sequence data at this accession),,79-FeMeOHGa.mzXML,/home/rosaliewang/projects/MASc-EDA/data/PoDP/verified_bgc_ms2_downloads/a4837d37-1df1-4153-b365-c06841574235/79-FeMeOHGa.mzXML
aa13b370-2bff-43aa-b0b1-5671716bdb5c,BGC0000426,single molecule,MSV000085032,MSV000085032_Paenibacillus_larvae_subsp_larvae_DSM_25430_Sevadicin_HCD.mzXML,/home/rosaliewang/projects/MASc-EDA/data/PoDP/verified_bgc_ms2_downloads/aa13b370-2bff-43aa-b0b1-5671716bdb5c/MSV000085032_Paenibacillus_larvae_subsp_larvae_DSM_25430_Sevadicin_HCD.mzXML,Paenibacillus larvae subsp. larvae DSM 25430,NC_023134.1,/home/rosaliewang/projects/MASc-EDA/data/PoDP/verified_bgc_ms2_downloads/aa13b370-2bff-43aa-b0b1-5671716bdb5c/genes/NC_023134.1.fasta,/home/rosaliewang/projects/MASc-EDA/data/PoDP/verified_bgc_ms2_downloads/aa13b370-2bff-43aa-b0b1-5671716bdb5c/genes/NC_023134.1.gbk,,,Sevadicin_HCD.mzXML,/home/rosaliewang/projects/MASc-EDA/data/PoDP/verified_bgc_ms2_downloads/aa13b370-2bff-43aa-b0b1-5671716bdb5c/Sevadicin_HCD.mzXML
aa886b1a-320f-4567-bf22-b45c3d24a4cc,BGC0002061,single molecule,MSV000078891,MSV000078891_N_punctiforme_PCC_73102_EH_2014_06_18_WT_colony2.mzXML,/home/rosaliewang/projects/MASc-EDA/data/PoDP/verified_bgc_ms2_downloads/aa886b1a-320f-4567-bf22-b45c3d24a4cc/MSV000078891_N_punctiforme_PCC_73102_EH_2014_06_18_WT_colony2.mzXML,N. punctiforme PCC 73102,CP001037.1,/home/rosaliewang/projects/MASc-EDA/data/PoDP/verified_bgc_ms2_downloads/aa886b1a-320f-4567-bf22-b45c3d24a4cc/genes/CP001037.1.fasta,/home/rosaliewang/projects/MASc-EDA/data/PoDP/verified_bgc_ms2_downloads/aa886b1a-320f-4567-bf22-b45c3d24a4cc/genes/CP001037.1.gbk,,,EH_2014_06_18_WT_colony2.mzXML,/home/rosaliewang/projects/MASc-EDA/data/PoDP/verified_bgc_ms2_downloads/aa886b1a-320f-4567-bf22-b45c3d24a4cc/EH_2014_06_18_WT_colony2.mzXML
aa886b1a-320f-4567-bf22-b45c3d24a4cc,,single molecule,MSV000078891,MSV000078891_N_punctiforme_PCC_73102_EH_2014_06_18_WT_colony2.mzXML,/home/rosaliewang/projects/MASc-EDA/data/PoDP/verified_bgc_ms2_downloads/aa886b1a-320f-4567-bf22-b45c3d24a4cc/MSV000078891_N_punctiforme_PCC_73102_EH_2014_06_18_WT_colony2.mzXML,N. punctiforme PCC 73102,CP001037.1,/home/rosaliewang/projects/MASc-EDA/data/PoDP/verified_bgc_ms2_downloads/aa886b1a-320f-4567-bf22-b45c3d24a4cc/genes/CP001037.1.fasta,/home/rosaliewang/projects/MASc-EDA/data/PoDP/verified_bgc_ms2_downloads/aa886b1a-320f-4567-bf22-b45c3d24a4cc/genes/CP001037.1.gbk,,,EH_2014_06_18_WT_colony2.mzXML,/home/rosaliewang/projects/MASc-EDA/data/PoDP/verified_bgc_ms2_downloads/aa886b1a-320f-4567-bf22-b45c3d24a4cc/EH_2014_06_18_WT_colony2.mzXML
aa886b1a-320f-4567-bf22-b45c3d24a4cc,,single molecule,MSV000078891,MSV000078891_N_punctiforme_PCC_73102_EH_2014_06_18_WT_colony2.mzXML,/home/rosaliewang/projects/MASc-EDA/data/PoDP/verified_bgc_ms2_downloads/aa886b1a-320f-4567-bf22-b45c3d24a4cc/MSV000078891_N_punctiforme_PCC_73102_EH_2014_06_18_WT_colony2.mzXML,N. punctiforme PCC 73102,CP001037.1,/home/rosaliewang/projects/MASc-EDA/data/PoDP/verified_bgc_ms2_downloads/aa886b1a-320f-4567-bf22-b45c3d24a4cc/genes/CP001037.1.fasta,/home/rosaliewang/projects/MASc-EDA/data/PoDP/verified_bgc_ms2_downloads/aa886b1a-320f-4567-bf22-b45c3d24a4cc/genes/CP001037.1.gbk,,,EH_2014_06_18_WT_colony2.mzXML,/home/rosaliewang/projects/MASc-EDA/data/PoDP/verified_bgc_ms2_downloads/aa886b1a-320f-4567-bf22-b45c3d24a4cc/EH_2014_06_18_WT_colony2.mzXML
b11e7516-d407-4c28-987f-4f8f86a16c55,BGC0002016,single molecule,MSV000082285,MSV000082285_Streptomyces_sp_QL37_MM_WT_1_10_P1_G_2_01_35627.mzML,/home/rosaliewang/projects/MASc-EDA/data/PoDP/verified_bgc_ms2_downloads/b11e7516-d407-4c28-987f-4f8f86a16c55/MSV000082285_Streptomyces_sp_QL37_MM_WT_1_10_P1_G_2_01_35627.mzML,Streptomyces sp. QL37,GCA_002941025,/home/rosaliewang/projects/MASc-EDA/data/PoDP/verified_bgc_ms2_downloads/b11e7516-d407-4c28-987f-4f8f86a16c55/genes/GCA_002941025.fasta,/home/rosaliewang/projects/MASc-EDA/data/PoDP/verified_bgc_ms2_downloads/b11e7516-d407-4c28-987f-4f8f86a16c55/genes/GCA_002941025.gbk,,,MM-WT_1-10_P1-G-2_01_35627.mzML,/home/rosaliewang/projects/MASc-EDA/data/PoDP/verified_bgc_ms2_downloads/b11e7516-d407-4c28-987f-4f8f86a16c55/MM-WT_1-10_P1-G-2_01_35627.mzML
c66bdb4d-ddad-4684-8dc4-12cf225930c5,BGC0001792,single molecule,MSV000079519,MSV000079519_Streptomyces_albus_J1074_R5_unlab_J1074_pre.mzXML,/home/rosaliewang/projects/MASc-EDA/data/PoDP/verified_bgc_ms2_downloads/c66bdb4d-ddad-4684-8dc4-12cf225930c5/MSV000079519_Streptomyces_albus_J1074_R5_unlab_J1074_pre.mzXML,Streptomyces albus J1074,NC_020990.1,/home/rosaliewang/projects/MASc-EDA/data/PoDP/verified_bgc_ms2_downloads/c66bdb4d-ddad-4684-8dc4-12cf225930c5/genes/NC_020990.1.fasta,/home/rosaliewang/projects/MASc-EDA/data/PoDP/verified_bgc_ms2_downloads/c66bdb4d-ddad-4684-8dc4-12cf225930c5/genes/NC_020990.1.gbk,,,R5_unlab_J1074_pre.mzXML,/home/rosaliewang/projects/MASc-EDA/data/PoDP/verified_bgc_ms2_downloads/c66bdb4d-ddad-4684-8dc4-12cf225930c5/R5_unlab_J1074_pre.mzXML
c66bdb4d-ddad-4684-8dc4-12cf225930c5,BGC0001792,single molecule,MSV000079519,MSV000079519_Streptomyces_albus_J1074_ISP2_unlab_J1074_pre.mzXML,/home/rosaliewang/projects/MASc-EDA/data/PoDP/verified_bgc_ms2_downloads/c66bdb4d-ddad-4684-8dc4-12cf225930c5/MSV000079519_Streptomyces_albus_J1074_ISP2_unlab_J1074_pre.mzXML,Streptomyces albus J1074,NC_020990.1,/home/rosaliewang/projects/MASc-EDA/data/PoDP/verified_bgc_ms2_downloads/c66bdb4d-ddad-4684-8dc4-12cf225930c5/genes/NC_020990.1.fasta,/home/rosaliewang/projects/MASc-EDA/data/PoDP/verified_bgc_ms2_downloads/c66bdb4d-ddad-4684-8dc4-12cf225930c5/genes/NC_020990.1.gbk,,,ISP2_unlab_J1074_pre.mzXML,/home/rosaliewang/projects/MASc-EDA/data/PoDP/verified_bgc_ms2_downloads/c66bdb4d-ddad-4684-8dc4-12cf225930c5/ISP2_unlab_J1074_pre.mzXML
c66bdb4d-ddad-4684-8dc4-12cf225930c5,BGC0001792,GNPS molecular family,MSV000079519,MSV000079519_Streptomyces_albus_J1074_A1_unlab_J1074.mzXML,/home/rosaliewang/projects/MASc-EDA/data/PoDP/verified_bgc_ms2_downloads/c66bdb4d-ddad-4684-8dc4-12cf225930c5/MSV000079519_Streptomyces_albus_J1074_A1_unlab_J1074.mzXML,Streptomyces albus J1074,NC_020990.1,/home/rosaliewang/projects/MASc-EDA/data/PoDP/verified_bgc_ms2_downloads/c66bdb4d-ddad-4684-8dc4-12cf225930c5/genes/NC_020990.1.fasta,/home/rosaliewang/projects/MASc-EDA/data/PoDP/verified_bgc_ms2_downloads/c66bdb4d-ddad-4684-8dc4-12cf225930c5/genes/NC_020990.1.gbk,,,A1_unlab_J1074.mzXML,/home/rosaliewang/projects/MASc-EDA/data/PoDP/verified_bgc_ms2_downloads/c66bdb4d-ddad-4684-8dc4-12cf225930c5/A1_unlab_J1074.mzXML
c66bdb4d-ddad-4684-8dc4-12cf225930c5,BGC0001792,single molecule,MSV000079519,MSV000079519_Streptomyces_albus_J1074_R5_unlab_J1074_pre.mzXML,/home/rosaliewang/projects/MASc-EDA/data/PoDP/verified_bgc_ms2_downloads/c66bdb4d-ddad-4684-8dc4-12cf225930c5/MSV000079519_Streptomyces_albus_J1074_R5_unlab_J1074_pre.mzXML,Streptomyces albus J1074,NC_020990.1,/home/rosaliewang/projects/MASc-EDA/data/PoDP/verified_bgc_ms2_downloads/c66bdb4d-ddad-4684-8dc4-12cf225930c5/genes/NC_020990.1.fasta,/home/rosaliewang/projects/MASc-EDA/data/PoDP/verified_bgc_ms2_downloads/c66bdb4d-ddad-4684-8dc4-12cf225930c5/genes/NC_020990.1.gbk,,,R5_unlab_J1074_pre.mzXML,/home/rosaliewang/projects/MASc-EDA/data/PoDP/verified_bgc_ms2_downloads/c66bdb4d-ddad-4684-8dc4-12cf225930c5/R5_unlab_J1074_pre.mzXML
c66bdb4d-ddad-4684-8dc4-12cf225930c5,BGC0001792,single molecule,MSV000079519,MSV000079519_Streptomyces_albus_J1074_R5_unlab_J1074_pre.mzXML,/home/rosaliewang/projects/MASc-EDA/data/PoDP/verified_bgc_ms2_downloads/c66bdb4d-ddad-4684-8dc4-12cf225930c5/MSV000079519_Streptomyces_albus_J1074_R5_unlab_J1074_pre.mzXML,Streptomyces albus J1074,NC_020990.1,/home/rosaliewang/projects/MASc-EDA/data/PoDP/verified_bgc_ms2_downloads/c66bdb4d-ddad-4684-8dc4-12cf225930c5/genes/NC_020990.1.fasta,/home/rosaliewang/projects/MASc-EDA/data/PoDP/verified_bgc_ms2_downloads/c66bdb4d-ddad-4684-8dc4-12cf225930c5/genes/NC_020990.1.gbk,,,R5_unlab_J1074_pre.mzXML,/home/rosaliewang/projects/MASc-EDA/data/PoDP/verified_bgc_ms2_downloads/c66bdb4d-ddad-4684-8dc4-12cf225930c5/R5_unlab_J1074_pre.mzXML
c86fdc82-0d18-45d0-aa30-1f877c1cd3fc,BGC0001476,single molecule,MSV000085026,MSV000085026_Streptomyces_sp_ID38640_38640_SN_72h_M8.mzXML,/home/rosaliewang/projects/MASc-EDA/data/PoDP/verified_bgc_ms2_downloads/c86fdc82-0d18-45d0-aa30-1f877c1cd3fc/MSV000085026_Streptomyces_sp_ID38640_38640_SN_72h_M8.mzXML,Streptomyces sp. ID38640,CP049782,/home/rosaliewang/projects/MASc-EDA/data/PoDP/verified_bgc_ms2_downloads/c86fdc82-0d18-45d0-aa30-1f877c1cd3fc/genes/CP049782.fasta,/home/rosaliewang/projects/MASc-EDA/data/PoDP/verified_bgc_ms2_downloads/c86fdc82-0d18-45d0-aa30-1f877c1cd3fc/genes/CP049782.gbk,,,38640_SN_72h_M8.mzXML,/home/rosaliewang/projects/MASc-EDA/data/PoDP/verified_bgc_ms2_downloads/c86fdc82-0d18-45d0-aa30-1f877c1cd3fc/38640_SN_72h_M8.mzXML
c86fdc82-0d18-45d0-aa30-1f877c1cd3fc,BGC0002052,single molecule,MSV000085026,MSV000085026_Streptomyces_sp_ID38640_38640_SN_72h_M8.mzXML,/home/rosaliewang/projects/MASc-EDA/data/PoDP/verified_bgc_ms2_downloads/c86fdc82-0d18-45d0-aa30-1f877c1cd3fc/MSV000085026_Streptomyces_sp_ID38640_38640_SN_72h_M8.mzXML,Streptomyces sp. ID38640,CP049782,/home/rosaliewang/projects/MASc-EDA/data/PoDP/verified_bgc_ms2_downloads/c86fdc82-0d18-45d0-aa30-1f877c1cd3fc/genes/CP049782.fasta,/home/rosaliewang/projects/MASc-EDA/data/PoDP/verified_bgc_ms2_downloads/c86fdc82-0d18-45d0-aa30-1f877c1cd3fc/genes/CP049782.gbk,,,38640_SN_72h_M8.mzXML,/home/rosaliewang/projects/MASc-EDA/data/PoDP/verified_bgc_ms2_downloads/c86fdc82-0d18-45d0-aa30-1f877c1cd3fc/38640_SN_72h_M8.mzXML
c86fdc82-0d18-45d0-aa30-1f877c1cd3fc,BGC0002053,single molecule,MSV000085026,MSV000085026_Streptomyces_sp_ID38640_38640_FE_72h_M8.mzXML,/home/rosaliewang/projects/MASc-EDA/data/PoDP/verified_bgc_ms2_downloads/c86fdc82-0d18-45d0-aa30-1f877c1cd3fc/MSV000085026_Streptomyces_sp_ID38640_38640_FE_72h_M8.mzXML,Streptomyces sp. ID38640,CP049782,/home/rosaliewang/projects/MASc-EDA/data/PoDP/verified_bgc_ms2_downloads/c86fdc82-0d18-45d0-aa30-1f877c1cd3fc/genes/CP049782.fasta,/home/rosaliewang/projects/MASc-EDA/data/PoDP/verified_bgc_ms2_downloads/c86fdc82-0d18-45d0-aa30-1f877c1cd3fc/genes/CP049782.gbk,,,38640_FE_72h_M8.mzXML,/home/rosaliewang/projects/MASc-EDA/data/PoDP/verified_bgc_ms2_downloads/c86fdc82-0d18-45d0-aa30-1f877c1cd3fc/38640_FE_72h_M8.mzXML
c86fdc82-0d18-45d0-aa30-1f877c1cd3fc,BGC0001478,single molecule,MSV000085026,MSV000085026_Streptomyces_sp_ID38640_38640_FE_72h_M8.mzXML,/home/rosaliewang/projects/MASc-EDA/data/PoDP/verified_bgc_ms2_downloads/c86fdc82-0d18-45d0-aa30-1f877c1cd3fc/MSV000085026_Streptomyces_sp_ID38640_38640_FE_72h_M8.mzXML,Streptomyces sp. ID38640,CP049782,/home/rosaliewang/projects/MASc-EDA/data/PoDP/verified_bgc_ms2_downloads/c86fdc82-0d18-45d0-aa30-1f877c1cd3fc/genes/CP049782.fasta,/home/rosaliewang/projects/MASc-EDA/data/PoDP/verified_bgc_ms2_downloads/c86fdc82-0d18-45d0-aa30-1f877c1cd3fc/genes/CP049782.gbk,,,38640_FE_72h_M8.mzXML,/home/rosaliewang/projects/MASc-EDA/data/PoDP/verified_bgc_ms2_downloads/c86fdc82-0d18-45d0-aa30-1f877c1cd3fc/38640_FE_72h_M8.mzXML
c86fdc82-0d18-45d0-aa30-1f877c1cd3fc,BGC0001477,single molecule,MSV000085026,MSV000085026_Streptomyces_sp_ID38640_38640_FE_72h_M8.mzXML,/home/rosaliewang/projects/MASc-EDA/data/PoDP/verified_bgc_ms2_downloads/c86fdc82-0d18-45d0-aa30-1f877c1cd3fc/MSV000085026_Streptomyces_sp_ID38640_38640_FE_72h_M8.mzXML,Streptomyces sp. ID38640,CP049782,/home/rosaliewang/projects/MASc-EDA/data/PoDP/verified_bgc_ms2_downloads/c86fdc82-0d18-45d0-aa30-1f877c1cd3fc/genes/CP049782.fasta,/home/rosaliewang/projects/MASc-EDA/data/PoDP/verified_bgc_ms2_downloads/c86fdc82-0d18-45d0-aa30-1f877c1cd3fc/genes/CP049782.gbk,,,38640_FE_72h_M8.mzXML,/home/rosaliewang/projects/MASc-EDA/data/PoDP/verified_bgc_ms2_downloads/c86fdc82-0d18-45d0-aa30-1f877c1cd3fc/38640_FE_72h_M8.mzXML
c86fdc82-0d18-45d0-aa30-1f877c1cd3fc,BGC0002051,single molecule,MSV000085026,MSV000085026_Streptomyces_sp_ID38640_38640_FE_24h_M8.mzXML,/home/rosaliewang/projects/MASc-EDA/data/PoDP/verified_bgc_ms2_downloads/c86fdc82-0d18-45d0-aa30-1f877c1cd3fc/MSV000085026_Streptomyces_sp_ID38640_38640_FE_24h_M8.mzXML,Streptomyces sp. ID38640,CP049782,/home/rosaliewang/projects/MASc-EDA/data/PoDP/verified_bgc_ms2_downloads/c86fdc82-0d18-45d0-aa30-1f877c1cd3fc/genes/CP049782.fasta,/home/rosaliewang/projects/MASc-EDA/data/PoDP/verified_bgc_ms2_downloads/c86fdc82-0d18-45d0-aa30-1f877c1cd3fc/genes/CP049782.gbk,,,38640_FE_24h_M8.mzXML,/home/rosaliewang/projects/MASc-EDA/data/PoDP/verified_bgc_ms2_downloads/c86fdc82-0d18-45d0-aa30-1f877c1cd3fc/38640_FE_24h_M8.mzXML
cc996566-f00b-4175-95d2-e684371c5f59,BGC0001165,single molecule,MSV000085038,MSV000085038_Moorea_producens_3L_3L.mzXML,/home/rosaliewang/projects/MASc-EDA/data/PoDP/verified_bgc_ms2_downloads/cc996566-f00b-4175-95d2-e684371c5f59/MSV000085038_Moorea_producens_3L_3L.mzXML,Moorea producens 3L,GCA_001942475.1,/home/rosaliewang/projects/MASc-EDA/data/PoDP/verified_bgc_ms2_downloads/cc996566-f00b-4175-95d2-e684371c5f59/genes/GCA_001942475.1.fasta,/home/rosaliewang/projects/MASc-EDA/data/PoDP/verified_bgc_ms2_downloads/cc996566-f00b-4175-95d2-e684371c5f59/genes/GCA_001942475.1.gbk,,,3L.mzXML,/home/rosaliewang/projects/MASc-EDA/data/PoDP/verified_bgc_ms2_downloads/cc996566-f00b-4175-95d2-e684371c5f59/3L.mzXML
cc996566-f00b-4175-95d2-e684371c5f59,BGC0000962,single molecule,MSV000085038,MSV000085038_Moorea_producens_3L_3L.mzXML,/home/rosaliewang/projects/MASc-EDA/data/PoDP/verified_bgc_ms2_downloads/cc996566-f00b-4175-95d2-e684371c5f59/MSV000085038_Moorea_producens_3L_3L.mzXML,Moorea producens 3L,GCA_001942475.1,/home/rosaliewang/projects/MASc-EDA/data/PoDP/verified_bgc_ms2_downloads/cc996566-f00b-4175-95d2-e684371c5f59/genes/GCA_001942475.1.fasta,/home/rosaliewang/projects/MASc-EDA/data/PoDP/verified_bgc_ms2_downloads/cc996566-f00b-4175-95d2-e684371c5f59/genes/GCA_001942475.1.gbk,,,3L.mzXML,/home/rosaliewang/projects/MASc-EDA/data/PoDP/verified_bgc_ms2_downloads/cc996566-f00b-4175-95d2-e684371c5f59/3L.mzXML
cc996566-f00b-4175-95d2-e684371c5f59,BGC0001000,single molecule,MSV000085038,MSV000085038_Moorea_producens_JHB_JHB_22AUG96_1.mzXML,/home/rosaliewang/projects/MASc-EDA/data/PoDP/verified_bgc_ms2_downloads/cc996566-f00b-4175-95d2-e684371c5f59/MSV000085038_Moorea_producens_JHB_JHB_22AUG96_1.mzXML,Moorea producens JHB,GCA_001854205.1,/home/rosaliewang/projects/MASc-EDA/data/PoDP/verified_bgc_ms2_downloads/cc996566-f00b-4175-95d2-e684371c5f59/genes/GCA_001854205.1.fasta,/home/rosaliewang/projects/MASc-EDA/data/PoDP/verified_bgc_ms2_downloads/cc996566-f00b-4175-95d2-e684371c5f59/genes/GCA_001854205.1.gbk,,,JHB_22AUG96-1.mzXML,/home/rosaliewang/projects/MASc-EDA/data/PoDP/verified_bgc_ms2_downloads/cc996566-f00b-4175-95d2-e684371c5f59/JHB_22AUG96-1.mzXML
cc996566-f00b-4175-95d2-e684371c5f59,BGC0001001,single molecule,MSV000085038,MSV000085038_Moorea_producens_JHB_JHB_22AUG96_1.mzXML,/home/rosaliewang/projects/MASc-EDA/data/PoDP/verified_bgc_ms2_downloads/cc996566-f00b-4175-95d2-e684371c5f59/MSV000085038_Moorea_producens_JHB_JHB_22AUG96_1.mzXML,Moorea producens JHB,GCA_001854205.1,/home/rosaliewang/projects/MASc-EDA/data/PoDP/verified_bgc_ms2_downloads/cc996566-f00b-4175-95d2-e684371c5f59/genes/GCA_001854205.1.fasta,/home/rosaliewang/projects/MASc-EDA/data/PoDP/verified_bgc_ms2_downloads/cc996566-f00b-4175-95d2-e684371c5f59/genes/GCA_001854205.1.gbk,,,JHB_22AUG96-1.mzXML,/home/rosaliewang/projects/MASc-EDA/data/PoDP/verified_bgc_ms2_downloads/cc996566-f00b-4175-95d2-e684371c5f59/JHB_22AUG96-1.mzXML
cc996566-f00b-4175-95d2-e684371c5f59,BGC0001560,single molecule,MSV000085038,MSV000085038_Moorea_producens_JHB_JHB_22AUG96_1.mzXML,/home/rosaliewang/projects/MASc-EDA/data/PoDP/verified_bgc_ms2_downloads/cc996566-f00b-4175-95d2-e684371c5f59/MSV000085038_Moorea_producens_JHB_JHB_22AUG96_1.mzXML,Moorea producens JHB,GCA_001854205.1,/home/rosaliewang/projects/MASc-EDA/data/PoDP/verified_bgc_ms2_downloads/cc996566-f00b-4175-95d2-e684371c5f59/genes/GCA_001854205.1.fasta,/home/rosaliewang/projects/MASc-EDA/data/PoDP/verified_bgc_ms2_downloads/cc996566-f00b-4175-95d2-e684371c5f59/genes/GCA_001854205.1.gbk,,,JHB_22AUG96-1.mzXML,/home/rosaliewang/projects/MASc-EDA/data/PoDP/verified_bgc_ms2_downloads/cc996566-f00b-4175-95d2-e684371c5f59/JHB_22AUG96-1.mzXML
eaebc14f-4288-44e1-971a-b29ccb8a504f,,single molecule,MSV000079139,MSV000079139_Kitasatospora_sp_MBT66_007_Hm125_1_01_240.mzXML,/home/rosaliewang/projects/MASc-EDA/data/PoDP/verified_bgc_ms2_downloads/eaebc14f-4288-44e1-971a-b29ccb8a504f/MSV000079139_Kitasatospora_sp_MBT66_007_Hm125_1_01_240.mzXML,Kitasatospora sp. MBT66,GCA_000710405,/home/rosaliewang/projects/MASc-EDA/data/PoDP/verified_bgc_ms2_downloads/eaebc14f-4288-44e1-971a-b29ccb8a504f/genes/GCA_000710405.fasta,/home/rosaliewang/projects/MASc-EDA/data/PoDP/verified_bgc_ms2_downloads/eaebc14f-4288-44e1-971a-b29ccb8a504f/genes/GCA_000710405.gbk,,,007_Hm125_1_01_240.mzXML,/home/rosaliewang/projects/MASc-EDA/data/PoDP/verified_bgc_ms2_downloads/eaebc14f-4288-44e1-971a-b29ccb8a504f/007_Hm125_1_01_240.mzXML
f05276c1-3c19-4fc4-95ee-412817ec35bd,BGC0001055,single molecule,MSV000083387,MSV000083387_Ecoli_Nissle_genome_S_N1.mzXML,/home/rosaliewang/projects/MASc-EDA/data/PoDP/verified_bgc_ms2_downloads/f05276c1-3c19-4fc4-95ee-412817ec35bd/MSV000083387_Ecoli_Nissle_genome_S_N1.mzXML,Ecoli_Nissle_genome,CP022686.1,/home/rosaliewang/projects/MASc-EDA/data/PoDP/verified_bgc_ms2_downloads/f05276c1-3c19-4fc4-95ee-412817ec35bd/genes/CP022686.1.fasta,/home/rosaliewang/projects/MASc-EDA/data/PoDP/verified_bgc_ms2_downloads/f05276c1-3c19-4fc4-95ee-412817ec35bd/genes/CP022686.1.gbk,,,S_N1.mzXML,/home/rosaliewang/projects/MASc-EDA/data/PoDP/verified_bgc_ms2_downloads/f05276c1-3c19-4fc4-95ee-412817ec35bd/S_N1.mzXML
f05276c1-3c19-4fc4-95ee-412817ec35bd,BGC0001055,single molecule,MSV000083387,MSV000083387_Ecoli_Nissle_genome_S_N1.mzXML,/home/rosaliewang/projects/MASc-EDA/data/PoDP/verified_bgc_ms2_downloads/f05276c1-3c19-4fc4-95ee-412817ec35bd/MSV000083387_Ecoli_Nissle_genome_S_N1.mzXML,Ecoli_Nissle_genome,CP022686.1,/home/rosaliewang/projects/MASc-EDA/data/PoDP/verified_bgc_ms2_downloads/f05276c1-3c19-4fc4-95ee-412817ec35bd/genes/CP022686.1.fasta,/home/rosaliewang/projects/MASc-EDA/data/PoDP/verified_bgc_ms2_downloads/f05276c1-3c19-4fc4-95ee-412817ec35bd/genes/CP022686.1.gbk,,,S_N1.mzXML,/home/rosaliewang/projects/MASc-EDA/data/PoDP/verified_bgc_ms2_downloads/f05276c1-3c19-4fc4-95ee-412817ec35bd/S_N1.mzXML
f05276c1-3c19-4fc4-95ee-412817ec35bd,BGC0001055,single molecule,MSV000083387,MSV000083387_Ecoli_Nissle_genome_S_N1.mzXML,/home/rosaliewang/projects/MASc-EDA/data/PoDP/verified_bgc_ms2_downloads/f05276c1-3c19-4fc4-95ee-412817ec35bd/MSV000083387_Ecoli_Nissle_genome_S_N1.mzXML,Ecoli_Nissle_genome,CP022686.1,/home/rosaliewang/projects/MASc-EDA/data/PoDP/verified_bgc_ms2_downloads/f05276c1-3c19-4fc4-95ee-412817ec35bd/genes/CP022686.1.fasta,/home/rosaliewang/projects/MASc-EDA/data/PoDP/verified_bgc_ms2_downloads/f05276c1-3c19-4fc4-95ee-412817ec35bd/genes/CP022686.1.gbk,,,S_N1.mzXML,/home/rosaliewang/projects/MASc-EDA/data/PoDP/verified_bgc_ms2_downloads/f05276c1-3c19-4fc4-95ee-412817ec35bd/S_N1.mzXML
f2f2d52e-72e5-4271-893e-97bca12d6eff,BGC0001841,single molecule,MSV000083648,MSV000083648_Amycolatopsis_jejuensis_NRRL_B_24427_DetoxinP1_MS2.mzXML,/home/rosaliewang/projects/MASc-EDA/data/PoDP/verified_bgc_ms2_downloads/f2f2d52e-72e5-4271-893e-97bca12d6eff/MSV000083648_Amycolatopsis_jejuensis_NRRL_B_24427_DetoxinP1_MS2.mzXML,Amycolatopsis jejuensis NRRL B-24427,GCA_000717335.1,/home/rosaliewang/projects/MASc-EDA/data/PoDP/verified_bgc_ms2_downloads/f2f2d52e-72e5-4271-893e-97bca12d6eff/genes/GCA_000717335.1.fasta,/home/rosaliewang/projects/MASc-EDA/data/PoDP/verified_bgc_ms2_downloads/f2f2d52e-72e5-4271-893e-97bca12d6eff/genes/GCA_000717335.1.gbk,,,DetoxinP1-MS2.mzXML,/home/rosaliewang/projects/MASc-EDA/data/PoDP/verified_bgc_ms2_downloads/f2f2d52e-72e5-4271-893e-97bca12d6eff/DetoxinP1-MS2.mzXML
f2f2d52e-72e5-4271-893e-97bca12d6eff,BGC0001841,single molecule,MSV000083648,MSV000083648_Amycolatopsis_jejuensis_NRRL_B_24427_DetoxinP2_MS2.mzXML,/home/rosaliewang/projects/MASc-EDA/data/PoDP/verified_bgc_ms2_downloads/f2f2d52e-72e5-4271-893e-97bca12d6eff/MSV000083648_Amycolatopsis_jejuensis_NRRL_B_24427_DetoxinP2_MS2.mzXML,Amycolatopsis jejuensis NRRL B-24427,GCA_000717335.1,/home/rosaliewang/projects/MASc-EDA/data/PoDP/verified_bgc_ms2_downloads/f2f2d52e-72e5-4271-893e-97bca12d6eff/genes/GCA_000717335.1.fasta,/home/rosaliewang/projects/MASc-EDA/data/PoDP/verified_bgc_ms2_downloads/f2f2d52e-72e5-4271-893e-97bca12d6eff/genes/GCA_000717335.1.gbk,,,DetoxinP2-MS2.mzXML,/home/rosaliewang/projects/MASc-EDA/data/PoDP/verified_bgc_ms2_downloads/f2f2d52e-72e5-4271-893e-97bca12d6eff/DetoxinP2-MS2.mzXML
f2f2d52e-72e5-4271-893e-97bca12d6eff,BGC0001841,single molecule,MSV000083648,MSV000083648_Amycolatopsis_jejuensis_NRRL_B_24427_DetoxinP3_MS2.mzXML,/home/rosaliewang/projects/MASc-EDA/data/PoDP/verified_bgc_ms2_downloads/f2f2d52e-72e5-4271-893e-97bca12d6eff/MSV000083648_Amycolatopsis_jejuensis_NRRL_B_24427_DetoxinP3_MS2.mzXML,Amycolatopsis jejuensis NRRL B-24427,GCA_000717335.1,/home/rosaliewang/projects/MASc-EDA/data/PoDP/verified_bgc_ms2_downloads/f2f2d52e-72e5-4271-893e-97bca12d6eff/genes/GCA_000717335.1.fasta,/home/rosaliewang/projects/MASc-EDA/data/PoDP/verified_bgc_ms2_downloads/f2f2d52e-72e5-4271-893e-97bca12d6eff/genes/GCA_000717335.1.gbk,,,DetoxinP3-MS2.mzXML,/home/rosaliewang/projects/MASc-EDA/data/PoDP/verified_bgc_ms2_downloads/f2f2d52e-72e5-4271-893e-97bca12d6eff/DetoxinP3-MS2.mzXML
f2f2d52e-72e5-4271-893e-97bca12d6eff,BGC0001840,single molecule,MSV000083648,MSV000083648_Streptomyces_sp_NRRL_S_325_DetoxinS1_MS2.mzXML,/home/rosaliewang/projects/MASc-EDA/data/PoDP/verified_bgc_ms2_downloads/f2f2d52e-72e5-4271-893e-97bca12d6eff/MSV000083648_Streptomyces_sp_NRRL_S_325_DetoxinS1_MS2.mzXML,Streptomyces sp. NRRL S-325,GCA_000721595.1,/home/rosaliewang/projects/MASc-EDA/data/PoDP/verified_bgc_ms2_downloads/f2f2d52e-72e5-4271-893e-97bca12d6eff/genes/GCA_000721595.1.fasta,/home/rosaliewang/projects/MASc-EDA/data/PoDP/verified_bgc_ms2_downloads/f2f2d52e-72e5-4271-893e-97bca12d6eff/genes/GCA_000721595.1.gbk,,,DetoxinS1-MS2.mzXML,/home/rosaliewang/projects/MASc-EDA/data/PoDP/verified_bgc_ms2_downloads/f2f2d52e-72e5-4271-893e-97bca12d6eff/DetoxinS1-MS2.mzXML
f2f2d52e-72e5-4271-893e-97bca12d6eff,,single molecule,MSV000083648,MSV000083648_Streptomyces_spectabilis_Dietz_NRRL_2792_ATCC_27741_DetoxinN1_MS2.mzXML,/home/rosaliewang/projects/MASc-EDA/data/PoDP/verified_bgc_ms2_downloads/f2f2d52e-72e5-4271-893e-97bca12d6eff/MSV000083648_Streptomyces_spectabilis_Dietz_NRRL_2792_ATCC_27741_DetoxinN1_MS2.mzXML,Streptomyces spectabilis Dietz NRRL 2792 (ATCC 27741),GCA_007363395.1,/home/rosaliewang/projects/MASc-EDA/data/PoDP/verified_bgc_ms2_downloads/f2f2d52e-72e5-4271-893e-97bca12d6eff/genes/GCA_007363395.1.fasta,/home/rosaliewang/projects/MASc-EDA/data/PoDP/verified_bgc_ms2_downloads/f2f2d52e-72e5-4271-893e-97bca12d6eff/genes/GCA_007363395.1.gbk,,,DetoxinN1-MS2.mzXML,/home/rosaliewang/projects/MASc-EDA/data/PoDP/verified_bgc_ms2_downloads/f2f2d52e-72e5-4271-893e-97bca12d6eff/DetoxinN1-MS2.mzXML
f2f2d52e-72e5-4271-893e-97bca12d6eff,,single molecule,MSV000083648,MSV000083648_Streptomyces_spectabilis_Dietz_NRRL_2792_ATCC_27741_DetoxinN2_MS2.mzXML,/home/rosaliewang/projects/MASc-EDA/data/PoDP/verified_bgc_ms2_downloads/f2f2d52e-72e5-4271-893e-97bca12d6eff/MSV000083648_Streptomyces_spectabilis_Dietz_NRRL_2792_ATCC_27741_DetoxinN2_MS2.mzXML,Streptomyces spectabilis Dietz NRRL 2792 (ATCC 27741),GCA_007363395.1,/home/rosaliewang/projects/MASc-EDA/data/PoDP/verified_bgc_ms2_downloads/f2f2d52e-72e5-4271-893e-97bca12d6eff/genes/GCA_007363395.1.fasta,/home/rosaliewang/projects/MASc-EDA/data/PoDP/verified_bgc_ms2_downloads/f2f2d52e-72e5-4271-893e-97bca12d6eff/genes/GCA_007363395.1.gbk,,,DetoxinN2-MS2.mzXML,/home/rosaliewang/projects/MASc-EDA/data/PoDP/verified_bgc_ms2_downloads/f2f2d52e-72e5-4271-893e-97bca12d6eff/DetoxinN2-MS2.mzXML
f2f2d52e-72e5-4271-893e-97bca12d6eff,,single molecule,MSV000083648,MSV000083648_Streptomyces_spectabilis_Dietz_NRRL_2792_ATCC_27741_DetoxinN3_MS2.mzXML,/home/rosaliewang/projects/MASc-EDA/data/PoDP/verified_bgc_ms2_downloads/f2f2d52e-72e5-4271-893e-97bca12d6eff/MSV000083648_Streptomyces_spectabilis_Dietz_NRRL_2792_ATCC_27741_DetoxinN3_MS2.mzXML,Streptomyces spectabilis Dietz NRRL 2792 (ATCC 27741),GCA_007363395.1,/home/rosaliewang/projects/MASc-EDA/data/PoDP/verified_bgc_ms2_downloads/f2f2d52e-72e5-4271-893e-97bca12d6eff/genes/GCA_007363395.1.fasta,/home/rosaliewang/projects/MASc-EDA/data/PoDP/verified_bgc_ms2_downloads/f2f2d52e-72e5-4271-893e-97bca12d6eff/genes/GCA_007363395.1.gbk,,,DetoxinN3-MS2.mzXML,/home/rosaliewang/projects/MASc-EDA/data/PoDP/verified_bgc_ms2_downloads/f2f2d52e-72e5-4271-893e-97bca12d6eff/DetoxinN3-MS2.mzXML
faafed8f-bcdc-4c56-b3b2-676e4d2ddcc6,BGC0000296,single molecule,MSV000082988,MSV000082988_Streptomyces_sp_MBT27_20170919_NM6_glyc2_1.mzXML,,Streptomyces sp. MBT27,JAACKE000000000,,/home/rosaliewang/projects/MASc-EDA/data/PoDP/verified_bgc_ms2_downloads/faafed8f-bcdc-4c56-b3b2-676e4d2ddcc6/genes/JAACKE000000000.gbk,empty response (no sequence data at this accession),,20170919_NM6_glyc2.1.mzXML,/home/rosaliewang/projects/MASc-EDA/data/PoDP/verified_bgc_ms2_downloads/faafed8f-bcdc-4c56-b3b2-676e4d2ddcc6/20170919_NM6_glyc2.1.mzXML
ff49073b-5f8d-4153-8414-9f8f01b24585,BGC0001752,single molecule,MSV000081504,MSV000081504_Streptomyces_sp_MBT76_JG_QL109_DDA_03.mzXML,/home/rosaliewang/projects/MASc-EDA/data/PoDP/verified_bgc_ms2_downloads/ff49073b-5f8d-4153-8414-9f8f01b24585/MSV000081504_Streptomyces_sp_MBT76_JG_QL109_DDA_03.mzXML,Streptomyces sp. MBT76,GCA_001445655,/home/rosaliewang/projects/MASc-EDA/data/PoDP/verified_bgc_ms2_downloads/ff49073b-5f8d-4153-8414-9f8f01b24585/genes/GCA_001445655.fasta,/home/rosaliewang/projects/MASc-EDA/data/PoDP/verified_bgc_ms2_downloads/ff49073b-5f8d-4153-8414-9f8f01b24585/genes/GCA_001445655.gbk,,,JG_QL109_DDA_03.mzXML,/home/rosaliewang/projects/MASc-EDA/data/PoDP/verified_bgc_ms2_downloads/ff49073b-5f8d-4153-8414-9f8f01b24585/JG_QL109_DDA_03.mzXML
