cluster index	number of spectra	parent mass	precursor charge	precursor mass	sum(precursor intensity)	RTMean	ATTRIBUTE_GROUP:GNPSGROUP:G1	ATTRIBUTE_GROUP:GNPSGROUP:G2	ATTRIBUTE_ORGANISM:GNPSGROUP:Vibrio_1A01	ATTRIBUTE_ORGANISM:GNPSGROUP:Vibrio_6D03	ATTRIBUTE_ORGANISM:GNPSGROUP:Phaeobacter_B2R04	ATTRIBUTE_ORGANISM:GNPSGROUP:Shewanella_B2R08	ATTRIBUTE_ORGANISM:GNPSGROUP:Roseovarius_B2R09	ATTRIBUTE_ORGANISM:GNPSGROUP:Colwellia_C2M19	ATTRIBUTE_ORGANISM:GNPSGROUP:Paracoccus_C2R07	ATTRIBUTE_ORGANISM:GNPSGROUP:Salipiger_C3M06	ATTRIBUTE_ORGANISM:GNPSGROUP:Acinetobacter_D3M06	ATTRIBUTE_ORGANISM:GNPSGROUP:Arenibacter_D3M17	ATTRIBUTE_ORGANISM:GNPSGROUP:Motilimonas_G1M02	ATTRIBUTE_ORGANISM:GNPSGROUP:nan	ATTRIBUTE_PERFILEGROUPING:GNPSGROUP:1-1A01.mzML	ATTRIBUTE_PERFILEGROUPING:GNPSGROUP:2-6D03.mzML	ATTRIBUTE_PERFILEGROUPING:GNPSGROUP:3-B2R04.mzML	ATTRIBUTE_PERFILEGROUPING:GNPSGROUP:4-B2R08.mzML	ATTRIBUTE_PERFILEGROUPING:GNPSGROUP:5-B2R09.mzML	ATTRIBUTE_PERFILEGROUPING:GNPSGROUP:6-C2M19.mzML	ATTRIBUTE_PERFILEGROUPING:GNPSGROUP:7-C2R07_2.mzML	ATTRIBUTE_PERFILEGROUPING:GNPSGROUP:8-C3M06.mzML	ATTRIBUTE_PERFILEGROUPING:GNPSGROUP:9-D3M06.mzML	ATTRIBUTE_PERFILEGROUPING:GNPSGROUP:10-D3M17.mzML	ATTRIBUTE_PERFILEGROUPING:GNPSGROUP:11-G1M02.mzML	ATTRIBUTE_PERFILEGROUPING:GNPSGROUP:bkgrnd-marine-broth.mzML	ATTRIBUTE_GROUP	ATTRIBUTE_ORGANISM	ATTRIBUTE_PERFILEGROUPING	component	SpectrumID	#Scan#	SpectrumFile	LibraryName	MQScore	TIC_Query	RT_Query	MZErrorPPM	SharedPeaks	MassDiff	SpecMZ	SpecCharge	FileScanUniqueID	NumberHits	Compound_Name	Ion_Source	Instrument	Compound_Source	PI	Data_Collector	Adduct	Precursor_MZ	ExactMass	Charge	CAS_Number	Pubmed_ID	Smiles	INCHI	INCHI_AUX	Library_Class	IonMode	Organism	LibMZ	UpdateWorkflowName	LibraryQualityString	tags	molecular_formula	InChIKey	InChIKey-Planar	superclass	class	subclass	npclassifier_superclass	npclassifier_class	npclassifier_pathway	library_usi	flag_ion_mobility	flag_high_ppm	match_quality	origin
1	14	103.05396670386892	1	103.05396670386892	0.0	282.62807142857145	14	0	0	0	0	0	1	3	2	2	3	3	0	0	0	0	0	0	1	3	2	2	3	3	0	0	G1	Roseovarius_B2R09,Colwellia_C2M19,Paracoccus_C2R07,Salipiger_C3M06,Acinetobacter_D3M06,Arenibacter_D3M17	5-B2R09.mzML,6-C2M19.mzML,7-C2R07_2.mzML,8-C3M06.mzML,9-D3M06.mzML,10-D3M17.mzML	7	CCMSLIB00017431222	1.0	specs_ms.mgf	GNPS-ION-MOBILITY-LIBRARY.mgf	0.822599	143550.0	280.762	9363.44	6.0	0.97406	103.054	1.0	temp/specs_ms.mgf1	1.0	3-hydroxybenzaldehyde [CCS=112.9464111328125]	LC-ESI	ToF	Crude	Pieter Dorrestein	victoriadeleray	[M+H-H2O]+	104.028	122.037	1.0			O=CC1=CC=CC(O)=C1	InChI=1S/C7H6O2/c8-5-6-2-1-3-7(9)4-6/h1-5,9H		1.0	Positive	GNPS-ION-MOBILITY-LIBRARY	104.028	UPDATE-SINGLE-ANNOTATED-GOLD	Gold		C7H6O2	IAVREABSGIHHMO-UHFFFAOYSA-N	IAVREABSGIHHMO	Organic oxygen compounds	Organooxygen compounds	Carbonyl compounds	Phenolic acids (C6-C1)	Shikimic acids and derivatives|Simple phenolic acids	Shikimates and Phenylpropanoids	mzspec:GNPS:GNPS-LIBRARY:CCMSLIB00017431222	True	True	FLAGGED	isolate_only
47	5	127.049627685547	1	127.049627685547	0.0	230.124	5	0	0	0	0	3	0	0	0	0	0	2	0	0	0	0	0	3	0	0	0	0	0	2	0	0	G1	Shewanella_B2R08,Arenibacter_D3M17	4-B2R08.mzML,10-D3M17.mzML	98	CCMSLIB00006125396	47.0	specs_ms.mgf	BIRMINGHAM-UHPLC-MS-NEG.mgf	0.851742	10851.5	230.447	7803.27	7.0	0.983727	127.05	1.0	temp/specs_ms.mgf47	1.0	5-Methylcytosine - 40.0 eV	ESI	Orbitrap	Isolated	PI	Data Collector	M+H	126.066	0.0	1.0			Cc1cnc([nH]c1=N)O	InChI=1S/C5H7N3O/c1-3-2-7-5(9)8-4(3)6/h2H,1H3,(H3,6,7,8,9)		1.0	Positive	BIRMINGHAM-UHPLC-MS-NEG	126.066	UPDATE-SINGLE-ANNOTATED-GOLD	Gold		C5H7N3O	LRSASMSXMSNRBT-UHFFFAOYSA-N	LRSASMSXMSNRBT	Organoheterocyclic compounds	Diazines	Pyrimidines and pyrimidine derivatives	Nicotinic acid alkaloids	Pyridine alkaloids	Alkaloids	mzspec:GNPS:GNPS-LIBRARY:CCMSLIB00006125396	False	True	FLAGGED	isolate_only
49	5	127.0497090657556	1	127.0497090657556	0.0	229.92300000000003	5	0	0	0	0	0	0	2	3	0	0	0	0	0	0	0	0	0	0	2	3	0	0	0	0	0	G1	Colwellia_C2M19,Paracoccus_C2R07	6-C2M19.mzML,7-C2R07_2.mzML	98	CCMSLIB00006122548	49.0	specs_ms.mgf	BIRMINGHAM-UHPLC-MS-POS.mgf	0.8634	8708.0	230.913	7803.14	6.0	0.983711	127.05	1.0	temp/specs_ms.mgf49	1.0	5-Methylcytosine - 40.0 eV	ESI	Orbitrap	Isolated	PI	Data Collector	M+H	126.066	0.0	1.0			Cc1cnc([nH]c1=N)O	InChI=1S/C5H7N3O/c1-3-2-7-5(9)8-4(3)6/h2H,1H3,(H3,6,7,8,9)		1.0	Positive	BIRMINGHAM-UHPLC-MS-POS	126.066	UPDATE-SINGLE-ANNOTATED-GOLD	Gold		C5H7N3O	LRSASMSXMSNRBT-UHFFFAOYSA-N	LRSASMSXMSNRBT	Organoheterocyclic compounds	Diazines	Pyrimidines and pyrimidine derivatives	Nicotinic acid alkaloids	Pyridine alkaloids	Alkaloids	mzspec:GNPS:GNPS-LIBRARY:CCMSLIB00006122548	False	True	FLAGGED	isolate_only
51	9	127.049835205078	1	127.049835205078	0.0	311.90155555555555	9	0	0	0	0	0	5	1	0	0	3	0	0	0	0	0	0	0	5	1	0	0	3	0	0	0	G1	Roseovarius_B2R09,Colwellia_C2M19,Acinetobacter_D3M06	5-B2R09.mzML,6-C2M19.mzML,9-D3M06.mzML	98	CCMSLIB00006122548	51.0	specs_ms.mgf	BIRMINGHAM-UHPLC-MS-POS.mgf	0.781084	6627.9	322.75	7803.39	6.0	0.983742	127.05	1.0	temp/specs_ms.mgf51	1.0	5-Methylcytosine - 40.0 eV	ESI	Orbitrap	Isolated	PI	Data Collector	M+H	126.066	0.0	1.0			Cc1cnc([nH]c1=N)O	InChI=1S/C5H7N3O/c1-3-2-7-5(9)8-4(3)6/h2H,1H3,(H3,6,7,8,9)		1.0	Positive	BIRMINGHAM-UHPLC-MS-POS	126.066	UPDATE-SINGLE-ANNOTATED-GOLD	Gold		C5H7N3O	LRSASMSXMSNRBT-UHFFFAOYSA-N	LRSASMSXMSNRBT	Organoheterocyclic compounds	Diazines	Pyrimidines and pyrimidine derivatives	Nicotinic acid alkaloids	Pyridine alkaloids	Alkaloids	mzspec:GNPS:GNPS-LIBRARY:CCMSLIB00006122548	False	True	FLAGGED	isolate_only
89	2	136.0613327026365	1	136.0613327026365	0.0	199.1825	2	0	0	0	0	0	0	0	0	0	1	1	0	0	0	0	0	0	0	0	0	0	1	1	0	0	G1	Acinetobacter_D3M06,Arenibacter_D3M17	9-D3M06.mzML,10-D3M17.mzML	-1	CCMSLIB00017432750	89.0	specs_ms.mgf	GNPS-ION-MOBILITY-LIBRARY.mgf	0.721143	18125.3	199.171	355.938	6.0	0.0484467	136.062	1.0	temp/specs_ms.mgf89	1.0	2,4,6-trimethylaniline [CCS=136.8988494873047]	LC-ESI	ToF	Crude	Pieter Dorrestein	victoriadeleray	[M+H]+	136.11	135.103	1.0			NC1=C(C)C=C(C)C=C1C	InChI=1S/C9H13N/c1-6-4-7(2)9(10)8(3)5-6/h4-5H,10H2,1-3H3		1.0	Positive	GNPS-ION-MOBILITY-LIBRARY	136.11	UPDATE-SINGLE-ANNOTATED-GOLD	Gold		C9H13N	KWVPRPSXBZNOHS-UHFFFAOYSA-N	KWVPRPSXBZNOHS	Benzenoids	Benzene and substituted derivatives	Aniline and substituted anilines				mzspec:GNPS:GNPS-LIBRARY:CCMSLIB00017432750	True	True	FLAGGED	isolate_only
90	2	136.0613327026365	1	136.0613327026365	0.0	199.374	2	0	0	0	0	0	0	0	0	0	1	1	0	0	0	0	0	0	0	0	0	0	1	1	0	0	G1	Acinetobacter_D3M06,Arenibacter_D3M17	9-D3M06.mzML,10-D3M17.mzML	7	CCMSLIB00017432757	90.0	specs_ms.mgf	GNPS-ION-MOBILITY-LIBRARY.mgf	0.703418	21919.6	199.362	355.938	7.0	0.0484467	136.062	1.0	temp/specs_ms.mgf90	1.0	2,4,6-trimethylaniline [CCS=136.0012664794922]	LC-ESI	ToF	Crude	Pieter Dorrestein	victoriadeleray	[M+H]+	136.11	135.103	1.0			NC1=C(C)C=C(C)C=C1C	InChI=1S/C9H13N/c1-6-4-7(2)9(10)8(3)5-6/h4-5H,10H2,1-3H3		1.0	Positive	GNPS-ION-MOBILITY-LIBRARY	136.11	UPDATE-SINGLE-ANNOTATED-GOLD	Gold		C9H13N	KWVPRPSXBZNOHS-UHFFFAOYSA-N	KWVPRPSXBZNOHS	Benzenoids	Benzene and substituted derivatives	Aniline and substituted anilines				mzspec:GNPS:GNPS-LIBRARY:CCMSLIB00017432757	True	True	FLAGGED	isolate_only
91	6	136.061462402344	1	136.061462402344	0.0	197.0128333333333	6	0	0	0	0	0	2	0	0	2	2	0	0	0	0	0	0	0	2	0	0	2	2	0	0	0	G1	Roseovarius_B2R09,Salipiger_C3M06,Acinetobacter_D3M06	5-B2R09.mzML,8-C3M06.mzML,9-D3M06.mzML	114	CCMSLIB00006117187	91.0	specs_ms.mgf	BIRMINGHAM-UHPLC-MS-POS.mgf	0.987902	17266.4	196.719	4.1494	7.0	0.000564575	136.061	1.0	temp/specs_ms.mgf91	1.0	Adenine - 40.0 eV	ESI	Orbitrap	Isolated	PI	Data Collector	M+H	136.062	0.0	1.0			c1[nH]c(c-2ncnc2n1)N	InChI=1S/C5H5N5/c6-4-3-5(9-1-7-3)10-2-8-4/h1-2H,(H3,6,7,8,9,10)		1.0	Positive	BIRMINGHAM-UHPLC-MS-POS	136.062	UPDATE-SINGLE-ANNOTATED-GOLD	Gold		C5H5N5	GFFGJBXGBJISGV-UHFFFAOYSA-N	GFFGJBXGBJISGV	Organoheterocyclic compounds	Imidazopyrimidines	Purines and purine derivatives	Pseudoalkaloids		Alkaloids	mzspec:GNPS:GNPS-LIBRARY:CCMSLIB00006117187	False	False	VALID	isolate_only
97	2	138.054718017578	1	138.054718017578	0.0	526.3845	2	0	0	0	0	0	0	0	0	0	0	2	0	0	0	0	0	0	0	0	0	0	0	2	0	0	G1	Arenibacter_D3M17	10-D3M17.mzML	119	CCMSLIB00006683859	97.0	specs_ms.mgf	MONA.mgf	0.71329	9163.6	526.808	7360.4	6.0	1.00871	138.055	1.0	temp/specs_ms.mgf97	1.0	HYPOXANTHINE	ESI	qTof	isolated	MoNA	MoNA:MoNA033473	M+H	137.046	0.0	1.0			C1=NC2=C(N=CN=C2N1)O	"""InChI=1S/C5H4N4O/c10-5-3-4(7-1-6-3)8-2-9-5/h1-2H,(H2,6,7,8,9,10)"""		3.0	positive	MONA	137.046	UPDATE-SINGLE-ANNOTATED-BRONZE	Bronze		C5H4N4O	FDGQSTZJBFJUBT-UHFFFAOYSA-N	FDGQSTZJBFJUBT	Organoheterocyclic compounds	Imidazopyrimidines	Purines and purine derivatives	Pseudoalkaloids	pteridine alkaloids	Alkaloids	mzspec:GNPS:GNPS-LIBRARY:CCMSLIB00006683859	False	True	FLAGGED	isolate_only
98	22	138.0912107987836	1	138.0912107987836	0.0	203.5174545454545	22	0	3	0	0	3	3	3	3	2	2	1	2	0	3	0	0	3	3	3	3	2	2	1	2	0	G1	Vibrio_1A01,Shewanella_B2R08,Roseovarius_B2R09,Colwellia_C2M19,Paracoccus_C2R07,Salipiger_C3M06,Acinetobacter_D3M06,Arenibacter_D3M17,Motilimonas_G1M02	1-1A01.mzML,4-B2R08.mzML,5-B2R09.mzML,6-C2M19.mzML,7-C2R07_2.mzML,8-C3M06.mzML,9-D3M06.mzML,10-D3M17.mzML,11-G1M02.mzML	7	CCMSLIB00017432750	98.0	specs_ms.mgf	GNPS-ION-MOBILITY-LIBRARY.mgf	0.778987	32938.6	201.668	14552.5	6.0	1.98074	138.091	1.0	temp/specs_ms.mgf98	1.0	2,4,6-trimethylaniline [CCS=136.8988494873047]	LC-ESI	ToF	Crude	Pieter Dorrestein	victoriadeleray	[M+H]+	136.11	135.103	1.0			NC1=C(C)C=C(C)C=C1C	InChI=1S/C9H13N/c1-6-4-7(2)9(10)8(3)5-6/h4-5H,10H2,1-3H3		1.0	Positive	GNPS-ION-MOBILITY-LIBRARY	136.11	UPDATE-SINGLE-ANNOTATED-GOLD	Gold		C9H13N	KWVPRPSXBZNOHS-UHFFFAOYSA-N	KWVPRPSXBZNOHS	Benzenoids	Benzene and substituted derivatives	Aniline and substituted anilines				mzspec:GNPS:GNPS-LIBRARY:CCMSLIB00017432750	True	True	FLAGGED	isolate_only
99	22	138.0912107987836	1	138.0912107987836	0.0	203.70881818181817	22	0	3	0	0	3	3	3	3	2	2	1	2	0	3	0	0	3	3	3	3	2	2	1	2	0	G1	Vibrio_1A01,Shewanella_B2R08,Roseovarius_B2R09,Colwellia_C2M19,Paracoccus_C2R07,Salipiger_C3M06,Acinetobacter_D3M06,Arenibacter_D3M17,Motilimonas_G1M02	1-1A01.mzML,4-B2R08.mzML,5-B2R09.mzML,6-C2M19.mzML,7-C2R07_2.mzML,8-C3M06.mzML,9-D3M06.mzML,10-D3M17.mzML,11-G1M02.mzML	7	CCMSLIB00017432750	99.0	specs_ms.mgf	GNPS-ION-MOBILITY-LIBRARY.mgf	0.758708	26210.7	203.697	14554.0	6.0	1.98094	138.091	1.0	temp/specs_ms.mgf99	1.0	2,4,6-trimethylaniline [CCS=136.8988494873047]	LC-ESI	ToF	Crude	Pieter Dorrestein	victoriadeleray	[M+H]+	136.11	135.103	1.0			NC1=C(C)C=C(C)C=C1C	InChI=1S/C9H13N/c1-6-4-7(2)9(10)8(3)5-6/h4-5H,10H2,1-3H3		1.0	Positive	GNPS-ION-MOBILITY-LIBRARY	136.11	UPDATE-SINGLE-ANNOTATED-GOLD	Gold		C9H13N	KWVPRPSXBZNOHS-UHFFFAOYSA-N	KWVPRPSXBZNOHS	Benzenoids	Benzene and substituted derivatives	Aniline and substituted anilines				mzspec:GNPS:GNPS-LIBRARY:CCMSLIB00017432750	True	True	FLAGGED	isolate_only
122	2	152.056079864502	1	152.056079864502	0.0	156.14449999999997	2	0	0	0	0	1	0	0	0	0	0	0	1	0	0	0	0	1	0	0	0	0	0	0	1	0	G1	Shewanella_B2R08,Motilimonas_G1M02	4-B2R08.mzML,11-G1M02.mzML	114	CCMSLIB00000425870	122.0	specs_ms.mgf	HMDB.mgf	0.858039	5009.7	155.128	6436.19	6.0	0.985001	152.056	1.0	temp/specs_ms.mgf122	1.0	HMDB:HMDB00292-496 Xanthine	Positive	Quattro_QQQ:25eV	Isolated	HMDB	HMDB	M+H	153.041	152.033	1.0	69-89-6		O=C1NC2=C(NC=N2)C(=O)N1	InChI=1S/C5H4N4O2/c10-4-2-3(7-1-6-2)8-5(11)9-4/h1H,(H3,6,7,8,9,10,11)		3.0	Positive	HMDB	153.041	UPDATE-SINGLE-ANNOTATED-BRONZE	Bronze		C5H4N4O2	LRFVTYWOQMYALW-UHFFFAOYSA-N	LRFVTYWOQMYALW	Organoheterocyclic compounds	Imidazopyrimidines	Purines and purine derivatives	Pseudoalkaloids	Purine alkaloids	Alkaloids	mzspec:GNPS:GNPS-LIBRARY:CCMSLIB00000425870	False	True	FLAGGED	isolate_only
125	52	155.08105675490572	1	155.08105675490577	0.0	211.8252884615385	52	0	0	0	8	6	6	6	5	6	6	6	3	0	0	0	8	6	6	6	5	6	6	6	3	0	G1	Phaeobacter_B2R04,Shewanella_B2R08,Roseovarius_B2R09,Colwellia_C2M19,Paracoccus_C2R07,Salipiger_C3M06,Acinetobacter_D3M06,Arenibacter_D3M17,Motilimonas_G1M02	3-B2R04.mzML,4-B2R08.mzML,5-B2R09.mzML,6-C2M19.mzML,7-C2R07_2.mzML,8-C3M06.mzML,9-D3M06.mzML,10-D3M17.mzML,11-G1M02.mzML	22	CCMSLIB00005743029	125.0	specs_ms.mgf	MASSBANK.mgf	0.710186	70515.3	203.759	0.688747	6.0	0.000106812	155.081	1.0	temp/specs_ms.mgf125	1.0	Massbank:PR300401 Cyclo-prolylglycine	ESI	qTof	Isolated	Massbank	Massbank	M+H	155.081	0.0	1.0			OC1=NCC(=O)N2CCC[C@@H]12	1S/C7H10N2O2/c10-6-4-8-7(11)5-2-1-3-9(5)6/h5H,1-4H2,(H,8,11)/t5-/m0/s1		3.0	Positive	MASSBANK	155.081	UPDATE-SINGLE-ANNOTATED-BRONZE	Bronze		C7H10N2O2	OWOHLURDBZHNGG-YFKPBYRVSA-N	OWOHLURDBZHNGG	Organic acids and derivatives	Carboxylic acids and derivatives	Amino acids, peptides, and analogues			Alkaloids|Amino acids and Peptides	mzspec:GNPS:GNPS-LIBRARY:CCMSLIB00005743029	False	False	VALID	isolate_only
137	54	160.07571354618764	1	160.0757135461876	0.0	225.5860185185185	54	0	6	6	6	6	0	6	6	6	6	6	0	0	6	6	6	6	0	6	6	6	6	6	0	0	G1	Vibrio_1A01,Vibrio_6D03,Phaeobacter_B2R04,Shewanella_B2R08,Colwellia_C2M19,Paracoccus_C2R07,Salipiger_C3M06,Acinetobacter_D3M06,Arenibacter_D3M17	1-1A01.mzML,2-6D03.mzML,3-B2R04.mzML,4-B2R08.mzML,6-C2M19.mzML,7-C2R07_2.mzML,8-C3M06.mzML,9-D3M06.mzML,10-D3M17.mzML	48	CCMSLIB00003139423	137.0	specs_ms.mgf	GNPS-NIST14-MATCHES.mgf	0.716784	20900.7	223.83	6379.59	7.0	1.02777	160.075	1.0	temp/specs_ms.mgf137	1.0	Spectral Match to 2-Propylbenzimidazole from NIST14	ESI	qTof	Isolated	Data from Kim Prather	Data deposited by mjmeehan	M+H	161.103	160.1	1.0	5465292		CCCC1=NC2=CC=CC=C2N1	InChI=1S/C10H12N2/c1-2-5-10-11-8-6-3-4-7-9(8)12-10/h3-4,6-7H,2,5H2,1H3,(H,11,12)		3.0	Positive	GNPS-NIST14-MATCHES	161.103	UPDATE-SINGLE-ANNOTATED-BRONZE	Bronze		C10H12N2	FBLJZPQLNMVEMR-UHFFFAOYSA-N	FBLJZPQLNMVEMR				Anthranilic acid alkaloids	Quinazoline alkaloids	Alkaloids	mzspec:GNPS:GNPS-LIBRARY:CCMSLIB00003139423	False	True	FLAGGED	isolate_only
145	94	166.08608404946986	1	166.08608404946986	0.0	306.9086382978723	94	0	0	0	7	9	11	17	11	10	10	13	6	0	0	0	7	9	11	17	11	10	10	13	6	0	G1	Phaeobacter_B2R04,Shewanella_B2R08,Roseovarius_B2R09,Colwellia_C2M19,Paracoccus_C2R07,Salipiger_C3M06,Acinetobacter_D3M06,Arenibacter_D3M17,Motilimonas_G1M02	3-B2R04.mzML,4-B2R08.mzML,5-B2R09.mzML,6-C2M19.mzML,7-C2R07_2.mzML,8-C3M06.mzML,9-D3M06.mzML,10-D3M17.mzML,11-G1M02.mzML	7	CCMSLIB00003134584	145.0	specs_ms.mgf	GNPS-NIST14-MATCHES.mgf	0.944979	122198.0	270.616	0.459364	6.0	7.62939e-05	166.086	1.0	temp/specs_ms.mgf145	1.0	Spectral Match to DL-Phenylalanine from NIST14	ESI	QQQ	Isolated	Data from James McKerrow	Data deposited by lamccall	M+H	166.086	165.079	1.0	150301		C1=CC=C(C=C1)CC(C(=O)O)N	InChI=1S/C9H11NO2/c10-8(9(11)12)6-7-4-2-1-3-5-7/h1-5,8H,6,10H2,(H,11,12)		3.0	Positive	GNPS-NIST14-MATCHES	166.086	UPDATE-SINGLE-ANNOTATED-BRONZE	Bronze		C9H11NO2	COLNVLDHVKWLRT-UHFFFAOYSA-N	COLNVLDHVKWLRT	Organic acids and derivatives	Carboxylic acids and derivatives	Amino acids, peptides, and analogues	Small peptides	Aminoacids	Amino acids and Peptides|Shikimates and Phenylpropanoids	mzspec:GNPS:GNPS-LIBRARY:CCMSLIB00003134584	False	False	VALID	isolate_only
148	89	166.0860952152835	1	166.0860952152835	0.0	308.28124719101123	89	0	0	0	6	7	11	16	10	9	10	14	6	0	0	0	6	7	11	16	10	9	10	14	6	0	G1	Phaeobacter_B2R04,Shewanella_B2R08,Roseovarius_B2R09,Colwellia_C2M19,Paracoccus_C2R07,Salipiger_C3M06,Acinetobacter_D3M06,Arenibacter_D3M17,Motilimonas_G1M02	3-B2R04.mzML,4-B2R08.mzML,5-B2R09.mzML,6-C2M19.mzML,7-C2R07_2.mzML,8-C3M06.mzML,9-D3M06.mzML,10-D3M17.mzML,11-G1M02.mzML	7	CCMSLIB00013639998	148.0	specs_ms.mgf	WINE-DB-QTOF.mgf	0.991867	194846.0	289.851	4.59364	6.0	0.000762939	166.087	1.0	temp/specs_ms.mgf148	1.0	Phenylalanine_(L-)_30EV	ESI	qTof	Commercial	Axel_Marchal	TE_MLS	M+H	166.086	165.19	1.0	63-91-2		C([C@@H](C(O)=O)N)C1=CC=CC=C1	InChI=1S/C9H11NO2/c10-8(9(11)12)6-7-4-2-1-3-5-7/h1-5,8H,6,10H2,(H,11,12)/t8-/m0/s1		1.0	Positive	WINE-DB-QTOF	166.086	UPDATE-SINGLE-ANNOTATED-GOLD	Gold		C9H11NO2	COLNVLDHVKWLRT-QMMMGPOBSA-N	COLNVLDHVKWLRT	Organic acids and derivatives	Carboxylic acids and derivatives	Amino acids, peptides, and analogues	Small peptides	Aminoacids	Amino acids and Peptides|Shikimates and Phenylpropanoids	mzspec:GNPS:GNPS-LIBRARY:CCMSLIB00013639998	False	False	VALID	isolate_only
154	6	173.09155782063797	1	173.09155782063797	0.0	151.21866666666668	6	0	0	0	0	0	0	0	0	0	0	6	0	0	0	0	0	0	0	0	0	0	0	6	0	0	G1	Arenibacter_D3M17	10-D3M17.mzML	225	CCMSLIB00006112725	154.0	specs_ms.mgf	BIRMINGHAM-UHPLC-MS-POS.mgf	0.932669	13102.0	151.97	11233.1	6.0	1.96645	173.092	1.0	temp/specs_ms.mgf154	1.0	Xylitol - 40.0 eV	ESI	Orbitrap	Isolated	PI	Data Collector	M+Na	175.058	0.0	1.0			C([C@H]([C@@H]([C@H](CO)O)O)O)O	InChI=1S/C5H12O5/c6-1-3(8)5(10)4(9)2-7/h3-10H,1-2H2/t3-,4+,5+		1.0	Positive	BIRMINGHAM-UHPLC-MS-POS	175.058	UPDATE-SINGLE-ANNOTATED-GOLD	Gold		C5H12O5	HEBKCHPVOIAQTA-SCDXWVJYSA-N	HEBKCHPVOIAQTA	Organic oxygen compounds	Organooxygen compounds	Carbohydrates and carbohydrate conjugates	Saccharides	Monosaccharides	Carbohydrates	mzspec:GNPS:GNPS-LIBRARY:CCMSLIB00006112725	False	True	FLAGGED	isolate_only
155	9	174.05426025390597	1	174.05426025390597	0.0	211.21911111111112	9	0	0	0	4	0	3	0	0	0	0	2	0	0	0	0	4	0	3	0	0	0	0	2	0	0	G1	Phaeobacter_B2R04,Roseovarius_B2R09,Arenibacter_D3M17	3-B2R04.mzML,5-B2R09.mzML,10-D3M17.mzML	48	CCMSLIB00000224017	155.0	specs_ms.mgf	GNPS-LIBRARY.mgf	0.765215	11581.0	210.064	5688.33	6.0	0.995743	174.054	1.0	temp/specs_ms.mgf155	1.0	quinoxaline-2-carboxylic acid	DI-ESI	qTof	Other	Giuliano Clososki	Daniel Demarque	M+H	175.05	174.043	1.0	 	 	OC(C1=NC2=CC=CC=C2N=C1)=O	InChI=1S/C9H6N2O2/c12-9(13)8-5-10-6-3-1-2-4-7(6)11-8/h1-5H,(H,12,13)	 	3.0	Positive	GNPS-LIBRARY	175.05	UPDATE-SINGLE-ANNOTATED-BRONZE	Bronze		C9H6N2O2	UPUZGXILYFKSGE-UHFFFAOYSA-N	UPUZGXILYFKSGE	Organoheterocyclic compounds	Diazanaphthalenes	Benzodiazines	Anthranilic acid alkaloids	Phenazine alkaloids	Alkaloids	mzspec:GNPS:GNPS-LIBRARY:CCMSLIB00000224017	False	True	FLAGGED	isolate_only
156	2	174.054270426432	1	174.054270426432	0.0	209.6095	2	0	0	0	0	0	2	0	0	0	0	0	0	0	0	0	0	0	2	0	0	0	0	0	0	0	G1	Roseovarius_B2R09	5-B2R09.mzML	48	CCMSLIB00012359812	156.0	specs_ms.mgf	MSNLIB-POSITIVE.mgf	0.88768	11915.8	210.607	4.12032	6.0	0.000717163	174.054	1.0	temp/specs_ms.mgf156	1.0	Quinoline-4-carboxylic acid	ESI	Orbitrap	Crude	Tomas Pluskal	Corinna Brungs	[M+H]+	174.055	173.048	1.0			O=C(O)c1ccnc2ccccc12	InChI=1S/C10H7NO2/c12-10(13)8-5-6-11-9-4-2-1-3-7(8)9/h1-6H,(H,12,13)	VQMSRUREDGBWKT-UHFFFAOYSA-N	1.0	Positive	MSNLIB-POSITIVE	174.055	UPDATE-SINGLE-ANNOTATED-GOLD	Gold		C10H7NO2	VQMSRUREDGBWKT-UHFFFAOYSA-N	VQMSRUREDGBWKT	Organoheterocyclic compounds	Quinolines and derivatives	Quinoline carboxylic acids	Tryptophan alkaloids|Anthranilic acid alkaloids	Quinoline alkaloids	Alkaloids	mzspec:GNPS:GNPS-LIBRARY:CCMSLIB00012359812	False	False	VALID	isolate_only
160	34	175.1184046128218	1	175.1184046128218	0.0	141.68238235294118	34	0	0	0	6	0	0	0	6	6	6	6	4	0	0	0	6	0	0	0	6	6	6	6	4	0	G1	Phaeobacter_B2R04,Paracoccus_C2R07,Salipiger_C3M06,Acinetobacter_D3M06,Arenibacter_D3M17,Motilimonas_G1M02	3-B2R04.mzML,7-C2R07_2.mzML,8-C3M06.mzML,9-D3M06.mzML,10-D3M17.mzML,11-G1M02.mzML	225	CCMSLIB00006112725	160.0	specs_ms.mgf	BIRMINGHAM-UHPLC-MS-POS.mgf	0.926564	7678.8	143.494	345.083	6.0	0.0604095	175.118	1.0	temp/specs_ms.mgf160	1.0	Xylitol - 40.0 eV	ESI	Orbitrap	Isolated	PI	Data Collector	M+Na	175.058	0.0	1.0			C([C@H]([C@@H]([C@H](CO)O)O)O)O	InChI=1S/C5H12O5/c6-1-3(8)5(10)4(9)2-7/h3-10H,1-2H2/t3-,4+,5+		1.0	Positive	BIRMINGHAM-UHPLC-MS-POS	175.058	UPDATE-SINGLE-ANNOTATED-GOLD	Gold		C5H12O5	HEBKCHPVOIAQTA-SCDXWVJYSA-N	HEBKCHPVOIAQTA	Organic oxygen compounds	Organooxygen compounds	Carbohydrates and carbohydrate conjugates	Saccharides	Monosaccharides	Carbohydrates	mzspec:GNPS:GNPS-LIBRARY:CCMSLIB00006112725	False	True	FLAGGED	isolate_only
202	3	220.11821831597203	1	220.11821831597203	0.0	338.372	3	0	1	0	0	1	0	1	0	0	0	0	0	0	1	0	0	1	0	1	0	0	0	0	0	0	G1	Vibrio_1A01,Shewanella_B2R08,Colwellia_C2M19	1-1A01.mzML,4-B2R08.mzML,6-C2M19.mzML	-1	CCMSLIB00000219919	202.0	specs_ms.mgf	MASSBANK.mgf	0.897548	4370.3	337.542	533.017	7.0	0.117264	220.117	1.0	temp/specs_ms.mgf202	1.0	Massbank:KO003698 Pantothenate|(R)-Pantothenate|Pantothenic acid|D-(+)-Pantothenic acid	ESI	LC-ESI-QQ	Isolated	Putative Massbank Match	Massbank	[M+H]+	220.0	0.0	1.0	79-83-4		OCC(C)(C)[C@@H](O)C(=O)NCCC(O)=O	1S/C9H17NO5/c1-9(2,5-11)7(14)8(15)10-4-3-6(12)13/h7,11,14H,3-5H2,1-2H3,(H,10,15)(H,12,13)/t7-/m0/s1		3.0	Positive	MASSBANK	220.0	UPDATE-SINGLE-ANNOTATED-BRONZE	Bronze		C9H17NO5	GHOKWGTUZJEAQD-ZETCQYMHSA-N	GHOKWGTUZJEAQD	Organic oxygen compounds	Organooxygen compounds	Alcohols and polyols	Small peptides	Dipeptides	Amino acids and Peptides	mzspec:GNPS:GNPS-LIBRARY:CCMSLIB00000219919	False	True	FLAGGED	isolate_only
210	48	227.10184605916325	1	227.1018460591633	0.0	279.20725000000004	48	0	0	0	6	6	6	6	6	6	6	6	0	0	0	0	6	6	6	6	6	6	6	6	0	0	G1	Phaeobacter_B2R04,Shewanella_B2R08,Roseovarius_B2R09,Colwellia_C2M19,Paracoccus_C2R07,Salipiger_C3M06,Acinetobacter_D3M06,Arenibacter_D3M17	3-B2R04.mzML,4-B2R08.mzML,5-B2R09.mzML,6-C2M19.mzML,7-C2R07_2.mzML,8-C3M06.mzML,9-D3M06.mzML,10-D3M17.mzML	217	CCMSLIB00003135898	210.0	specs_ms.mgf	GNPS-NIST14-MATCHES.mgf	0.866457	10958.1	278.483	4.90479	8.0	0.00111389	227.102	1.0	temp/specs_ms.mgf210	1.0	Spectral Match to PyroGlu-Pro from NIST14	ESI	qTof	Isolated	Data from Pieter Dorrestein	Data deposited by lfnothias	M+H	227.103	226.095	1.0			C1CC(N(C1)C(=O)C2CCC(=O)N2)C(=O)O	InChI=1S/C10H14N2O4/c13-8-4-3-6(11-8)9(14)12-5-1-2-7(12)10(15)16/h6-7H,1-5H2,(H,11,13)(H,15,16)		3.0	Positive	GNPS-NIST14-MATCHES	227.103	UPDATE-SINGLE-ANNOTATED-BRONZE	Bronze		C10H14N2O4	PFEJJYZYEFRQEA-UHFFFAOYSA-N	PFEJJYZYEFRQEA	Organic acids and derivatives	Carboxylic acids and derivatives	Amino acids, peptides, and analogues	Small peptides	Dipeptides	Amino acids and Peptides	mzspec:GNPS:GNPS-LIBRARY:CCMSLIB00003135898	False	False	VALID	isolate_only
214	3	229.117669677734	1	229.117669677734	0.0	424.6813333333334	3	0	0	0	0	0	0	0	0	0	0	3	0	0	0	0	0	0	0	0	0	0	0	3	0	0	G1	Arenibacter_D3M17	10-D3M17.mzML	-1	CCMSLIB00012948549	214.0	specs_ms.mgf	MSNLIB-POSITIVE.mgf	0.767803	5372.4	424.141	4360.26	6.0	0.994675	229.118	1.0	temp/specs_ms.mgf214	1.0	1-(oxolane-2-carbonyl)piperidine-2-carboxylic acid	ESI	Orbitrap	Commercial	Tomas Pluskal	Corinna Brungs	[M+H]+	228.123	227.116	1.0			O=C(O)C1CCCCN1C(=O)C1CCCO1	InChI=1S/C11H17NO4/c13-10(9-5-3-7-16-9)12-6-2-1-4-8(12)11(14)15/h8-9H,1-7H2,(H,14,15)	GZVXPKKVXAMGPM-UHFFFAOYSA-N	1.0	Positive	MSNLIB-POSITIVE	228.123	UPDATE-SINGLE-ANNOTATED-GOLD	Gold		C11H17NO4	GZVXPKKVXAMGPM-UHFFFAOYSA-N	GZVXPKKVXAMGPM				Small peptides	Dipeptides	Amino acids and Peptides	mzspec:GNPS:GNPS-LIBRARY:CCMSLIB00012948549	False	True	FLAGGED	isolate_only
219	40	235.1182144165037	1	235.1182144165038	0.0	156.54754999999997	40	0	0	0	6	4	6	4	4	6	4	4	2	0	0	0	6	4	6	4	4	6	4	4	2	0	G1	Phaeobacter_B2R04,Shewanella_B2R08,Roseovarius_B2R09,Colwellia_C2M19,Paracoccus_C2R07,Salipiger_C3M06,Acinetobacter_D3M06,Arenibacter_D3M17,Motilimonas_G1M02	3-B2R04.mzML,4-B2R08.mzML,5-B2R09.mzML,6-C2M19.mzML,7-C2R07_2.mzML,8-C3M06.mzML,9-D3M06.mzML,10-D3M17.mzML,11-G1M02.mzML	-1	CCMSLIB00010133243	219.0	specs_ms.mgf	MCE-DRUG.mgf	0.897255	9293.2	156.854	4.15348	6.0	0.000976562	235.118	1.0	temp/specs_ms.mgf219	1.0	Cyclo(-His-Pro)	ESI	Orbitrap	Crude	Tomas Pluskal	Corinna Brungs	M+H	235.119	234.112	1.0			O=C1N[C@@H](Cc2cnc[nH]2)C(=O)N2CCC[C@@H]12	"""InChI=1S/C11H14N4O2/c16-10-9-2-1-3-15(9)11(17)8(14-10)4-7-5-12-6-13-7/h5-6,8-9H,1-4H2,(H,12,13)(H,14,16)/t8-,9-/m0/s1"""	NAKUGCPAQTUSBE-IUCAKERBSA-N	3.0	Positive	MCE-DRUG	235.119	UPDATE-SINGLE-ANNOTATED-BRONZE	Bronze		C11H14N4O2	NAKUGCPAQTUSBE-IUCAKERBSA-N	NAKUGCPAQTUSBE	Organic acids and derivatives	Carboxylic acids and derivatives	Amino acids, peptides, and analogues	Small peptides	Dipeptides	Amino acids and Peptides	mzspec:GNPS:GNPS-LIBRARY:CCMSLIB00010133243	False	False	VALID	isolate_only
226	25	245.14966349283853	1	245.14966349283856	0.0	208.88336	25	0	6	0	0	0	0	5	2	0	0	12	0	0	6	0	0	0	0	5	2	0	0	12	0	0	G1	Vibrio_1A01,Colwellia_C2M19,Paracoccus_C2R07,Arenibacter_D3M17	1-1A01.mzML,6-C2M19.mzML,7-C2R07_2.mzML,10-D3M17.mzML	37	CCMSLIB00003139477	226.0	specs_ms.mgf	GNPS-NIST14-MATCHES.mgf	0.789162	16154.0	216.77	4043.2	7.0	0.995209	245.149	1.0	temp/specs_ms.mgf226	1.0	Spectral Match to Ile-Asn from NIST14	ESI	QqQ	Isolated	Data from Pieter Dorrestein	Data deposited by lfnothias	M+H	246.144	0.0	1.0						3.0	Positive	GNPS-NIST14-MATCHES	246.144	UPDATE-SINGLE-ANNOTATED-BRONZE	Bronze											mzspec:GNPS:GNPS-LIBRARY:CCMSLIB00003139477	False	True	FLAGGED	isolate_only
233	35	261.1228884742373	1	261.12288847423724	0.0	458.6868857142857	35	0	0	2	4	3	4	4	4	4	3	4	3	0	0	2	4	3	4	4	4	4	3	4	3	0	G1	Vibrio_6D03,Phaeobacter_B2R04,Shewanella_B2R08,Roseovarius_B2R09,Colwellia_C2M19,Paracoccus_C2R07,Salipiger_C3M06,Acinetobacter_D3M06,Arenibacter_D3M17,Motilimonas_G1M02	2-6D03.mzML,3-B2R04.mzML,4-B2R08.mzML,5-B2R09.mzML,6-C2M19.mzML,7-C2R07_2.mzML,8-C3M06.mzML,9-D3M06.mzML,10-D3M17.mzML,11-G1M02.mzML	120	CCMSLIB00000007114	233.0	specs_ms.mgf	GNPS-LIBRARY.mgf	0.923645	59034.9	457.844	5.14228	10.0	0.00134277	261.123	1.0	temp/specs_ms.mgf233	1.0	cyclo(Phe-4-Hyp)	DI-ESI	qTof	Isolated	Keyzers	R Keyzers	M+H	261.124	260.116	1.0	0					3.0	Positive	GNPS-LIBRARY	261.124	UPDATE-SINGLE-ANNOTATED-BRONZE	Bronze											mzspec:GNPS:GNPS-LIBRARY:CCMSLIB00000007114	False	False	VALID	isolate_only
236	2	263.13856506347645	1	263.13856506347645	0.0	437.218	2	0	0	0	0	0	0	1	0	0	1	0	0	0	0	0	0	0	0	1	0	0	1	0	0	0	G1	Colwellia_C2M19,Acinetobacter_D3M06	6-C2M19.mzML,9-D3M06.mzML	180	CCMSLIB00003136635	236.0	specs_ms.mgf	GNPS-NIST14-MATCHES.mgf	0.840977	6039.2	436.152	2.7834	6.0	0.000732422	263.138	1.0	temp/specs_ms.mgf236	1.0	Spectral Match to Phe-Pro from NIST14	ESI	QqQ	Isolated	Data from Gabriel Haddad	Data deposited by mjmeehan	M+H	263.139	0.0	1.0						3.0	Positive	GNPS-NIST14-MATCHES	263.139	UPDATE-SINGLE-ANNOTATED-BRONZE	Bronze											mzspec:GNPS:GNPS-LIBRARY:CCMSLIB00003136635	False	False	VALID	isolate_only
240	2	268.138824462891	1	268.138824462891	0.0	198.251	2	0	0	0	0	2	0	0	0	0	0	0	0	0	0	0	0	2	0	0	0	0	0	0	0	0	G1	Shewanella_B2R08	4-B2R08.mzML	100	CCMSLIB00000213958	240.0	specs_ms.mgf	RESPECT.mgf	0.786058	7781.7	198.347	4274.89	6.0	1.15118	268.139	1.0	temp/specs_ms.mgf240	1.0	ReSpect:PS025606 Inosine|INO|(?)-Inosine|beta-Inosine|Hypoxanthine 9-beta-D-ribofuranoside|9-beta-D-ribofuranosylhypoxanthine|Hypoxanthine ribonucleoside|Oxiamin|Ribonosine|Trophicardyl	ESI	Flow-injection QqQ/MS	Isolated	Putative ReSpect Match	ReSpect	[M+H]	269.29	0.0	1.0	58-63-9		C1=NC(=O)C2=C(N1)N(C=N2)C3C(C(C(O3)CO)O)O	InChI=1S/C10H12N4O5/c15-1-4-6(16)7(17)10(19-4)14-3-13-5-8(14)11-2-12-9(5)18/h2-4,6-7,10,15-17H,1H2,(H,11,12,18)		3.0	Positive	RESPECT	269.29	UPDATE-SINGLE-ANNOTATED-BRONZE	Bronze		C10H12N4O5	UGQMRVRMYYASKQ-UHFFFAOYSA-N	UGQMRVRMYYASKQ				Nucleosides	Purine nucleos(t)ides	Carbohydrates	mzspec:GNPS:GNPS-LIBRARY:CCMSLIB00000213958	False	True	FLAGGED	isolate_only
241	3	268.139572143555	1	268.139572143555	0.0	189.65833333333333	3	0	0	0	0	0	0	0	0	0	0	0	3	0	0	0	0	0	0	0	0	0	0	0	3	0	G1	Motilimonas_G1M02	11-G1M02.mzML	100	CCMSLIB00006119720	241.0	specs_ms.mgf	BIRMINGHAM-UHPLC-MS-POS.mgf	0.741579	9993.7	188.645	2274.81	6.0	0.608582	268.14	1.0	temp/specs_ms.mgf241	1.0	Adenosine - 40.0 eV	ESI	Orbitrap	Isolated	PI	Data Collector	Unknown	267.531	0.0	1.0			c1nc(c2c(n1)n(cn2)[C@H]3[C@@H]([C@@H]([C@H](O3)CO)O)O)N	InChI=1S/C10H13N5O4/c11-8-5-9(13-2-12-8)15(3-14-5)10-7(18)6(17)4(1-16)19-10/h2-4,6-7,10,16-18H,1H2,(H2,11,12,13)/t4-,6-,7-,10-/m1/s1		1.0	Positive	BIRMINGHAM-UHPLC-MS-POS	267.531	UPDATE-SINGLE-ANNOTATED-GOLD	Gold		C10H13N5O4	OIRDTQYFTABQOQ-KQYNXXCUSA-N	OIRDTQYFTABQOQ				Nucleosides	Purine nucleos(t)ides	Carbohydrates	mzspec:GNPS:GNPS-LIBRARY:CCMSLIB00006119720	False	True	FLAGGED	isolate_only
251	2	281.112335205078	1	281.112335205078	0.0	436.8825	2	0	0	0	0	2	0	0	0	0	0	0	0	0	0	0	0	2	0	0	0	0	0	0	0	0	G1	Shewanella_B2R08	4-B2R08.mzML	213	CCMSLIB00016350731	251.0	specs_ms.mgf	GNPS-ALKYLAMINES-LIBRARY.mgf	0.731902	12032.9	436.787	3621.21	6.0	1.02167	281.112	1.0	temp/specs_ms.mgf251	1.0	o-acetyl threonine_p-Anisaldehyde (known isomers: 0; isobaric peaks in run: 5)	LC-ESI	Orbitrap	Crude	Pieter Dorrestein	Julius	[M+H]+	282.134	281.126	1.0		p-Anisaldehyde_Amine_batch2_P2_A9.mzML:scan:813	COc1ccc(CN[C@H](C(=O)O)[C@@H](C)OC(C)=O)cc1	InChI=1S/C14H19NO5/c1-9(20-10(2)16)13(14(17)18)15-8-11-4-6-12(19-3)7-5-11/h4-7,9,13,15H,8H2,1-3H3,(H,17,18)/t9-,13+/m1/s1		1.0	Positive	GNPS-ALKYLAMINES-LIBRARY	282.134	UPDATE-SINGLE-ANNOTATED-GOLD	Gold		C14H19NO5	WQYVPYPCMVZDPE-RNCFNFMXSA-N	WQYVPYPCMVZDPE				Small peptides	Aminoacids	Amino acids and Peptides	mzspec:GNPS:GNPS-LIBRARY:CCMSLIB00016350731	False	True	FLAGGED	isolate_only
254	12	282.1189041137696	1	282.1189041137696	0.0	262.04966666666667	12	0	0	0	0	0	0	0	0	0	6	6	0	0	0	0	0	0	0	0	0	0	6	6	0	0	G1	Acinetobacter_D3M06,Arenibacter_D3M17	9-D3M06.mzML,10-D3M17.mzML	-1	CCMSLIB00006117313	254.0	specs_ms.mgf	BIRMINGHAM-UHPLC-MS-POS.mgf	0.791142	7603.7	259.438	6970.84	6.0	1.98041	282.119	1.0	temp/specs_ms.mgf254	1.0	Guanosine - 40.0 eV	ESI	Orbitrap	Isolated	PI	Data Collector	M+H	284.099	0.0	1.0			c1nc2c(=O)[nH]c(nc2n1[C@H]3[C@@H]([C@@H]([C@H](O3)CO)O)O)N	InChI=1S/C10H13N5O5/c11-10-13-7-4(8(19)14-10)12-2-15(7)9-6(18)5(17)3(1-16)20-9/h2-3,5-6,9,16-18H,1H2,(H3,11,13,14,19)/t3-,5-,6-,9-/m1/s1		1.0	Positive	BIRMINGHAM-UHPLC-MS-POS	284.099	UPDATE-SINGLE-ANNOTATED-GOLD	Gold		C10H13N5O5	NYHBQMYGNKIUIF-UUOKFMHZSA-N	NYHBQMYGNKIUIF				Nucleosides	Purine nucleos(t)ides	Carbohydrates	mzspec:GNPS:GNPS-LIBRARY:CCMSLIB00006117313	False	True	FLAGGED	isolate_only
278	4	302.170013427734	1	302.170013427734	0.0	207.743	4	0	0	0	0	0	0	0	4	0	0	0	0	0	0	0	0	0	0	0	4	0	0	0	0	0	G1	Paracoccus_C2R07	7-C2R07_2.mzML	-1	CCMSLIB00012427940	278.0	specs_ms.mgf	MSNLIB-POSITIVE.mgf	0.927227	7162.1	206.841	3189.91	6.0	0.96698	302.17	1.0	temp/specs_ms.mgf278	1.0	401564-30-5	ESI	Orbitrap	Crude	Tomas Pluskal	Corinna Brungs	[M+H]+	303.137	302.13	1.0			CC(C)(C)OC(=O)N1C[C@H](O)C[C@H]1C(=O)N1CCSC1	InChI=1S/C13H22N2O4S/c1-13(2,3)19-12(18)15-7-9(16)6-10(15)11(17)14-4-5-20-8-14/h9-10,16H,4-8H2,1-3H3/t9-,10+/m1/s1	CABJFRFFUZMDSS-ZJUUUORDSA-N	1.0	Positive	MSNLIB-POSITIVE	303.137	UPDATE-SINGLE-ANNOTATED-GOLD	Gold		C13H22N2O4S	CABJFRFFUZMDSS-ZJUUUORDSA-N	CABJFRFFUZMDSS	Organic acids and derivatives	Carboxylic acids and derivatives	Amino acids, peptides, and analogues	Lysine alkaloids	Piperidine alkaloids	Alkaloids	mzspec:GNPS:GNPS-LIBRARY:CCMSLIB00012427940	False	True	FLAGGED	isolate_only
283	4	305.304153442383	1	305.304153442383	0.0	646.0695	4	0	0	0	0	0	0	0	0	4	0	0	0	0	0	0	0	0	0	0	0	4	0	0	0	0	G1	Salipiger_C3M06	8-C3M06.mzML	78	CCMSLIB00010115561	283.0	specs_ms.mgf	BERKELEY-LAB.mgf	0.926272	75041.2	646.589	741.338	7.0	0.226166	305.304	1.0	temp/specs_ms.mgf283	1.0	"""3,3'-Dimethoxyflavone CollisionEnergy:205060"""	LC-ESI	Orbitrap	Commercial	Trent Northen	JGI	M+Na	305.078	0.0	1.0			COc1cccc(-c2oc3ccccc3c(=O)c2OC)c1	"""InChI=1S/C17H14O4/c1-19-12-7-5-6-11(10-12)16-17(20-2)15(18)13-8-3-4-9-14(13)21-16/h3-10H,1-2H3"""		3.0	Positive	BERKELEY-LAB	305.078	UPDATE-SINGLE-ANNOTATED-BRONZE	Bronze		C17H14O4	AUAXNNILRNCQAX-UHFFFAOYSA-N	AUAXNNILRNCQAX	Phenylpropanoids and polyketides	Flavonoids	O-methylated flavonoids	Flavonoids	Flavonols	Shikimates and Phenylpropanoids	mzspec:GNPS:GNPS-LIBRARY:CCMSLIB00010115561	False	True	FLAGGED	isolate_only
284	12	307.18506876627595	1	307.185068766276	0.0	363.33183333333335	12	0	0	0	0	6	0	6	0	0	0	0	0	0	0	0	0	6	0	6	0	0	0	0	0	0	G1	Shewanella_B2R08,Colwellia_C2M19	4-B2R08.mzML,6-C2M19.mzML	-1	CCMSLIB00012825577	284.0	specs_ms.mgf	MSNLIB-POSITIVE.mgf	0.925509	9083.4	364.649	3179.66	6.0	0.979858	307.185	1.0	temp/specs_ms.mgf284	1.0	AKOS033333909	ESI	Orbitrap	Commercial	Tomas Pluskal	Corinna Brungs	[M+H-H2O]+	308.165	325.168	1.0			O=C(Cc1ccc(O)cc1)N1CCCC1CC(O)c1ccccc1	InChI=1S/C20H23NO3/c22-18-10-8-15(9-11-18)13-20(24)21-12-4-7-17(21)14-19(23)16-5-2-1-3-6-16/h1-3,5-6,8-11,17,19,22-23H,4,7,12-14H2	BUCHUYOPHINHGV-UHFFFAOYSA-N	1.0	Positive	MSNLIB-POSITIVE	308.165	UPDATE-SINGLE-ANNOTATED-GOLD	Gold		C20H23NO3	BUCHUYOPHINHGV-UHFFFAOYSA-N	BUCHUYOPHINHGV				Lysine alkaloids	Piperidine alkaloids	Alkaloids	mzspec:GNPS:GNPS-LIBRARY:CCMSLIB00012825577	False	True	FLAGGED	isolate_only
298	2	329.181060791016	1	329.181060791016	0.0	208.3985	2	0	0	0	0	0	0	0	0	0	2	0	0	0	0	0	0	0	0	0	0	0	2	0	0	0	G1	Acinetobacter_D3M06	9-D3M06.mzML	-1	CCMSLIB00012387385	298.0	specs_ms.mgf	MSNLIB-POSITIVE.mgf	0.806179	10870.2	208.303	2919.71	8.0	0.963928	329.181	1.0	temp/specs_ms.mgf298	1.0	67341-40-6	ESI	Orbitrap	Crude	Tomas Pluskal	Corinna Brungs	[M+H]+	330.145	329.138	1.0			Cc1cc(=O)oc2c1ccc(NC(=O)[C@@H]1CCCN1C(=O)CN)c2	InChI=1S/C17H19N3O4/c1-10-7-16(22)24-14-8-11(4-5-12(10)14)19-17(23)13-3-2-6-20(13)15(21)9-18/h4-5,7-8,13H,2-3,6,9,18H2,1H3,(H,19,23)/t13-/m0/s1	UTDVHCQTKWTQEA-ZDUSSCGKSA-N	1.0	Positive	MSNLIB-POSITIVE	330.145	UPDATE-SINGLE-ANNOTATED-GOLD	Gold		C17H19N3O4	UTDVHCQTKWTQEA-ZDUSSCGKSA-N	UTDVHCQTKWTQEA	Organic acids and derivatives	Carboxylic acids and derivatives	Amino acids, peptides, and analogues	Coumarins	Simple coumarins	Shikimates and Phenylpropanoids	mzspec:GNPS:GNPS-LIBRARY:CCMSLIB00012387385	False	True	FLAGGED	isolate_only
301	72	332.3313496907554	1	332.3313496907551	0.0	709.5763333333332	72	0	0	6	6	12	6	6	6	12	6	6	6	0	0	6	6	12	6	6	6	12	6	6	6	0	G1	Vibrio_6D03,Phaeobacter_B2R04,Shewanella_B2R08,Roseovarius_B2R09,Colwellia_C2M19,Paracoccus_C2R07,Salipiger_C3M06,Acinetobacter_D3M06,Arenibacter_D3M17,Motilimonas_G1M02	2-6D03.mzML,3-B2R04.mzML,4-B2R08.mzML,5-B2R09.mzML,6-C2M19.mzML,7-C2R07_2.mzML,8-C3M06.mzML,9-D3M06.mzML,10-D3M17.mzML,11-G1M02.mzML	78	CCMSLIB00003139865	301.0	specs_ms.mgf	GNPS-NIST14-MATCHES.mgf	0.926093	51058.8	713.094	1.65292	6.0	0.000549316	332.332	1.0	temp/specs_ms.mgf301	1.0	Spectral Match to Benzyltetradecyldimethylammonium from NIST14	ESI	QqQ	Isolated	Data from Pieter Dorrestein;Ruben Abagayan	Data deposited by lfnothias	Cat	332.331	0.0	1.0	16287711					3.0	Positive	GNPS-NIST14-MATCHES	332.331	UPDATE-SINGLE-ANNOTATED-BRONZE	Bronze											mzspec:GNPS:GNPS-LIBRARY:CCMSLIB00003139865	False	False	VALID	isolate_only
303	6	333.335652669271	1	333.335652669271	0.0	713.0939999999999	6	0	0	0	0	0	0	0	0	6	0	0	0	0	0	0	0	0	0	0	0	6	0	0	0	0	G1	Salipiger_C3M06	8-C3M06.mzML	78	CCMSLIB00003139865	303.0	specs_ms.mgf	GNPS-NIST14-MATCHES.mgf	0.825135	85960.3	713.19	3023.1	6.0	1.00467	333.336	1.0	temp/specs_ms.mgf303	1.0	Spectral Match to Benzyltetradecyldimethylammonium from NIST14	ESI	QqQ	Isolated	Data from Pieter Dorrestein;Ruben Abagayan	Data deposited by lfnothias	Cat	332.331	0.0	1.0	16287711					3.0	Positive	GNPS-NIST14-MATCHES	332.331	UPDATE-SINGLE-ANNOTATED-BRONZE	Bronze											mzspec:GNPS:GNPS-LIBRARY:CCMSLIB00003139865	False	True	FLAGGED	isolate_only
311	4	351.21145629882847	1	351.21145629882847	0.0	421.747	4	0	0	0	0	2	0	2	0	0	0	0	0	0	0	0	0	2	0	2	0	0	0	0	0	0	G1	Shewanella_B2R08,Colwellia_C2M19	4-B2R08.mzML,6-C2M19.mzML	-1	CCMSLIB00012757990	311.0	specs_ms.mgf	MSNLIB-POSITIVE.mgf	0.874546	12470.4	421.312	2843.87	6.0	1.00165	351.211	1.0	temp/specs_ms.mgf311	1.0	Z1589946986	ESI	Orbitrap	Commercial	Tomas Pluskal	Corinna Brungs	[M+H]+	352.213	351.206	1.0			Cc1n[nH]c(C)c1C1CCCN1C(=O)NCCc1c[nH]c2ccccc12	InChI=1S/C20H25N5O/c1-13-19(14(2)24-23-13)18-8-5-11-25(18)20(26)21-10-9-15-12-22-17-7-4-3-6-16(15)17/h3-4,6-7,12,18,22H,5,8-11H2,1-2H3,(H,21,26)(H,23,24)	DDJFVVSRGCYCJN-UHFFFAOYSA-N	1.0	Positive	MSNLIB-POSITIVE	352.213	UPDATE-SINGLE-ANNOTATED-GOLD	Gold		C20H25N5O	DDJFVVSRGCYCJN-UHFFFAOYSA-N	DDJFVVSRGCYCJN				Tryptophan alkaloids	Carboline alkaloids	Alkaloids	mzspec:GNPS:GNPS-LIBRARY:CCMSLIB00012757990	False	True	FLAGGED	isolate_only
320	38	360.3626596551191	1	360.3626596551189	0.0	787.094947368421	38	0	2	4	6	6	0	2	2	6	6	4	0	0	2	4	6	6	0	2	2	6	6	4	0	0	G1	Vibrio_1A01,Vibrio_6D03,Phaeobacter_B2R04,Shewanella_B2R08,Colwellia_C2M19,Paracoccus_C2R07,Salipiger_C3M06,Acinetobacter_D3M06,Arenibacter_D3M17	1-1A01.mzML,2-6D03.mzML,3-B2R04.mzML,4-B2R08.mzML,6-C2M19.mzML,7-C2R07_2.mzML,8-C3M06.mzML,9-D3M06.mzML,10-D3M17.mzML	78	CCMSLIB00012338206	320.0	specs_ms.mgf	MSNLIB-POSITIVE.mgf	0.930141	74857.3	783.423	2.20183	6.0	0.000793457	360.363	1.0	temp/specs_ms.mgf320	1.0	Cetalkonium	ESI	Orbitrap	Crude	Tomas Pluskal	Corinna Brungs	[M]+	360.362	360.362	1.0			CCCCCCCCCCCCCCCC[N+](C)(C)Cc1ccccc1	InChI=1S/C25H46N/c1-4-5-6-7-8-9-10-11-12-13-14-15-16-20-23-26(2,3)24-25-21-18-17-19-22-25/h17-19,21-22H,4-16,20,23-24H2,1-3H3/q+1	QDYLMAYUEZBUFO-UHFFFAOYSA-N	1.0	Positive	MSNLIB-POSITIVE	360.362	UPDATE-SINGLE-ANNOTATED-GOLD	Gold			QDYLMAYUEZBUFO-UHFFFAOYSA-N	QDYLMAYUEZBUFO	Benzenoids	Benzene and substituted derivatives	Phenylmethylamines				mzspec:GNPS:GNPS-LIBRARY:CCMSLIB00012338206	False	False	VALID	isolate_only
321	6	362.92556762695307	1	362.92556762695307	0.0	134.6308333333333	6	0	0	0	0	0	0	0	0	0	0	0	6	0	0	0	0	0	0	0	0	0	0	0	6	0	G1	Motilimonas_G1M02	11-G1M02.mzML	117	CCMSLIB00012839796	321.0	specs_ms.mgf	MSNLIB-POSITIVE.mgf	0.81445	7121.7	132.92	3406.19	6.0	1.24042	362.926	1.0	temp/specs_ms.mgf321	1.0	Z1145039212	ESI	Orbitrap	Commercial	Tomas Pluskal	Corinna Brungs	[M+H]+	364.166	363.158	1.0			CN(C(=O)c1nn(Cc2ccccc2)c(=O)c2ccccc12)C1CCOC1	InChI=1S/C21H21N3O3/c1-23(16-11-12-27-14-16)21(26)19-17-9-5-6-10-18(17)20(25)24(22-19)13-15-7-3-2-4-8-15/h2-10,16H,11-14H2,1H3	OMICZSPBWPBNLD-UHFFFAOYSA-N	1.0	Positive	MSNLIB-POSITIVE	364.166	UPDATE-SINGLE-ANNOTATED-GOLD	Gold		C21H21N3O3	OMICZSPBWPBNLD-UHFFFAOYSA-N	OMICZSPBWPBNLD							mzspec:GNPS:GNPS-LIBRARY:CCMSLIB00012839796	False	True	FLAGGED	isolate_only
325	13	371.22789353590775	1	371.22789353590775	0.0	439.2043076923077	13	0	3	1	0	4	0	2	0	0	0	3	0	0	3	1	0	4	0	2	0	0	0	3	0	0	G1	Vibrio_1A01,Vibrio_6D03,Shewanella_B2R08,Colwellia_C2M19,Arenibacter_D3M17	1-1A01.mzML,2-6D03.mzML,4-B2R08.mzML,6-C2M19.mzML,10-D3M17.mzML	82	CCMSLIB00010122719	325.0	specs_ms.mgf	BERKELEY-LAB.mgf	0.703424	8020.6	438.533	5126.19	6.0	1.91278	371.226	1.0	temp/specs_ms.mgf325	1.0	3-(4-hydroxyphenyl)-2-{2-[(phenylmethoxy)carbonylamino]acetylamino}propanoic a cid CollisionEnergy:205060	LC-ESI	Orbitrap	Commercial	Trent Northen	JGI	M+H	373.139	0.0	1.0			O=C(O)C(Cc1ccc(O)cc1)N=C(O)CN=C(O)OCc1ccccc1	"""InChI=1S/C19H20N2O6/c22-15-8-6-13(7-9-15)10-16(18(24)25)21-17(23)11-20-19(26)27-12-14-4-2-1-3-5-14/h1-9,16,22H,10-12H2,(H,20,26)(H,21,23)(H,24,25)"""		3.0	Positive	BERKELEY-LAB	373.139	UPDATE-SINGLE-ANNOTATED-BRONZE	Bronze		C19H20N2O6	YYPNBRMRXNXSDE-UHFFFAOYSA-N	YYPNBRMRXNXSDE	Organic acids and derivatives	Carboxylic acids and derivatives	Amino acids, peptides, and analogues			Shikimates and Phenylpropanoids	mzspec:GNPS:GNPS-LIBRARY:CCMSLIB00010122719	False	True	FLAGGED	isolate_only
328	9	373.2737664116751	1	373.2737664116751	0.0	617.4266666666667	9	0	0	1	1	0	1	1	1	1	1	2	0	0	0	1	1	0	1	1	1	1	1	2	0	0	G1	Vibrio_6D03,Phaeobacter_B2R04,Roseovarius_B2R09,Colwellia_C2M19,Paracoccus_C2R07,Salipiger_C3M06,Acinetobacter_D3M06,Arenibacter_D3M17	2-6D03.mzML,3-B2R04.mzML,5-B2R09.mzML,6-C2M19.mzML,7-C2R07_2.mzML,8-C3M06.mzML,9-D3M06.mzML,10-D3M17.mzML	8	CCMSLIB00012361803	328.0	specs_ms.mgf	MSNLIB-POSITIVE.mgf	0.870919	49160.2	616.955	0.163513	13.0	6.10352e-05	373.274	1.0	temp/specs_ms.mgf328	1.0	cholic acid	ESI	Orbitrap	Crude	Tomas Pluskal	Corinna Brungs	[M+H-2H2O]+	373.274	408.288	1.0			C[C@H](CCC(=O)O)[C@H]1CC[C@H]2[C@@H]3[C@H](O)C[C@@H]4C[C@H](O)CC[C@]4(C)[C@H]3C[C@H](O)[C@]12C	InChI=1S/C24H40O5/c1-13(4-7-21(28)29)16-5-6-17-22-18(12-20(27)24(16,17)3)23(2)9-8-15(25)10-14(23)11-19(22)26/h13-20,22,25-27H,4-12H2,1-3H3,(H,28,29)/t13-,14+,15-,16-,17+,18+,19-,20+,22+,23+,24-/m1/s1	BHQCQFFYRZLCQQ-OELDTZBJSA-N	1.0	Positive	MSNLIB-POSITIVE	373.274	UPDATE-SINGLE-ANNOTATED-GOLD	Gold		C24H40O5	BHQCQFFYRZLCQQ-OELDTZBJSA-N	BHQCQFFYRZLCQQ	Lipids and lipid-like molecules	Steroids and steroid derivatives	Bile acids, alcohols and derivatives	Steroids	Cholane steroids	Terpenoids	mzspec:GNPS:GNPS-LIBRARY:CCMSLIB00012361803	False	False	VALID	isolate_only
348	8	415.21086120605503	1	415.21086120605503	0.0	731.0982499999999	8	0	0	0	0	0	0	0	2	4	0	2	0	0	0	0	0	0	0	0	2	4	0	2	0	0	G1	Paracoccus_C2R07,Salipiger_C3M06,Arenibacter_D3M17	7-C2R07_2.mzML,8-C3M06.mzML,10-D3M17.mzML	-1	CCMSLIB00010139347	348.0	specs_ms.mgf	MCE-DRUG.mgf	0.890981	7038.5	731.173	0.367495	6.0	0.000152588	415.211	1.0	temp/specs_ms.mgf348	1.0	Trospium	ESI	Orbitrap	Crude	Tomas Pluskal	Corinna Brungs	M+H	415.211	392.222	1.0			O=C(OC1C[C@H]2CC[C@@H](C1)[N+]21CCCC1)C(O)(c1ccccc1)c1ccccc1	"""InChI=1S/C25H30NO3/c27-24(25(28,19-9-3-1-4-10-19)20-11-5-2-6-12-20)29-23-17-21-13-14-22(18-23)26(21)15-7-8-16-26/h1-6,9-12,21-23,28H,7-8,13-18H2/q+1/t21-,22+,23?"""	OYYDSUSKLWTMMQ-AIZNXBIQSA-N	3.0	Positive	MCE-DRUG	415.211	UPDATE-SINGLE-ANNOTATED-BRONZE	Bronze			OYYDSUSKLWTMMQ-AIZNXBIQSA-N	OYYDSUSKLWTMMQ	Benzenoids	Benzene and substituted derivatives	Diphenylmethanes				mzspec:GNPS:GNPS-LIBRARY:CCMSLIB00010139347	False	False	VALID	isolate_only
356	28	426.3215767996653	1	426.32157679966537	0.0	617.7226785714286	28	0	2	3	3	3	3	3	3	3	3	2	0	0	2	3	3	3	3	3	3	3	3	2	0	0	G1	Vibrio_1A01,Vibrio_6D03,Phaeobacter_B2R04,Shewanella_B2R08,Roseovarius_B2R09,Colwellia_C2M19,Paracoccus_C2R07,Salipiger_C3M06,Acinetobacter_D3M06,Arenibacter_D3M17	1-1A01.mzML,2-6D03.mzML,3-B2R04.mzML,4-B2R08.mzML,5-B2R09.mzML,6-C2M19.mzML,7-C2R07_2.mzML,8-C3M06.mzML,9-D3M06.mzML,10-D3M17.mzML	8	CCMSLIB00004691588	356.0	specs_ms.mgf	MONA.mgf	0.874554	43229.3	617.338	1.36009	17.0	0.000579834	426.322	1.0	temp/specs_ms.mgf356	1.0	Cholic Acid		ESI-QFT	isolated	MoNA	MoNA:VF-NPL-QEHF000525	[M+NH4]+	426.321	0.0	1.0			C[C@H](CCC(=O)O)[C@H]1CC[C@H]2[C@@H]3[C@H](O)C[C@@H]4C[C@H](O)CC[C@]4(C)[C@H]3C[C@H](O)[C@]12C	InChI=1S/C24H40O5/c1-13(4-7-21(28)29)16-5-6-17-22-18(12-20(27)24(16,17)3)23(2)9-8-15(25)10-14(23)11-19(22)26/h13-20,22,25-27H,4-12H2,1-3H3,(H,28,29)/t13-,14+,15-,16-,17+,18+,19-,20+,22+,23+,24-/m1/s1		3.0	positive	MONA	426.321	UPDATE-SINGLE-ANNOTATED-BRONZE	Bronze		C24H40O5	BHQCQFFYRZLCQQ-OELDTZBJSA-N	BHQCQFFYRZLCQQ	Lipids and lipid-like molecules	Steroids and steroid derivatives	Bile acids, alcohols and derivatives	Steroids	Cholane steroids	Terpenoids	mzspec:GNPS:GNPS-LIBRARY:CCMSLIB00004691588	False	False	VALID	isolate_only
357	11	426.32111150568176	1	426.32111150568176	0.0	617.1342727272727	11	0	0	1	2	1	1	2	0	0	3	1	0	0	0	1	2	1	1	2	0	0	3	1	0	0	G1	Vibrio_6D03,Phaeobacter_B2R04,Shewanella_B2R08,Roseovarius_B2R09,Colwellia_C2M19,Acinetobacter_D3M06,Arenibacter_D3M17	2-6D03.mzML,3-B2R04.mzML,4-B2R08.mzML,5-B2R09.mzML,6-C2M19.mzML,9-D3M06.mzML,10-D3M17.mzML	8	CCMSLIB00012361811	357.0	specs_ms.mgf	MSNLIB-POSITIVE.mgf	0.809839	17938.6	617.744	0.357918	12.0	0.000152588	426.321	1.0	temp/specs_ms.mgf357	1.0	cholic acid	ESI	Orbitrap	Crude	Tomas Pluskal	Corinna Brungs	[M+NH4]+	426.321	408.288	1.0			C[C@H](CCC(=O)O)[C@H]1CC[C@H]2[C@@H]3[C@H](O)C[C@@H]4C[C@H](O)CC[C@]4(C)[C@H]3C[C@H](O)[C@]12C	InChI=1S/C24H40O5/c1-13(4-7-21(28)29)16-5-6-17-22-18(12-20(27)24(16,17)3)23(2)9-8-15(25)10-14(23)11-19(22)26/h13-20,22,25-27H,4-12H2,1-3H3,(H,28,29)/t13-,14+,15-,16-,17+,18+,19-,20+,22+,23+,24-/m1/s1	BHQCQFFYRZLCQQ-OELDTZBJSA-N	1.0	Positive	MSNLIB-POSITIVE	426.321	UPDATE-SINGLE-ANNOTATED-GOLD	Gold		C24H40O5	BHQCQFFYRZLCQQ-OELDTZBJSA-N	BHQCQFFYRZLCQQ	Lipids and lipid-like molecules	Steroids and steroid derivatives	Bile acids, alcohols and derivatives	Steroids	Cholane steroids	Terpenoids	mzspec:GNPS:GNPS-LIBRARY:CCMSLIB00012361811	False	False	VALID	isolate_only
390	15	448.3059305826824	1	448.3059305826824	0.0	551.8563333333333	15	0	0	1	2	2	1	3	1	2	2	1	0	0	0	1	2	2	1	3	1	2	2	1	0	0	G1	Vibrio_6D03,Phaeobacter_B2R04,Shewanella_B2R08,Roseovarius_B2R09,Colwellia_C2M19,Paracoccus_C2R07,Salipiger_C3M06,Acinetobacter_D3M06,Arenibacter_D3M17	2-6D03.mzML,3-B2R04.mzML,4-B2R08.mzML,5-B2R09.mzML,6-C2M19.mzML,7-C2R07_2.mzML,8-C3M06.mzML,9-D3M06.mzML,10-D3M17.mzML	8	CCMSLIB00005435514	390.0	specs_ms.mgf	BILELIB19.mgf	0.731608	24252.7	551.099	0.408439	15.0	0.000183105	448.306	1.0	temp/specs_ms.mgf390	1.0	glycocholic acid	ESI	Orbitrap	commercial	Dorrestein	A. Jarmusch	M-H2O+H	448.306	465.309	1.0	475-31-0		C[C@H](CCC(=O)NCC(=O)O)[C@H]1CC[C@@H]2[C@@]1([C@H](C[C@H]3[C@H]2[C@@H](C[C@H]4[C@@]3(CC[C@H](C4)O)C)O)O)C	1S/C26H43NO6/c1-14(4-7-22(31)27-13-23(32)33)17-5-6-18-24-19(12-21(30)26(17,18)3)25(2)9-8-16(28)10-15(25)11-20(24)29/h14-21,24,28-30H,4-13H2,1-3H3,(H,27,31)(H,32,33)/t14?,15-,16+,17+,18-,19-,20+,21-,24-,25?,26?/m0/s1		1.0	Positive	BILELIB19	448.306	UPDATE-SINGLE-ANNOTATED-GOLD	Gold		C26H43NO6	RFDAIACWWDREDC-FRVQLJSFSA-N	RFDAIACWWDREDC	Lipids and lipid-like molecules	Steroids and steroid derivatives	Bile acids, alcohols and derivatives	Steroids	Cholane steroids	Terpenoids	mzspec:GNPS:GNPS-LIBRARY:CCMSLIB00005435514	False	False	VALID	isolate_only
392	2	448.305887858073	1	448.305887858073	0.0	549.8354999999999	2	0	0	0	1	0	0	0	1	0	0	0	0	0	0	0	1	0	0	0	1	0	0	0	0	0	G1	Phaeobacter_B2R04,Paracoccus_C2R07	3-B2R04.mzML,7-C2R07_2.mzML	8	CCMSLIB00005464592	392.0	specs_ms.mgf	GNPS-MSMLS.mgf	0.743677	17868.2	549.483	1.83798	17.0	0.000823975	448.306	1.0	temp/specs_ms.mgf392	1.0	GLYCOCHOLATE	ESI	Orbitrap	Commercial	Dorrestein	Kelly Weldon	M-H2O+H	448.305	465.309	1.0	475-31-0		[H][C@@]12CC[C@H]([C@H](C)CCC(=O)NCC(O)=O)[C@@]1(C)[C@@H](O)C[C@@]1([H])[C@@]2([H])[C@H](O)CC2C[C@H](O)CC[C@]12C	"""InChI=1S/C26H43NO6/c1-14(4-7-22(31)27-13-23(32)33)17-5-6-18-24-19(12-21(30)26(17,18)3)25(2)9-8-16(28)10-15(25)11-20(24)29/h14-21,24,28-30H,4-13H2,1-3H3,(H,27,31)(H,32,33)/t14-,15?,16-,17-,18+,19+,20-,21+,24+,25+,26-/m1/s1"""		1.0	Positive	GNPS-MSMLS	448.305	UPDATE-SINGLE-ANNOTATED-GOLD	Gold		C26H43NO6	RFDAIACWWDREDC-MZMBZMQMSA-N	RFDAIACWWDREDC	Lipids and lipid-like molecules	Steroids and steroid derivatives	Bile acids, alcohols and derivatives	Steroids	Cholane steroids	Terpenoids	mzspec:GNPS:GNPS-LIBRARY:CCMSLIB00005464592	False	False	VALID	isolate_only
393	2	448.30598449707	1	448.30598449707	0.0	552.5755	2	0	0	0	0	0	0	0	1	0	0	1	0	0	0	0	0	0	0	0	1	0	0	1	0	0	G1	Paracoccus_C2R07,Arenibacter_D3M17	7-C2R07_2.mzML,10-D3M17.mzML	8	CCMSLIB00005435514	393.0	specs_ms.mgf	BILELIB19.mgf	0.724478	24749.5	550.579	0.0680731	14.0	3.05176e-05	448.306	1.0	temp/specs_ms.mgf393	1.0	glycocholic acid	ESI	Orbitrap	commercial	Dorrestein	A. Jarmusch	M-H2O+H	448.306	465.309	1.0	475-31-0		C[C@H](CCC(=O)NCC(=O)O)[C@H]1CC[C@@H]2[C@@]1([C@H](C[C@H]3[C@H]2[C@@H](C[C@H]4[C@@]3(CC[C@H](C4)O)C)O)O)C	1S/C26H43NO6/c1-14(4-7-22(31)27-13-23(32)33)17-5-6-18-24-19(12-21(30)26(17,18)3)25(2)9-8-16(28)10-15(25)11-20(24)29/h14-21,24,28-30H,4-13H2,1-3H3,(H,27,31)(H,32,33)/t14?,15-,16+,17+,18-,19-,20+,21-,24-,25?,26?/m0/s1		1.0	Positive	BILELIB19	448.306	UPDATE-SINGLE-ANNOTATED-GOLD	Gold		C26H43NO6	RFDAIACWWDREDC-FRVQLJSFSA-N	RFDAIACWWDREDC	Lipids and lipid-like molecules	Steroids and steroid derivatives	Bile acids, alcohols and derivatives	Steroids	Cholane steroids	Terpenoids	mzspec:GNPS:GNPS-LIBRARY:CCMSLIB00005435514	False	False	VALID	isolate_only
396	10	450.3215810139973	1	450.3215810139974	0.0	638.7507	10	0	0	1	1	0	0	1	2	2	2	1	0	0	0	1	1	0	0	1	2	2	2	1	0	0	G1	Vibrio_6D03,Phaeobacter_B2R04,Colwellia_C2M19,Paracoccus_C2R07,Salipiger_C3M06,Acinetobacter_D3M06,Arenibacter_D3M17	2-6D03.mzML,3-B2R04.mzML,6-C2M19.mzML,7-C2R07_2.mzML,8-C3M06.mzML,9-D3M06.mzML,10-D3M17.mzML	8	CCMSLIB00005738045	396.0	specs_ms.mgf	MASSBANK.mgf	0.787302	23000.4	638.962	0.745453	16.0	0.000335693	450.321	1.0	temp/specs_ms.mgf396	1.0	Massbank:RP005403 Glycodeoxycholic acid|2-[[(4R)-4-[(3R,8R,9S,10S,12S,13R,14S,17R)-3,12-dihydroxy-10,13-dimethyl-2,3,4,5,6,7,8,9,11,12,14,15,16,17-tetradecahydro-1H-cyclopenta[a]phenanthren-17-yl]pentanoyl]amino]acetic	ESI	qTof	Isolated	Massbank	Massbank	M+H	450.321	0.0	1.0	360-65-6		C[C@H](CCC(=O)NCC(=O)O)[C@H]1CC[C@@H]2[C@@]1([C@H](C[C@H]3[C@H]2CCC4[C@@]3(CC[C@H](C4)O)C)O)C	1S/C26H43NO5/c1-15(4-9-23(30)27-14-24(31)32)19-7-8-20-18-6-5-16-12-17(28)10-11-25(16,2)21(18)13-22(29)26(19,20)3/h15-22,28-29H,4-14H2,1-3H3,(H,27,30)(H,31,32)/t15-,16?,17-,18+,19-,20+,21+,22+,25+,26-/m1/s1		3.0	Positive	MASSBANK	450.321	UPDATE-SINGLE-ANNOTATED-BRONZE	Bronze		C26H43NO5	WVULKSPCQVQLCU-XMPMLJJQSA-N	WVULKSPCQVQLCU	Lipids and lipid-like molecules	Steroids and steroid derivatives	Bile acids, alcohols and derivatives	Steroids	Cholane steroids	Terpenoids	mzspec:GNPS:GNPS-LIBRARY:CCMSLIB00005738045	False	False	VALID	isolate_only
417	3	480.27746582031233	1	480.27746582031233	0.0	606.7813333333332	3	0	0	0	1	0	0	0	1	0	0	1	0	0	0	0	1	0	0	0	1	0	0	1	0	0	G1	Phaeobacter_B2R04,Paracoccus_C2R07,Arenibacter_D3M17	3-B2R04.mzML,7-C2R07_2.mzML,10-D3M17.mzML	8	CCMSLIB00005435563	417.0	specs_ms.mgf	BILELIB19.mgf	0.706671	8580.2	604.155	2.98644	13.0	0.00143433	480.278	1.0	temp/specs_ms.mgf417	1.0	taurocholic acid	ESI	Orbitrap	commercial	Dorrestein	A. Jarmusch	M-2H2O+H	480.279	515.292	1.0	?81-24-3		C[C@H](CCC(=O)NCCS(=O)(=O)O)[C@H]1CC[C@@H]2[C@@]1([C@H](C[C@H]3[C@H]2[C@@H](C[C@H]4[C@@]3(CC[C@H](C4)O)C)O)O)C	1S/C26H45NO7S/c1-15(4-7-23(31)27-10-11-35(32,33)34)18-5-6-19-24-20(14-22(30)26(18,19)3)25(2)9-8-17(28)12-16(25)13-21(24)29/h15-22,24,28-30H,4-14H2,1-3H3,(H,27,31)(H,32,33,34)/t15?,16-,17+,18+,19-,20-,21+,22-,24-,25?,26?/m0/s1		1.0	Positive	BILELIB19	480.279	UPDATE-SINGLE-ANNOTATED-GOLD	Gold		C26H45NO7S	WBWWGRHZICKQGZ-HZAMXZRMSA-N	WBWWGRHZICKQGZ	Lipids and lipid-like molecules	Steroids and steroid derivatives	Bile acids, alcohols and derivatives	Steroids	Cholane steroids	Terpenoids	mzspec:GNPS:GNPS-LIBRARY:CCMSLIB00005435563	False	False	VALID	isolate_only
451	17	516.2985935585173	1	516.2985935585174	0.0	606.6096470588235	17	0	0	3	3	2	1	1	2	3	0	2	0	0	0	3	3	2	1	1	2	3	0	2	0	0	G1	Vibrio_6D03,Phaeobacter_B2R04,Shewanella_B2R08,Roseovarius_B2R09,Colwellia_C2M19,Paracoccus_C2R07,Salipiger_C3M06,Arenibacter_D3M17	2-6D03.mzML,3-B2R04.mzML,4-B2R08.mzML,5-B2R09.mzML,6-C2M19.mzML,7-C2R07_2.mzML,8-C3M06.mzML,10-D3M17.mzML	8	CCMSLIB00003136277	451.0	specs_ms.mgf	GNPS-NIST14-MATCHES.mgf	0.77582	13683.9	605.26	0.472867	16.0	0.000244141	516.299	1.0	temp/specs_ms.mgf451	1.0	Spectral Match to Taurocholic acid from NIST14	ESI	Q-TOF	Isolated	Data from Joshua Wollam	Data deposited by fevargas	M+H	516.299	0.0	1.0	81243					3.0	Positive	GNPS-NIST14-MATCHES	516.299	UPDATE-SINGLE-ANNOTATED-BRONZE	Bronze											mzspec:GNPS:GNPS-LIBRARY:CCMSLIB00003136277	False	False	VALID	isolate_only
453	2	516.298736572266	1	516.298736572266	0.0	608.043	2	0	0	0	0	0	1	0	1	0	0	0	0	0	0	0	0	0	1	0	1	0	0	0	0	0	G1	Roseovarius_B2R09,Paracoccus_C2R07	5-B2R09.mzML,7-C2R07_2.mzML	8	CCMSLIB00003136277	453.0	specs_ms.mgf	GNPS-NIST14-MATCHES.mgf	0.720366	12607.5	607.646	0.472867	14.0	0.000244141	516.299	1.0	temp/specs_ms.mgf453	1.0	Spectral Match to Taurocholic acid from NIST14	ESI	Q-TOF	Isolated	Data from Joshua Wollam	Data deposited by fevargas	M+H	516.299	0.0	1.0	81243					3.0	Positive	GNPS-NIST14-MATCHES	516.299	UPDATE-SINGLE-ANNOTATED-BRONZE	Bronze											mzspec:GNPS:GNPS-LIBRARY:CCMSLIB00003136277	False	False	VALID	isolate_only
459	3	522.354919433594	1	522.354919433594	0.0	797.4	3	0	0	0	3	0	0	0	0	0	0	0	0	0	0	0	3	0	0	0	0	0	0	0	0	0	G1	Phaeobacter_B2R04	3-B2R04.mzML	169	CCMSLIB00003136940	459.0	specs_ms.mgf	GNPS-NIST14-MATCHES.mgf	0.937317	42229.9	798.376	0.116846	12.0	6.10352e-05	522.355	1.0	temp/specs_ms.mgf459	1.0	Spectral Match to 1-(9Z-Octadecenoyl)-sn-glycero-3-phosphocholine from NIST14	ESI	qTof	Isolated	Data from Joshua Wollam	Data deposited by fevargas	M+H	522.355	521.348	1.0	19420565		CCCCCCCC/C=C\CCCCCCCC(=O)OC[C@H](COP(=O)([O-])OCC[N+](C)(C)C)O	InChI=1S/C26H52NO7P/c1-5-6-7-8-9-10-11-12-13-14-15-16-17-18-19-20-26(29)32-23-25(28)24-34-35(30,31)33-22-21-27(2,3)4/h12-13,25,28H,5-11,14-24H2,1-4H3/b13-12-/t25-/m1/s1		3.0	Positive	GNPS-NIST14-MATCHES	522.355	UPDATE-SINGLE-ANNOTATED-BRONZE	Bronze			YAMUFBLWGFFICM-PTGWMXDISA-N	YAMUFBLWGFFICM	Lipids and lipid-like molecules	Glycerophospholipids	Glycerophosphocholines				mzspec:GNPS:GNPS-LIBRARY:CCMSLIB00003136940	False	False	VALID	isolate_only
460	3	522.354919433594	1	522.354919433594	0.0	797.592	3	0	0	0	3	0	0	0	0	0	0	0	0	0	0	0	3	0	0	0	0	0	0	0	0	0	G1	Phaeobacter_B2R04	3-B2R04.mzML	169	CCMSLIB00003139797	460.0	specs_ms.mgf	GNPS-NIST14-MATCHES.mgf	0.86215	41186.4	798.568	2.10323	7.0	0.00109863	522.355	1.0	temp/specs_ms.mgf460	1.0	Spectral Match to 1-(9Z-Octadecenoyl)-sn-glycero-3-phosphocholine from NIST14	ESI	qTof	Isolated	Data from James McKerrow	Data deposited by lamccall	M+H	522.356	521.348	1.0	19420565		CCCCCCCC/C=C\CCCCCCCC(=O)OC[C@H](COP(=O)([O-])OCC[N+](C)(C)C)O	InChI=1S/C26H52NO7P/c1-5-6-7-8-9-10-11-12-13-14-15-16-17-18-19-20-26(29)32-23-25(28)24-34-35(30,31)33-22-21-27(2,3)4/h12-13,25,28H,5-11,14-24H2,1-4H3/b13-12-/t25-/m1/s1		3.0	Positive	GNPS-NIST14-MATCHES	522.356	UPDATE-SINGLE-ANNOTATED-BRONZE	Bronze			YAMUFBLWGFFICM-PTGWMXDISA-N	YAMUFBLWGFFICM	Lipids and lipid-like molecules	Glycerophospholipids	Glycerophosphocholines				mzspec:GNPS:GNPS-LIBRARY:CCMSLIB00003139797	False	False	VALID	isolate_only
486	26	538.2799682617189	1	538.2799682617189	0.0	609.395	26	0	0	2	2	2	4	4	4	2	0	6	0	0	0	2	2	2	4	4	4	2	0	6	0	0	G1	Vibrio_6D03,Phaeobacter_B2R04,Shewanella_B2R08,Roseovarius_B2R09,Colwellia_C2M19,Paracoccus_C2R07,Salipiger_C3M06,Arenibacter_D3M17	2-6D03.mzML,3-B2R04.mzML,4-B2R08.mzML,5-B2R09.mzML,6-C2M19.mzML,7-C2R07_2.mzML,8-C3M06.mzML,10-D3M17.mzML	-1	CCMSLIB00003136458	486.0	specs_ms.mgf	GNPS-NIST14-MATCHES.mgf	0.738861	10868.4	608.029	1.36067	10.0	0.000732422	538.28	1.0	temp/specs_ms.mgf486	1.0	Spectral Match to Taurocholic acid from NIST14	ESI	qTof	Isolated	Data from Joshua Wollam	Data deposited by fevargas	M+Na	538.281	515.292	1.0	81243		C[C@H](CCC(=O)NCCS(=O)(=O)O)[C@H]1CC[C@@H]2[C@@]1([C@H](C[C@H]3[C@H]2[C@@H](C[C@H]4[C@@]3(CC[C@H](C4)O)C)O)O)C	InChI=1S/C26H45NO7S/c1-15(4-7-23(31)27-10-11-35(32,33)34)18-5-6-19-24-20(14-22(30)26(18,19)3)25(2)9-8-17(28)12-16(25)13-21(24)29/h15-22,24,28-30H,4-14H2,1-3H3,(H,27,31)(H,32,33,34)/t15-,16+,17-,18-,19+,20+,21-,22+,24+,25+,26-/m1/s1		3.0	Positive	GNPS-NIST14-MATCHES	538.281	UPDATE-SINGLE-ANNOTATED-BRONZE	Bronze		C26H45NO7S	WBWWGRHZICKQGZ-HZAMXZRMSA-N	WBWWGRHZICKQGZ	Lipids and lipid-like molecules	Steroids and steroid derivatives	Bile acids, alcohols and derivatives	Steroids	Cholane steroids	Terpenoids	mzspec:GNPS:GNPS-LIBRARY:CCMSLIB00003136458	False	False	VALID	isolate_only
511	15	570.4203803168405	1	570.4203803168406	0.0	872.1976666666667	15	0	0	1	1	0	2	4	2	0	2	3	0	0	0	1	1	0	2	4	2	0	2	3	0	0	G1	Vibrio_6D03,Phaeobacter_B2R04,Roseovarius_B2R09,Colwellia_C2M19,Paracoccus_C2R07,Acinetobacter_D3M06,Arenibacter_D3M17	2-6D03.mzML,3-B2R04.mzML,5-B2R09.mzML,6-C2M19.mzML,7-C2R07_2.mzML,9-D3M06.mzML,10-D3M17.mzML	3	CCMSLIB00004715668	511.0	specs_ms.mgf	MONA.mgf	0.73228	22937.7	871.024	2168.67	6.0	1.23438	570.42	1.0	temp/specs_ms.mgf511	1.0	5-methoxy-3-methyl-4-[(2S,3R,4S,5S,6R)-3,4,5-trihydroxy-6-[[(2R,3R,4S,5S,6R)-3,4,5-trihydroxy-6-(hydroxymethyl)oxan-2-yl]oxymethyl]oxan-2-yl]oxy-3H-benzo[f][2]benzofuran-1-one		ESI-QFT	isolated	MoNA	MoNA:VF-NPL-QEHF024605	[M+H]+	569.186	0.0	1.0			COc1cccc2cc3c(c(O[C@@H]4O[C@H](CO[C@@H]5O[C@H](CO)[C@@H](O)[C@H](O)[C@H]5O)[C@@H](O)[C@H](O)[C@H]4O)c12)C(C)OC3=O	InChI=1S/C26H32O14/c1-9-15-11(24(34)37-9)6-10-4-3-5-12(35-2)16(10)23(15)40-26-22(33)20(31)18(29)14(39-26)8-36-25-21(32)19(30)17(28)13(7-27)38-25/h3-6,9,13-14,17-22,25-33H,7-8H2,1-2H3/t9?,13-,14-,17-,18-,19+,20+,21-,22-,25-,26+/m1/s1		3.0	positive	MONA	569.186	UPDATE-SINGLE-ANNOTATED-BRONZE	Bronze		C26H32O14	PAEOIXITAYMQRF-BYSCJPLWSA-N	PAEOIXITAYMQRF	Organic oxygen compounds	Organooxygen compounds	Carbohydrates and carbohydrate conjugates	Naphthalenes	Naphthalenes and derivatives	Polyketides	mzspec:GNPS:GNPS-LIBRARY:CCMSLIB00004715668	False	True	FLAGGED	isolate_only
555	12	625.5551554361981	1	625.5551554361981	0.0	17.15056944444444	12	0	6	6	0	0	0	0	0	0	0	0	0	0	6	6	0	0	0	0	0	0	0	0	0	0	G1	Vibrio_1A01,Vibrio_6D03	1-1A01.mzML,2-6D03.mzML	47	CCMSLIB00006678144	555.0	specs_ms.mgf	GNPS-LIBRARY.mgf	0.722508	18011.5	1029.01	14.2453	11.0	0.00891113	625.56	1.0	temp/specs_ms.mgf555	1.0	OL (32:0)	LC-ESI	Orbitrap	Other	S Ding	Su Ding	M+H	625.551	0.0	1.0						3.0	Positive	GNPS-LIBRARY	625.551	UPDATE-SINGLE-ANNOTATED-BRONZE	Bronze											mzspec:GNPS:GNPS-LIBRARY:CCMSLIB00006678144	False	False	VALID	isolate_only
575	6	667.322672526042	1	667.322672526042	0.0	404.3128333333333	6	0	0	0	2	0	2	0	2	0	0	0	0	0	0	0	2	0	2	0	2	0	0	0	0	0	G1	Phaeobacter_B2R04,Roseovarius_B2R09,Paracoccus_C2R07	3-B2R04.mzML,5-B2R09.mzML,7-C2R07_2.mzML	65	CCMSLIB00004693103	575.0	specs_ms.mgf	MONA.mgf	0.767812	29780.5	404.838	1619.2	8.0	1.08228	667.321	1.0	temp/specs_ms.mgf575	1.0	7-benzyl-11,14,20-trimethyl-16-(2-methylpropyl)-10,13-di(propan-2-yl)-17-oxa-1,5,8,11,14-pentazabicyclo[17.3.0]docosane-2,6,9,12,15,18-hexone		ESI-QFT	isolated	MoNA	MoNA:VF-NPL-QEHF002040	[M-H]-	668.403	0.0	1.0			CC(C)CC1OC(=O)C2C(C)CCN2C(=O)CCN=C(O)C(Cc2ccccc2)N=C(O)C(C(C)C)N(C)C(=O)C(C(C)C)N(C)C1=O	InChI=1S/C36H55N5O7/c1-21(2)19-27-34(45)40(9)30(23(5)6)35(46)39(8)29(22(3)4)33(44)38-26(20-25-13-11-10-12-14-25)32(43)37-17-15-28(42)41-18-16-24(7)31(41)36(47)48-27/h10-14,21-24,26-27,29-31H,15-20H2,1-9H3,(H,37,43)(H,38,44)		3.0	negative	MONA	668.403	UPDATE-SINGLE-ANNOTATED-BRONZE	Bronze		C36H55N5O7	UCLZXGHPVJMYSQ-UHFFFAOYSA-N	UCLZXGHPVJMYSQ	Organic acids and derivatives	Peptidomimetics	Depsipeptides	Oligopeptides	Cyclic peptides|Depsipeptides	Amino acids and Peptides|Polyketides	mzspec:GNPS:GNPS-LIBRARY:CCMSLIB00004693103	False	True	FLAGGED	isolate_only
620	3	785.5922241210941	1	785.5922241210941	0.0	768.7296666666665	3	0	0	0	0	0	0	0	0	0	3	0	0	0	0	0	0	0	0	0	0	0	3	0	0	0	G1	Acinetobacter_D3M06	9-D3M06.mzML	-1	CCMSLIB00003134943	620.0	specs_ms.mgf	GNPS-NIST14-MATCHES.mgf	0.841164	12572.5	767.753	1.55387	15.0	0.0012207	785.592	1.0	temp/specs_ms.mgf620	1.0	Spectral Match to Deoxycholic acid from NIST14	ESI	qTof	Isolated	Data from Joshua Wollam	Data deposited by fevargas	2M+H	785.591	392.293	1.0	83443		C[C@H](CCC(=O)O)[C@H]1CC[C@@H]2[C@@]1([C@H](C[C@H]3[C@H]2CC[C@H]4[C@@]3(CC[C@H](C4)O)C)O)C	InChI=1S/C24H40O4/c1-14(4-9-22(27)28)18-7-8-19-17-6-5-15-12-16(25)10-11-23(15,2)20(17)13-21(26)24(18,19)3/h14-21,25-26H,4-13H2,1-3H3,(H,27,28)/t14-,15-,16-,17+,18-,19+,20+,21+,23+,24-/m1/s1		3.0	Positive	GNPS-NIST14-MATCHES	785.591	UPDATE-SINGLE-ANNOTATED-BRONZE	Bronze		C24H40O4	KXGVEGMKQFWNSR-LLQZFEROSA-N	KXGVEGMKQFWNSR	Lipids and lipid-like molecules	Steroids and steroid derivatives	Bile acids, alcohols and derivatives	Steroids	Cholane steroids	Terpenoids	mzspec:GNPS:GNPS-LIBRARY:CCMSLIB00003134943	False	False	VALID	isolate_only
634	4	839.564025878906	1	839.564025878906	0.0	621.20225	4	0	0	0	0	0	0	0	0	0	4	0	0	0	0	0	0	0	0	0	0	0	4	0	0	0	G1	Acinetobacter_D3M06	9-D3M06.mzML	-1	CCMSLIB00005465130	634.0	specs_ms.mgf	BILELIB19.mgf	0.88606	42075.1	620.489	0.0	6.0	0.0	839.564	1.0	temp/specs_ms.mgf634	1.0	"""(4R)-4-((3R,5R,6R,9S,10R,12S,13R,14S,17R)-3,6,12-trihydroxy-10,13-dimethylhexadecahydro-1H-cyclopenta[a]phenanthren-17-yl)pentanoic acid"""	ESI	qTof	crude	Dorrestein	Emily Gentry	2M+Na	839.564	408.288	1.0			C[C@H](CCC(O)=O)[C@H]1CC[C@H]2[C@]3([H])C[C@@H](O)[C@]4([H])C[C@H](O)CC[C@]4(C)[C@H]3C[C@H](O)[C@@]21C	"""InChI=1S/C24H40O5/c1-13(4-7-22(28)29)16-5-6-17-15-11-20(26)19-10-14(25)8-9-23(19,2)18(15)12-21(27)24(16,17)3/h13-21,25-27H,4-12H2,1-3H3,(H,28,29)/t13-,14-,15+,16-,17+,18+,19+,20-,21+,23-,24-/m1/s1"""		1.0	Positive	BILELIB19	839.564	UPDATE-SINGLE-ANNOTATED-GOLD	Gold		C24H40O5	GCAHOAMXTYBLNZ-KKKVDMSXSA-N	GCAHOAMXTYBLNZ	Lipids and lipid-like molecules	Steroids and steroid derivatives	Bile acids, alcohols and derivatives	Steroids	Cholane steroids	Terpenoids	mzspec:GNPS:GNPS-LIBRARY:CCMSLIB00005465130	False	False	VALID	isolate_only
656	14	931.624221801758	1	931.624221801758	0.0	554.0586428571428	14	0	0	1	0	1	1	2	2	3	2	2	0	0	0	1	0	1	1	2	2	3	2	2	0	0	G1	Vibrio_6D03,Shewanella_B2R08,Roseovarius_B2R09,Colwellia_C2M19,Paracoccus_C2R07,Salipiger_C3M06,Acinetobacter_D3M06,Arenibacter_D3M17	2-6D03.mzML,4-B2R08.mzML,5-B2R09.mzML,6-C2M19.mzML,7-C2R07_2.mzML,8-C3M06.mzML,9-D3M06.mzML,10-D3M17.mzML	8	CCMSLIB00005435517	656.0	specs_ms.mgf	BILELIB19.mgf	0.781917	57204.0	552.176	1.37581	17.0	0.00128174	931.624	1.0	temp/specs_ms.mgf656	1.0	glycocholic acid	ESI	Orbitrap	commercial	Dorrestein	A. Jarmusch	2M+H	931.625	465.309	1.0	475-31-0		C[C@H](CCC(=O)NCC(=O)O)[C@H]1CC[C@@H]2[C@@]1([C@H](C[C@H]3[C@H]2[C@@H](C[C@H]4[C@@]3(CC[C@H](C4)O)C)O)O)C	1S/C26H43NO6/c1-14(4-7-22(31)27-13-23(32)33)17-5-6-18-24-19(12-21(30)26(17,18)3)25(2)9-8-16(28)10-15(25)11-20(24)29/h14-21,24,28-30H,4-13H2,1-3H3,(H,27,31)(H,32,33)/t14?,15-,16+,17+,18-,19-,20+,21-,24-,25?,26?/m0/s1		1.0	Positive	BILELIB19	931.625	UPDATE-SINGLE-ANNOTATED-GOLD	Gold		C26H43NO6	RFDAIACWWDREDC-FRVQLJSFSA-N	RFDAIACWWDREDC	Lipids and lipid-like molecules	Steroids and steroid derivatives	Bile acids, alcohols and derivatives	Steroids	Cholane steroids	Terpenoids	mzspec:GNPS:GNPS-LIBRARY:CCMSLIB00005435517	False	False	VALID	isolate_only
666	4	953.606079101563	1	953.606079101563	0.0	554.3405	4	0	0	0	0	0	0	0	0	2	0	2	0	0	0	0	0	0	0	0	0	2	0	2	0	0	G1	Salipiger_C3M06,Arenibacter_D3M17	8-C3M06.mzML,10-D3M17.mzML	-1	CCMSLIB00005464872	666.0	specs_ms.mgf	BILELIB19.mgf	0.86887	29031.5	553.926	0.960068	9.0	0.000915527	953.606	1.0	temp/specs_ms.mgf666	1.0	"""((R)-4-((3R,5S,7S,8R,9S,10S,12S,13R,14S,17R)-3,7,12-trihydroxy-10,13-dimethylhexadecahydro-1H-cyclopenta[a]phenanthren-17-yl)pentanoyl)glycine"""	ESI	qTof	crude	Dorrestein	Emily Gentry	2M+Na	953.607	465.309	1.0			C[C@@H]([C@H]1CC[C@]2([H])[C@]1(C)[C@@H](O)C[C@@]3([H])[C@@]2([H])[C@@H](O)C[C@@]4([H])[C@]3(C)CC[C@@H](O)C4)CCC(NCC(O)=O)=O	"""InChI=1S/C26H43NO6/c1-14(4-7-22(31)27-13-23(32)33)17-5-6-18-24-19(12-21(30)26(17,18)3)25(2)9-8-16(28)10-15(25)11-20(24)29/h14-21,24,28-30H,4-13H2,1-3H3,(H,27,31)(H,32,33)/t14-,15+,16-,17-,18+,19+,20+,21+,24+,25+,26-/m1/s1"""		1.0	Positive	BILELIB19	953.607	UPDATE-SINGLE-ANNOTATED-GOLD	Gold		C26H43NO6	RFDAIACWWDREDC-IFZPJRIXSA-N	RFDAIACWWDREDC	Lipids and lipid-like molecules	Steroids and steroid derivatives	Bile acids, alcohols and derivatives	Steroids	Cholane steroids	Terpenoids	mzspec:GNPS:GNPS-LIBRARY:CCMSLIB00005464872	False	False	VALID	isolate_only
672	8	1031.588348388672	1	1031.588348388672	0.0	608.840875	8	0	0	1	0	0	1	2	1	1	0	2	0	0	0	1	0	0	1	2	1	1	0	2	0	0	G1	Vibrio_6D03,Roseovarius_B2R09,Colwellia_C2M19,Paracoccus_C2R07,Salipiger_C3M06,Arenibacter_D3M17	2-6D03.mzML,5-B2R09.mzML,6-C2M19.mzML,7-C2R07_2.mzML,8-C3M06.mzML,10-D3M17.mzML	-1	CCMSLIB00005464856	672.0	specs_ms.mgf	BILELIB19.mgf	0.795633	21203.8	612.904	1.41999	12.0	0.00146484	1031.59	1.0	temp/specs_ms.mgf672	1.0	"""2-((R)-4-((3R,5S,7S,8R,9S,10S,12R,13R,14S,17R)-3,7,12-trihydroxy-10,13-dimethylhexadecahydro-1H-cyclopenta[a]phenanthren-17-yl)pentanamido)ethane-1-sulfonic acid"""	ESI	qTof	crude	Dorrestein	Emily Gentry	2M+H	1031.59	515.292	1.0			C[C@@H]([C@H]1CC[C@]2([H])[C@]1(C)[C@H](O)C[C@@]3([H])[C@@]2([H])[C@@H](O)C[C@@]4([H])[C@]3(C)CC[C@@H](O)C4)CCC(NCCS(=O)(O)=O)=O	"""InChI=1S/C26H45NO7S/c1-15(4-7-23(31)27-10-11-35(32,33)34)18-5-6-19-24-20(14-22(30)26(18,19)3)25(2)9-8-17(28)12-16(25)13-21(24)29/h15-22,24,28-30H,4-14H2,1-3H3,(H,27,31)(H,32,33,34)/t15-,16+,17-,18-,19+,20+,21+,22-,24+,25+,26-/m1/s1"""		1.0	Positive	BILELIB19	1031.59	UPDATE-SINGLE-ANNOTATED-GOLD	Gold		C26H45NO7S	WBWWGRHZICKQGZ-GLHJPAOKSA-N	WBWWGRHZICKQGZ	Lipids and lipid-like molecules	Steroids and steroid derivatives	Bile acids, alcohols and derivatives	Steroids	Cholane steroids	Terpenoids	mzspec:GNPS:GNPS-LIBRARY:CCMSLIB00005464856	False	False	VALID	isolate_only
673	8	1031.588348388672	1	1031.588348388672	0.0	609.033625	8	0	0	1	0	0	1	2	1	1	0	2	0	0	0	1	0	0	1	2	1	1	0	2	0	0	G1	Vibrio_6D03,Roseovarius_B2R09,Colwellia_C2M19,Paracoccus_C2R07,Salipiger_C3M06,Arenibacter_D3M17	2-6D03.mzML,5-B2R09.mzML,6-C2M19.mzML,7-C2R07_2.mzML,8-C3M06.mzML,10-D3M17.mzML	8	CCMSLIB00005435565	673.0	specs_ms.mgf	BILELIB19.mgf	0.791732	23324.6	611.094	1.41999	16.0	0.00146484	1031.59	1.0	temp/specs_ms.mgf673	1.0	taurocholic acid	ESI	Orbitrap	commercial	Dorrestein	A. Jarmusch	2M+H	1031.59	515.292	1.0	?81-24-3		C[C@H](CCC(=O)NCCS(=O)(=O)O)[C@H]1CC[C@@H]2[C@@]1([C@H](C[C@H]3[C@H]2[C@@H](C[C@H]4[C@@]3(CC[C@H](C4)O)C)O)O)C	1S/C26H45NO7S/c1-15(4-7-23(31)27-10-11-35(32,33)34)18-5-6-19-24-20(14-22(30)26(18,19)3)25(2)9-8-17(28)12-16(25)13-21(24)29/h15-22,24,28-30H,4-14H2,1-3H3,(H,27,31)(H,32,33,34)/t15?,16-,17+,18+,19-,20-,21+,22-,24-,25?,26?/m0/s1		1.0	Positive	BILELIB19	1031.59	UPDATE-SINGLE-ANNOTATED-GOLD	Gold		C26H45NO7S	WBWWGRHZICKQGZ-HZAMXZRMSA-N	WBWWGRHZICKQGZ	Lipids and lipid-like molecules	Steroids and steroid derivatives	Bile acids, alcohols and derivatives	Steroids	Cholane steroids	Terpenoids	mzspec:GNPS:GNPS-LIBRARY:CCMSLIB00005435565	False	False	VALID	isolate_only
