cluster index	number of spectra	parent mass	precursor charge	precursor mass	sum(precursor intensity)	RTMean	ATTRIBUTE_PERFILEGROUPING:GNPSGROUP:bkgrnd-marine-broth.mzML	ATTRIBUTE_PERFILEGROUPING:GNPSGROUP:2-6D03.mzML	ATTRIBUTE_PERFILEGROUPING	component	SpectrumID	#Scan#	SpectrumFile	LibraryName	MQScore	TIC_Query	RT_Query	MZErrorPPM	SharedPeaks	MassDiff	SpecMZ	SpecCharge	FileScanUniqueID	NumberHits	Compound_Name	Ion_Source	Instrument	Compound_Source	PI	Data_Collector	Adduct	Precursor_MZ	ExactMass	Charge	CAS_Number	Pubmed_ID	Smiles	INCHI	INCHI_AUX	Library_Class	IonMode	Organism	LibMZ	UpdateWorkflowName	LibraryQualityString	tags	molecular_formula	InChIKey	InChIKey-Planar	superclass	class	subclass	npclassifier_superclass	npclassifier_class	npclassifier_pathway	library_usi
1	24	110.009957631429	1	110.00995763142896	0.0	117.07291666666669	12	12	bkgrnd-marine-broth.mzML,2-6D03.mzML	7																																														
2	42	117.07297225225555	1	117.0729722522556	0.0	194.6768174603175	6	36	bkgrnd-marine-broth.mzML,2-6D03.mzML	17																																														
3	36	118.08744388156452	1	118.0874438815646	0.0	166.52788888888887	18	18	bkgrnd-marine-broth.mzML,2-6D03.mzML	-1																																														
4	17	120.082100363339	1	120.082100363339	0.0	298.2382352941176	12	5	bkgrnd-marine-broth.mzML,2-6D03.mzML	7																																														
5	17	120.082100363339	1	120.082100363339	0.0	298.4295882352942	12	5	bkgrnd-marine-broth.mzML,2-6D03.mzML	7																																														
6	3	120.08581288655633	1	120.08581288655633	0.0	280.70733333333334	3	0	bkgrnd-marine-broth.mzML	7																																														
7	3	120.08581288655633	1	120.08581288655633	0.0	280.8983333333333	3	0	bkgrnd-marine-broth.mzML	7																																														
8	6	121.065930684408	1	121.065930684408	0.0	202.85533333333333	6	0	bkgrnd-marine-broth.mzML	7																																														
9	3	122.09779103597002	1	122.09779103597002	0.0	319.306	0	3	2-6D03.mzML	7																																														
10	3	122.09779103597002	1	122.09779103597002	0.0	319.49733333333336	0	3	2-6D03.mzML	7																																														
11	2	123.045349121094	1	123.045349121094	0.0	211.211	2	0	bkgrnd-marine-broth.mzML	7																																														
12	22	125.9876237349076	1	125.9876237349076	0.0	118.6134090909091	10	12	bkgrnd-marine-broth.mzML,2-6D03.mzML	7																																														
13	3	130.05116780599	1	130.05116780599	0.0	167.61200000000002	3	0	bkgrnd-marine-broth.mzML	7																																														
14	2	130.05116780599	1	130.05116780599	0.0	168.4175	2	0	bkgrnd-marine-broth.mzML	7																																														
15	2	130.05116780599	1	130.05116780599	0.0	192.178	2	0	bkgrnd-marine-broth.mzML	7																																														
16	12	130.09862772623697	1	130.09862772623697	0.0	151.16833333333335	6	6	bkgrnd-marine-broth.mzML,2-6D03.mzML	7																																														
17	6	130.122512817383	1	130.122512817383	0.0	511.01566666666673	0	6	2-6D03.mzML	-1																																														
18	2	130.968078613281	1	130.968078613281	0.0	103.9565	0	2	2-6D03.mzML	7																																														
19	3	131.05034383138	1	131.05034383138	0.0	279.47700000000003	3	0	bkgrnd-marine-broth.mzML	7																																														
20	3	131.05034383138	1	131.05034383138	0.0	279.668	3	0	bkgrnd-marine-broth.mzML	7																																														
21	8	131.930934906006	1	131.930934906006	0.0	272.480375	8	0	bkgrnd-marine-broth.mzML	7																																														
22	37	132.10332754902964	1	132.10332754902973	0.0	238.4332972972973	31	6	bkgrnd-marine-broth.mzML,2-6D03.mzML	7																																														
23	3	132.103280318411	1	132.103280318411	0.0	174.78066666666663	3	0	bkgrnd-marine-broth.mzML	-1																																														
24	4	132.103280318411	1	132.103280318411	0.0	205.40225	4	0	bkgrnd-marine-broth.mzML	7																																														
25	3	132.10784403483066	1	132.10784403483066	0.0	197.04366666666667	3	0	bkgrnd-marine-broth.mzML	7																																														
26	11	136.07714797511247	1	136.07714797511247	0.0	207.79154545454548	5	6	bkgrnd-marine-broth.mzML,2-6D03.mzML	7																																														
27	2	137.04709370931	1	137.04709370931	0.0	204.306	2	0	bkgrnd-marine-broth.mzML	-1	CCMSLIB00005883807	27.0	specs_ms.mgf	GNPS-LIBRARY.mgf	0.958158	7912.9	195.747	7.90519	6.0	0.00108337	137.047	1.0	temp/specs_ms.mgf27	1.0	HYPOXANTHINE - 70.0 eV	ESI	Orbitrap	Isolated	Madeleine Ernst	Anna Abrahamsson	M+H	137.046	0.0	1.0	68-94-0		OC1=NC=NC2=C1NC=N2	InChI=1S/C5H4N4O/c10-5-3-4(7-1-6-3)8-2-9-5/h1-2H,(H2,6,7,8,9,10)		1.0	Positive	GNPS-LIBRARY	137.046	UPDATE-SINGLE-ANNOTATED-GOLD	Gold		C5H4N4O	FDGQSTZJBFJUBT-UHFFFAOYSA-N	FDGQSTZJBFJUBT	Organoheterocyclic compounds	Imidazopyrimidines	Purines and purine derivatives	Pseudoalkaloids	Purine alkaloids	Alkaloids	mzspec:GNPS:GNPS-LIBRARY:CCMSLIB00005883807
28	2	137.04709370931	1	137.04709370931	0.0	204.497	2	0	bkgrnd-marine-broth.mzML	-1	CCMSLIB00000425122	28.0	specs_ms.mgf	HMDB.mgf	0.957459	12317.2	195.938	7.90519	7.0	0.00108337	137.047	1.0	temp/specs_ms.mgf28	1.0	HMDB:HMDB00157-243 Hypoxanthine	Positive	Quattro_QQQ:25eV	Isolated	HMDB	HMDB	M+H	137.046	136.039	1.0	68-94-0		OC1=NC=NC2=C1NC=N2	InChI=1S/C5H4N4O/c10-5-3-4(7-1-6-3)8-2-9-5/h1-2H,(H2,6,7,8,9,10)		3.0	Positive	HMDB	137.046	UPDATE-SINGLE-ANNOTATED-BRONZE	Bronze		C5H4N4O	FDGQSTZJBFJUBT-UHFFFAOYSA-N	FDGQSTZJBFJUBT	Organoheterocyclic compounds	Imidazopyrimidines	Purines and purine derivatives	Pseudoalkaloids	Purine alkaloids	Alkaloids	mzspec:GNPS:GNPS-LIBRARY:CCMSLIB00000425122
29	42	141.95991734096	1	141.95991734095992	0.0	325.3405238095238	42	0	bkgrnd-marine-broth.mzML	-1																																														
30	18	146.16671922471767	1	146.1667192247177	0.0	118.96627777777778	12	6	bkgrnd-marine-broth.mzML,2-6D03.mzML	7																																														
31	3	149.061024983724	1	149.061024983724	0.0	283.086	3	0	bkgrnd-marine-broth.mzML	7																																														
32	3	149.061024983724	1	149.061024983724	0.0	283.27733333333333	3	0	bkgrnd-marine-broth.mzML	7																																														
33	5	150.059661865234	1	150.059661865234	0.0	163.932	5	0	bkgrnd-marine-broth.mzML	-1																																														
34	20	151.0368392944335	1	151.03683929443346	0.0	117.88025	10	10	bkgrnd-marine-broth.mzML,2-6D03.mzML	7																																														
35	6	152.058049519857	1	152.058049519857	0.0	218.01766666666663	6	0	bkgrnd-marine-broth.mzML	7																																														
36	6	153.042439778646	1	153.042439778646	0.0	203.27733333333336	0	6	2-6D03.mzML	7																																														
37	24	155.0831133524575	1	155.08311335245753	0.0	210.724125	12	12	bkgrnd-marine-broth.mzML,2-6D03.mzML	7																																														
38	4	156.101715087891	1	156.101715087891	0.0	464.50925	0	4	2-6D03.mzML	4																																														
39	3	157.098846435547	1	157.098846435547	0.0	255.0663333333333	0	3	2-6D03.mzML	4																																														
40	6	158.093879699707	1	158.093879699707	0.0	171.07333333333332	6	0	bkgrnd-marine-broth.mzML	7																																														
41	6	158.093879699707	1	158.093879699707	0.0	171.26433333333333	6	0	bkgrnd-marine-broth.mzML	7																																														
42	12	158.96268971761103	1	158.96268971761103	0.0	315.28333333333336	12	0	bkgrnd-marine-broth.mzML	4																																														
43	3	160.077402750651	1	160.077402750651	0.0	223.853	0	3	2-6D03.mzML	-1	CCMSLIB00000005767	43.0	specs_ms.mgf	GNPS-SELLECKCHEM-FDA-PART1.mgf	0.780326	11013.0	224.7	6236.53	6.0	1.00459	160.077	1.0	temp/specs_ms.mgf43	1.0	HydralazineHCl	LC-ESI	qTof	Isolated	Sirenas	Ed Esquenazi 	M+H	161.082	196.052	1.0			C1=CC=C2C(=C1)C=NN=C2NN.Cl	InChI=1S/C8H8N4.ClH/c9-11-8-7-4-2-1-3-6(7)5-10-12-8;/h1-5H,9H2,(H,11,12);1H		3.0	Positive	GNPS-SELLECKCHEM-FDA-PART1	161.082	UPDATE-SINGLE-ANNOTATED-BRONZE	Bronze		C8H9ClN4	ZUXNZUWOTSUBMN-UHFFFAOYSA-N	ZUXNZUWOTSUBMN	Organoheterocyclic compounds	Diazanaphthalenes	Benzodiazines			Alkaloids	mzspec:GNPS:GNPS-LIBRARY:CCMSLIB00000005767
44	3	160.077402750651	1	160.077402750651	0.0	224.0443333333333	0	3	2-6D03.mzML	-1																																														
45	2	165.056243896484	1	165.056243896484	0.0	208.6415	2	0	bkgrnd-marine-broth.mzML	7																																														
46	3	165.056243896484	1	165.056243896484	0.0	209.57566666666665	3	0	bkgrnd-marine-broth.mzML	7																																														
47	18	166.08812967936169	1	166.08812967936169	0.0	296.0741111111112	12	6	bkgrnd-marine-broth.mzML,2-6D03.mzML	7																																														
48	18	166.08812967936169	1	166.08812967936169	0.0	296.26561111111107	12	6	bkgrnd-marine-broth.mzML,2-6D03.mzML	7																																														
49	3	166.093887329102	1	166.093887329102	0.0	283.168	3	0	bkgrnd-marine-broth.mzML	7																																														
50	3	166.093887329102	1	166.093887329102	0.0	283.3593333333334	3	0	bkgrnd-marine-broth.mzML	7	CCMSLIB00013639998	50.0	specs_ms.mgf	WINE-DB-QTOF.mgf	0.991268	334779.0	286.458	47.4982	6.0	0.00788879	166.094	1.0	temp/specs_ms.mgf50	1.0	Phenylalanine_(L-)_30EV	ESI	qTof	Commercial	Axel_Marchal	TE_MLS	M+H	166.086	165.19	1.0	63-91-2		C([C@@H](C(O)=O)N)C1=CC=CC=C1	InChI=1S/C9H11NO2/c10-8(9(11)12)6-7-4-2-1-3-5-7/h1-5,8H,6,10H2,(H,11,12)/t8-/m0/s1		1.0	Positive	WINE-DB-QTOF	166.086	UPDATE-SINGLE-ANNOTATED-GOLD	Gold		C9H11NO2	COLNVLDHVKWLRT-QMMMGPOBSA-N	COLNVLDHVKWLRT	Organic acids and derivatives	Carboxylic acids and derivatives	Amino acids, peptides, and analogues	Small peptides	Aminoacids	Amino acids and Peptides|Shikimates and Phenylpropanoids	mzspec:GNPS:GNPS-LIBRARY:CCMSLIB00013639998
51	6	169.09884134928396	1	169.09884134928396	0.0	264.242	0	6	2-6D03.mzML	7																																														
52	3	170.118057250977	1	170.118057250977	0.0	499.8176666666667	0	3	2-6D03.mzML	4																																														
53	3	170.118057250977	1	170.118057250977	0.0	500.009	0	3	2-6D03.mzML	4																																														
54	3	174.112360636393	1	174.112360636393	0.0	465.2863333333333	0	3	2-6D03.mzML	4																																														
55	2	174.112360636393	1	174.112360636393	0.0	464.02900000000005	0	2	2-6D03.mzML	4																																														
56	4	175.109786987305	1	175.109786987305	0.0	194.46175	4	0	bkgrnd-marine-broth.mzML	7																																														
57	2	182.083048502604	1	182.083048502604	0.0	204.0765	2	0	bkgrnd-marine-broth.mzML	7	CCMSLIB00000427096	57.0	specs_ms.mgf	HMDB.mgf	0.980863	19339.3	203.27	5.78232	6.0	0.00105286	182.083	1.0	temp/specs_ms.mgf57	1.0	HMDB:HMDB00158-246 L-Tyrosine	Positive	Quattro_QQQ:25eV	Isolated	HMDB	HMDB	M+H	182.082	181.074	1.0	60-18-4		N[C@@H](CC1=CC=C(O)C=C1)C(O)=O	InChI=1S/C9H11NO3/c10-8(9(12)13)5-6-1-3-7(11)4-2-6/h1-4,8,11H,5,10H2,(H,12,13)/t8-/m0/s1		3.0	Positive	HMDB	182.082	UPDATE-SINGLE-ANNOTATED-BRONZE	Bronze		C9H11NO3	OUYCCCASQSFEME-QMMMGPOBSA-N	OUYCCCASQSFEME	Organic acids and derivatives	Carboxylic acids and derivatives	Amino acids, peptides, and analogues	Small peptides	Aminoacids	Amino acids and Peptides|Shikimates and Phenylpropanoids	mzspec:GNPS:GNPS-LIBRARY:CCMSLIB00000427096
58	6	182.0831756591795	1	182.0831756591795	0.0	204.90216666666663	3	3	bkgrnd-marine-broth.mzML,2-6D03.mzML	7																																														
59	3	182.08321804470464	1	182.08321804470464	0.0	205.149	1	2	bkgrnd-marine-broth.mzML,2-6D03.mzML	7	CCMSLIB00006683818	59.0	specs_ms.mgf	MONA.mgf	0.971849	18589.4	205.514	12.6541	7.0	0.00230408	182.083	1.0	temp/specs_ms.mgf59	1.0	TYROSINE	ESI	qTof	isolated	MoNA	MoNA:MoNA032780	M+H	182.081	0.0	1.0			C1=C(C=CC(=C1)O)C[C@@H](C(=O)O)N	"""InChI=1S/C9H11NO3/c10-8(9(12)13)5-6-1-3-7(11)4-2-6/h1-4,8,11H,5,10H2,(H,12,13)/t8-/m0/s1"""		3.0	positive	MONA	182.081	UPDATE-SINGLE-ANNOTATED-BRONZE	Bronze		C9H11NO3	OUYCCCASQSFEME-QMMMGPOBSA-N	OUYCCCASQSFEME	Organic acids and derivatives	Carboxylic acids and derivatives	Amino acids, peptides, and analogues	Small peptides	Aminoacids	Amino acids and Peptides|Shikimates and Phenylpropanoids	mzspec:GNPS:GNPS-LIBRARY:CCMSLIB00006683818
60	6	182.964569091797	1	182.964569091797	0.0	115.43566666666668	3	3	bkgrnd-marine-broth.mzML,2-6D03.mzML	2																																														
61	6	182.964569091797	1	182.964569091797	0.0	115.627	3	3	bkgrnd-marine-broth.mzML,2-6D03.mzML	2																																														
62	2	183.0924987792965	1	183.0924987792965	0.0	464.1155	1	1	bkgrnd-marine-broth.mzML,2-6D03.mzML	-1																																														
63	4	183.164527893066	1	183.164527893066	0.0	156.20775	0	4	2-6D03.mzML	-1																																														
64	77	185.1107287518392	1	185.1107287518392	0.0	18.54969696969697	18	59	bkgrnd-marine-broth.mzML,2-6D03.mzML	-1																																														
65	6	186.22170511881492	1	186.22170511881492	0.0	536.8551666666666	0	6	2-6D03.mzML	-1																																														
66	2	188.072463989258	1	188.072463989258	0.0	435.473	2	0	bkgrnd-marine-broth.mzML	7	CCMSLIB00003138038	66.0	specs_ms.mgf	GNPS-NIST14-MATCHES.mgf	0.917966	18414.8	434.281	2.83963	6.0	0.000534058	188.072	1.0	temp/specs_ms.mgf66	1.0	Spectral Match to L-Tryptophan from NIST14	ESI	HCD	Isolated	Data from Pieter Dorrestein	Data deposited by dfloros	M+H-NH3	188.073	0.0	1.0	73223					3.0	Positive	GNPS-NIST14-MATCHES	188.073	UPDATE-SINGLE-ANNOTATED-BRONZE	Bronze											mzspec:GNPS:GNPS-LIBRARY:CCMSLIB00003138038
67	2	188.072463989258	1	188.072463989258	0.0	435.6645	2	0	bkgrnd-marine-broth.mzML	7	CCMSLIB00003135135	67.0	specs_ms.mgf	GNPS-NIST14-MATCHES.mgf	0.964673	18684.4	434.473	13.0625	6.0	0.00245667	188.072	1.0	temp/specs_ms.mgf67	1.0	Spectral Match to DL-Indole-3-lactic acid from NIST14	ESI	Q-TOF	Isolated	Data from Dorrestein	Data deposited by quinnr	M+H-H2O	188.07	0.0	1.0	832973					3.0	Positive	GNPS-NIST14-MATCHES	188.07	UPDATE-SINGLE-ANNOTATED-BRONZE	Bronze											mzspec:GNPS:GNPS-LIBRARY:CCMSLIB00003135135
68	3	188.128514607747	1	188.128514607747	0.0	498.3333333333333	0	3	2-6D03.mzML	4																																														
69	3	188.128514607747	1	188.128514607747	0.0	498.5243333333334	0	3	2-6D03.mzML	4																																														
70	3	189.088806152344	1	189.088806152344	0.0	268.015	3	0	bkgrnd-marine-broth.mzML	-1																																														
71	2	189.088806152344	1	189.088806152344	0.0	267.7825	2	0	bkgrnd-marine-broth.mzML	-1																																														
72	11	189.125183105469	1	189.125183105469	0.0	292.80799999999994	11	0	bkgrnd-marine-broth.mzML	7	CCMSLIB00003135153	72.0	specs_ms.mgf	GNPS-NIST14-MATCHES.mgf	0.776181	22873.8	276.971	10586.4	6.0	1.98119	189.125	1.0	temp/specs_ms.mgf72	1.0	Spectral Match to Ile-Ile-Lys from NIST14	ESI	QqQ	Isolated	Data from Gabriel Haddad	Data deposited by mjmeehan	M+2H]	187.144	0.0	1.0						3.0	Positive	GNPS-NIST14-MATCHES	187.144	UPDATE-SINGLE-ANNOTATED-BRONZE	Bronze											mzspec:GNPS:GNPS-LIBRARY:CCMSLIB00003135153
73	14	198.94223240443625	1	198.94223240443625	0.0	115.5814285714286	6	8	bkgrnd-marine-broth.mzML,2-6D03.mzML	34																																														
74	3	202.182548522949	1	202.182548522949	0.0	153.33733333333333	0	3	2-6D03.mzML	-1	CCMSLIB00005464207	74.0	specs_ms.mgf	GNPS-MSMLS.mgf	0.810339	5572.3	152.991	4291.76	6.0	0.87146	202.183	1.0	temp/specs_ms.mgf74	1.0	THEOPHYLLINE	ESI	Orbitrap	Commercial	Dorrestein	Kelly Weldon	M+Na	203.054	180.065	1.0	58-55-9		CN1C2=C(NC=N2)C(=O)N(C)C1=O	"""InChI=1S/C7H8N4O2/c1-10-5-4(8-3-9-5)6(12)11(2)7(10)13/h3H,1-2H3,(H,8,9)"""		1.0	Positive	GNPS-MSMLS	203.054	UPDATE-SINGLE-ANNOTATED-GOLD	Gold		C7H8N4O2	ZFXYFBGIUFBOJW-UHFFFAOYSA-N	ZFXYFBGIUFBOJW				Pseudoalkaloids	Purine alkaloids	Alkaloids	mzspec:GNPS:GNPS-LIBRARY:CCMSLIB00005464207
75	6	203.224990844727	1	203.224990844727	0.0	117.7635	6	0	bkgrnd-marine-broth.mzML	-1																																														
76	2	205.099311828613	1	205.099311828613	0.0	435.0905	2	0	bkgrnd-marine-broth.mzML	7	CCMSLIB00003140220	76.0	specs_ms.mgf	GNPS-NIST14-MATCHES.mgf	0.9104	24260.7	436.282	11.2341	6.0	0.00230408	205.099	1.0	temp/specs_ms.mgf76	1.0	Spectral Match to L-Tryptophan from NIST14	ESI	qTof	Isolated	Data from Suryasarathi Dasgupta	Data deposited by fevargas	M+H	205.097	204.09	1.0	73223		C1=CC=C2C(=C1)C(=CN2)C[C@@H](C(=O)O)N	InChI=1S/C11H12N2O2/c12-9(11(14)15)5-7-6-13-10-4-2-1-3-8(7)10/h1-4,6,9,13H,5,12H2,(H,14,15)/t9-/m0/s1		3.0	Positive	GNPS-NIST14-MATCHES	205.097	UPDATE-SINGLE-ANNOTATED-BRONZE	Bronze		C11H12N2O2	QIVBCDIJIAJPQS-VIFPVBQESA-N	QIVBCDIJIAJPQS	Organoheterocyclic compounds	Indoles and derivatives	Indolyl carboxylic acids and derivatives	Small peptides	Aminoacids	Amino acids and Peptides|Shikimates and Phenylpropanoids	mzspec:GNPS:GNPS-LIBRARY:CCMSLIB00003140220
77	2	205.099311828613	1	205.099311828613	0.0	435.2815	2	0	bkgrnd-marine-broth.mzML	7	CCMSLIB00013065435	77.0	specs_ms.mgf	MSNLIB-POSITIVE.mgf	0.962044	21047.8	436.473	11.2341	6.0	0.00230408	205.099	1.0	temp/specs_ms.mgf77	1.0	L-tryptophan	ESI	Orbitrap	Commercial	Tomas Pluskal	Corinna Brungs	[M+H]+	205.097	204.09	1.0			N[C@@H](Cc1c[nH]c2ccccc12)C(=O)O	InChI=1S/C11H12N2O2/c12-9(11(14)15)5-7-6-13-10-4-2-1-3-8(7)10/h1-4,6,9,13H,5,12H2,(H,14,15)/t9-/m0/s1	QIVBCDIJIAJPQS-VIFPVBQESA-N	1.0	Positive	MSNLIB-POSITIVE	205.097	UPDATE-SINGLE-ANNOTATED-GOLD	Gold		C11H12N2O2	QIVBCDIJIAJPQS-VIFPVBQESA-N	QIVBCDIJIAJPQS	Organoheterocyclic compounds	Indoles and derivatives	Indolyl carboxylic acids and derivatives	Small peptides	Aminoacids	Amino acids and Peptides|Shikimates and Phenylpropanoids	mzspec:GNPS:GNPS-LIBRARY:CCMSLIB00013065435
78	9	211.1100899025245	1	211.1100899025245	0.0	248.93855555555555	5	4	bkgrnd-marine-broth.mzML,2-6D03.mzML	7																																														
79	12	211.1450856526695	1	211.14508565266945	0.0	472.869	6	6	bkgrnd-marine-broth.mzML,2-6D03.mzML	7	CCMSLIB00012440742	79.0	specs_ms.mgf	MSNLIB-POSITIVE.mgf	0.844571	17061.7	472.65	1.22854	6.0	0.000259399	211.144	1.0	temp/specs_ms.mgf79	1.0	5654-86-4	ESI	Orbitrap	Crude	Tomas Pluskal	Corinna Brungs	[M+H]+	211.144	210.137	1.0			CC(C)CC1NC(=O)C2CCCN2C1=O	InChI=1S/C11H18N2O2/c1-7(2)6-8-11(15)13-5-3-4-9(13)10(14)12-8/h7-9H,3-6H2,1-2H3,(H,12,14)	SZJNCZMRZAUNQT-UHFFFAOYSA-N	1.0	Positive	MSNLIB-POSITIVE	211.144	UPDATE-SINGLE-ANNOTATED-GOLD	Gold		C11H18N2O2	SZJNCZMRZAUNQT-UHFFFAOYSA-N	SZJNCZMRZAUNQT	Organic acids and derivatives	Carboxylic acids and derivatives	Amino acids, peptides, and analogues	Small peptides	Dipeptides	Amino acids and Peptides	mzspec:GNPS:GNPS-LIBRARY:CCMSLIB00012440742
80	12	214.91999816894497	1	214.91999816894497	0.0	120.03383333333336	6	6	bkgrnd-marine-broth.mzML,2-6D03.mzML	34																																														
81	6	215.141209920247	1	215.141209920247	0.0	205.61616666666663	6	0	bkgrnd-marine-broth.mzML	7																																														
82	6	217.156880696615	1	217.156880696615	0.0	238.2893333333333	6	0	bkgrnd-marine-broth.mzML	7																																														
83	6	222.1123046875	1	222.1123046875	0.0	514.8558333333334	0	6	2-6D03.mzML	-1																																														
84	16	223.9915008544925	1	223.99150085449253	0.0	116.78875	8	8	bkgrnd-marine-broth.mzML,2-6D03.mzML	2																																														
85	5	227.138661702474	1	227.138661702474	0.0	451.0536000000001	0	5	2-6D03.mzML	7																																														
86	2	227.140027364095	1	227.140027364095	0.0	454.1955	1	1	bkgrnd-marine-broth.mzML,2-6D03.mzML	7	CCMSLIB00000007039	86.0	specs_ms.mgf	GNPS-LIBRARY.mgf	0.92235	44242.6	454.259	1.5451	11.0	0.000350952	227.139	1.0	temp/specs_ms.mgf86	1.0	cyclo(L-Leu-L-4-hydroxy-Pro)	DI-ESI	qTof	Isolated	Keyzers	R Keyzers	M+H	227.139	244.121	1.0	115006-86-5					3.0	Positive	GNPS-LIBRARY	227.139	UPDATE-SINGLE-ANNOTATED-BRONZE	Bronze											mzspec:GNPS:GNPS-LIBRARY:CCMSLIB00000007039
87	5	227.141393025716	1	227.141393025716	0.0	451.0756	5	0	bkgrnd-marine-broth.mzML	7	CCMSLIB00000007040	87.0	specs_ms.mgf	GNPS-LIBRARY.mgf	0.73652	24668.6	448.974	10.4798	8.0	0.00238037	227.141	1.0	temp/specs_ms.mgf87	1.0	cyclo(L-Leu-L-4-Hyp)	DI-ESI	qTof	Isolated	Keyzers	R Keyzers	M+H	227.139	244.121	1.0	115006-86-5					3.0	Positive	GNPS-LIBRARY	227.139	UPDATE-SINGLE-ANNOTATED-BRONZE	Bronze											mzspec:GNPS:GNPS-LIBRARY:CCMSLIB00000007040
88	18	229.157028198242	1	229.15702819824207	0.0	369.7259444444445	18	0	bkgrnd-marine-broth.mzML	7																																														
89	12	230.249827067057	1	230.2498270670569	0.0	576.6799166666666	6	6	bkgrnd-marine-broth.mzML,2-6D03.mzML	29	CCMSLIB00004719579	89.0	specs_ms.mgf	MONA.mgf	0.878238	26586.9	577.204	8166.74	6.0	1.89586	230.248	1.0	temp/specs_ms.mgf89	1.0	Harmaline		ESI-QFT	isolated	MoNA	MoNA:VF-NPL-QEHF026687	[M+NH4]+	232.144	0.0	1.0			COc1ccc2c(c1)=NC1=C(C)NCCC=21	InChI=1S/C13H14N2O/c1-8-13-11(5-6-14-8)10-4-3-9(16-2)7-12(10)15-13/h3-4,7,14H,5-6H2,1-2H3		3.0	positive	MONA	232.144	UPDATE-SINGLE-ANNOTATED-BRONZE	Bronze		C13H14N2O	QJOZJXNKVMFAET-UHFFFAOYSA-N	QJOZJXNKVMFAET				Tryptophan alkaloids	Carboline alkaloids	Alkaloids	mzspec:GNPS:GNPS-LIBRARY:CCMSLIB00004719579
90	4	231.172617594401	1	231.172617594401	0.0	366.98975	4	0	bkgrnd-marine-broth.mzML	7	CCMSLIB00003138677	90.0	specs_ms.mgf	GNPS-NIST14-MATCHES.mgf	0.798685	7731.1	366.539	8476.89	6.0	1.97638	231.173	1.0	temp/specs_ms.mgf90	1.0	Spectral Match to Ile-Thr from NIST14	ESI	QQQ	Isolated	Data from Joshua Wollam	Data deposited by fevargas	M+H	233.149	232.142	1.0			CCC(C)C(C(=O)NC(C(C)O)C(=O)O)N	InChI=1S/C10H20N2O4/c1-4-5(2)7(11)9(14)12-8(6(3)13)10(15)16/h5-8,13H,4,11H2,1-3H3,(H,12,14)(H,15,16)		3.0	Positive	GNPS-NIST14-MATCHES	233.149	UPDATE-SINGLE-ANNOTATED-BRONZE	Bronze		C10H20N2O4	DRCKHKZYDLJYFQ-UHFFFAOYSA-N	DRCKHKZYDLJYFQ	Organic acids and derivatives	Carboxylic acids and derivatives	Amino acids, peptides, and analogues	Small peptides	Dipeptides	Amino acids and Peptides	mzspec:GNPS:GNPS-LIBRARY:CCMSLIB00003138677
91	2	237.088798522949	1	237.088798522949	0.0	212.4415	2	0	bkgrnd-marine-broth.mzML	-1																																														
92	2	237.088798522949	1	237.088798522949	0.0	212.6325	2	0	bkgrnd-marine-broth.mzML	-1																																														
93	12	239.9691747029624	1	239.96917470296248	0.0	116.7845	6	6	bkgrnd-marine-broth.mzML,2-6D03.mzML	34																																														
94	2	243.13648223877	1	243.13648223877	0.0	466.6665	2	0	bkgrnd-marine-broth.mzML	7	CCMSLIB00013039838	94.0	specs_ms.mgf	MSNLIB-POSITIVE.mgf	0.776045	6078.3	466.051	7845.11	6.0	1.92252	243.136	1.0	temp/specs_ms.mgf94	1.0	Pidotimod	ESI	Orbitrap	Commercial	Tomas Pluskal	Corinna Brungs	[M+H]+	245.059	244.052	1.0			O=C1CC[C@@H](C(=O)N2CSC[C@H]2C(=O)O)N1	InChI=1S/C9H12N2O4S/c12-7-2-1-5(10-7)8(13)11-4-16-3-6(11)9(14)15/h5-6H,1-4H2,(H,10,12)(H,14,15)/t5-,6-/m0/s1	UUTKICFRNVKFRG-WDSKDSINSA-N	1.0	Positive	MSNLIB-POSITIVE	245.059	UPDATE-SINGLE-ANNOTATED-GOLD	Gold		C9H12N2O4S	UUTKICFRNVKFRG-WDSKDSINSA-N	UUTKICFRNVKFRG	Organic acids and derivatives	Carboxylic acids and derivatives	Amino acids, peptides, and analogues	Small peptides	Aminoacids	Amino acids and Peptides	mzspec:GNPS:GNPS-LIBRARY:CCMSLIB00013039838
95	8	245.128833770752	1	245.12883377075204	0.0	481.04025	2	6	bkgrnd-marine-broth.mzML,2-6D03.mzML	-1	CCMSLIB00000007132	95.0	specs_ms.mgf	GNPS-LIBRARY.mgf	0.859203	10000.6	479.986	0.746979	6.0	0.000183105	245.128	1.0	temp/specs_ms.mgf95	1.0	cyclo(L-Phe-D-Pro)	DI-ESI	qTof	Isolated	Keyzers	R Keyzers	M+H	245.128	244.121	1.0	32021-26-4					3.0	Positive	GNPS-LIBRARY	245.128	UPDATE-SINGLE-ANNOTATED-BRONZE	Bronze	Human:Urine[Sample Type Detected]										mzspec:GNPS:GNPS-LIBRARY:CCMSLIB00000007132
96	6	254.16399637858035	1	254.16399637858035	0.0	198.61	2	4	bkgrnd-marine-broth.mzML,2-6D03.mzML	-1																																														
97	12	258.2812957763675	1	258.2812957763675	0.0	639.3455833333334	6	6	bkgrnd-marine-broth.mzML,2-6D03.mzML	29	CCMSLIB00013939923	97.0	specs_ms.mgf	WFSR-LIBRARY.mgf	0.914828	14121.9	639.149	0.708944	6.0	0.000183105	258.279	1.0	temp/specs_ms.mgf97	1.0	Myristamine oxide_CE45	ESI	Orbitrap	Commercial	Federico Padilla-Gonzalez	"""Sjors Rasker, Wout Bergkamp"""	M+H	258.279	257.272	1.0	3332-27-2		CCCCCCCCCCCCCC[N+](C)(C)[O-]	"""InChI=1S/C16H35NO/c1-4-5-6-7-8-9-10-11-12-13-14-15-16-17(2,3)18/h4-16H2,1-3H3"""		1.0	Positive	WFSR-LIBRARY	258.279	UPDATE-SINGLE-ANNOTATED-GOLD	Gold			ONHFWHCMZAJCFB-UHFFFAOYSA-N	ONHFWHCMZAJCFB	Organic nitrogen compounds	Organonitrogen compounds	Aminoxides				mzspec:GNPS:GNPS-LIBRARY:CCMSLIB00013939923
98	2	260.199279785156	1	260.199279785156	0.0	193.0805	2	0	bkgrnd-marine-broth.mzML	7																																														
99	7	261.12340581984785	1	261.12340581984785	0.0	465.59928571428566	1	6	bkgrnd-marine-broth.mzML,2-6D03.mzML	7	CCMSLIB00000007118	99.0	specs_ms.mgf	GNPS-LIBRARY.mgf	0.724833	11181.9	469.992	4.09045	7.0	0.00106812	261.123	1.0	temp/specs_ms.mgf99	1.0	cyclo(Phe-4-Hyp)	DI-ESI	qTof	Isolated	Keyzers	R Keyzers	M+H	261.124	260.116	1.0	0					3.0	Positive	GNPS-LIBRARY	261.124	UPDATE-SINGLE-ANNOTATED-BRONZE	Bronze											mzspec:GNPS:GNPS-LIBRARY:CCMSLIB00000007118
100	2	261.126291910807	1	261.126291910807	0.0	458.2269999999999	2	0	bkgrnd-marine-broth.mzML	7	CCMSLIB00000007114	100.0	specs_ms.mgf	GNPS-LIBRARY.mgf	0.836677	17400.0	458.131	8.76525	7.0	0.00228882	261.126	1.0	temp/specs_ms.mgf100	1.0	cyclo(Phe-4-Hyp)	DI-ESI	qTof	Isolated	Keyzers	R Keyzers	M+H	261.124	260.116	1.0	0					3.0	Positive	GNPS-LIBRARY	261.124	UPDATE-SINGLE-ANNOTATED-BRONZE	Bronze											mzspec:GNPS:GNPS-LIBRARY:CCMSLIB00000007114
101	2	263.141876220703	1	263.141876220703	0.0	437.91399999999993	2	0	bkgrnd-marine-broth.mzML	7																																														
102	12	265.018559773763	1	265.018559773763	0.0	119.4185	6	6	bkgrnd-marine-broth.mzML,2-6D03.mzML	2																																														
103	6	268.106628417969	1	268.106628417969	0.0	197.58600000000004	6	0	bkgrnd-marine-broth.mzML	26	CCMSLIB00000216566	103.0	specs_ms.mgf	MASSBANK.mgf	0.940065	18611.3	197.554	397.867	8.0	0.106628	268.107	1.0	temp/specs_ms.mgf103	1.0	Massbank:KO002042 Adenosine	ESI	LC-ESI-QQ	Isolated	Putative Massbank Match	Massbank	[M+H]+	268.0	0.0	1.0	58-61-7		OC[C@@H](O1)[C@@H](O)[C@@H](O)[C@@H]1n(c3)c(n2)c(n3)c(N)nc2	1S/C10H13N5O4/c11-8-5-9(13-2-12-8)15(3-14-5)10-7(18)6(17)4(1-16)19-10/h2-4,6-7,10,16-18H,1H2,(H2,11,12,13)/t4-,6-,7-,10-/m1/s1		3.0	Positive	MASSBANK	268.0	UPDATE-SINGLE-ANNOTATED-BRONZE	Bronze		C10H13N5O4	OIRDTQYFTABQOQ-KQYNXXCUSA-N	OIRDTQYFTABQOQ				Nucleosides	Purine nucleos(t)ides	Carbohydrates	mzspec:GNPS:GNPS-LIBRARY:CCMSLIB00000216566
104	2	268.107604980469	1	268.107604980469	0.0	195.3015	0	2	2-6D03.mzML	-1	CCMSLIB00005738526	104.0	specs_ms.mgf	MASSBANK.mgf	0.709819	7254.2	195.397	3643.45	6.0	0.980408	268.108	1.0	temp/specs_ms.mgf104	1.0	Massbank:RP011003 Inosine|9-[(2R,3R,4S,5R)-3,4-dihydroxy-5-(hydroxymethyl)oxolan-2-yl]-3H-purin-6-one	ESI	qTof	Isolated	Massbank	Massbank	M+H	269.088	0.0	1.0	58-63-9		OC[C@H]1O[C@H]([C@H](O)[C@@H]1O)N1C=NC2=C(O)N=CN=C12	1S/C10H12N4O5/c15-1-4-6(16)7(17)10(19-4)14-3-13-5-8(14)11-2-12-9(5)18/h2-4,6-7,10,15-17H,1H2,(H,11,12,18)/t4-,6-,7-,10-/m1/s1		3.0	Positive	MASSBANK	269.088	UPDATE-SINGLE-ANNOTATED-BRONZE	Bronze		C10H12N4O5	UGQMRVRMYYASKQ-KQYNXXCUSA-N	UGQMRVRMYYASKQ				Nucleosides	Purine nucleos(t)ides	Carbohydrates	mzspec:GNPS:GNPS-LIBRARY:CCMSLIB00005738526
105	3	273.187754313151	1	273.187754313151	0.0	200.1283333333333	0	3	2-6D03.mzML	-1																																														
106	2	273.187754313151	1	273.187754313151	0.0	200.9355	0	2	2-6D03.mzML	-1																																														
107	6	274.178975423177	1	274.178975423177	0.0	361.6316666666666	6	0	bkgrnd-marine-broth.mzML	41																																														
108	9	274.27554321289034	1	274.27554321289034	0.0	542.7232222222221	3	6	bkgrnd-marine-broth.mzML,2-6D03.mzML	-1	CCMSLIB00005761025	108.0	specs_ms.mgf	MASSBANK.mgf	0.800807	6843.8	542.176	1.78027	7.0	0.000488281	274.274	1.0	temp/specs_ms.mgf108	1.0	Massbank:LU030804 Lauryldiethanolamine|2-[dodecyl(2-hydroxyethyl)amino]ethanol	ESI	Hybrid FT	Isolated	Massbank	Massbank	M+H	274.274	0.0	1.0	1541-67-9		CCCCCCCCCCCCN(CCO)CCO	1S/C16H35NO2/c1-2-3-4-5-6-7-8-9-10-11-12-17(13-15-18)14-16-19/h18-19H,2-16H2,1H3		3.0	Positive	MASSBANK	274.274	UPDATE-SINGLE-ANNOTATED-BRONZE	Bronze		C16H35NO2	NKFNBVMJTSYZDV-UHFFFAOYSA-N	NKFNBVMJTSYZDV	Organic nitrogen compounds	Organonitrogen compounds	Amines	Fatty acyls|Fatty amides	Fatty alcohols|N-acyl ethanolamines (endocannabinoids)	Fatty acids	mzspec:GNPS:GNPS-LIBRARY:CCMSLIB00005761025
109	3	284.101715087891	1	284.101715087891	0.0	219.28	3	0	bkgrnd-marine-broth.mzML	26	CCMSLIB00003136679	109.0	specs_ms.mgf	GNPS-NIST14-MATCHES.mgf	0.936613	26172.4	220.255	6.01543	6.0	0.00170898	284.102	1.0	temp/specs_ms.mgf109	1.0	Spectral Match to Guanosine from NIST14	ESI	QqQ	Isolated	Data from Dorrestein	Data deposited by quinnr	M+H	284.1	0.0	1.0	118003					3.0	Positive	GNPS-NIST14-MATCHES	284.1	UPDATE-SINGLE-ANNOTATED-BRONZE	Bronze											mzspec:GNPS:GNPS-LIBRARY:CCMSLIB00003136679
110	3	284.101715087891	1	284.101715087891	0.0	219.47166666666664	3	0	bkgrnd-marine-broth.mzML	26	CCMSLIB00006684524	110.0	specs_ms.mgf	MONA.mgf	0.882013	13742.2	218.369	9.56027	6.0	0.00271606	284.102	1.0	temp/specs_ms.mgf110	1.0	GUANOSINE	ESI	qTof	isolated	MoNA	MoNA:MoNA036418	M+H	284.099	0.0	1.0			C([C@@H]1[C@H]([C@H]([C@H](N2C=NC3=C2NC(=N)N=C3O)O1)O)O)O	"""InChI=1S/C10H13N5O5/c11-10-13-7-4(8(19)14-10)12-2-15(7)9-6(18)5(17)3(1-16)20-9/h2-3,5-6,9,16-18H,1H2,(H3,11,13,14,19)/t3-,5-,6-,9-/m1/s1"""		3.0	positive	MONA	284.099	UPDATE-SINGLE-ANNOTATED-BRONZE	Bronze		C10H13N5O5	NYHBQMYGNKIUIF-UUOKFMHZSA-N	NYHBQMYGNKIUIF				Nucleosides	Purine nucleos(t)ides	Carbohydrates	mzspec:GNPS:GNPS-LIBRARY:CCMSLIB00006684524
111	65	286.2218177083784	1	286.22181770837835	0.0	620.8737384615384	35	30	bkgrnd-marine-broth.mzML,2-6D03.mzML	17																																														
112	34	286.222385301343	1	286.222385301343	0.0	662.6816813725488	23	11	bkgrnd-marine-broth.mzML,2-6D03.mzML	17																																														
113	89	286.2207584245476	1	286.2207584245477	0.0	620.7668913857677	25	64	bkgrnd-marine-broth.mzML,2-6D03.mzML	17																																														
114	56	286.2214392022971	1	286.2214392022971	0.0	547.9956577380951	25	31	bkgrnd-marine-broth.mzML,2-6D03.mzML	17																																														
115	10	291.25467325846387	1	291.25467325846387	0.0	835.9915000000001	4	6	bkgrnd-marine-broth.mzML,2-6D03.mzML	13																																														
116	18	298.255930582682	1	298.255930582682	0.0	917.781277777778	0	18	2-6D03.mzML	-1																																														
117	2	300.217569986979	1	300.217569986979	0.0	727.155	0	2	2-6D03.mzML	-1																																														
118	6	302.28707885742193	1	302.28707885742193	0.0	19.79844444444444	0	6	2-6D03.mzML	17																																														
119	102	304.23062073950695	1	304.2306207395065	0.0	438.9841944444445	18	84	bkgrnd-marine-broth.mzML,2-6D03.mzML	17																																														
120	12	304.3023376464846	1	304.3023376464846	0.0	649.2436666666667	6	6	bkgrnd-marine-broth.mzML,2-6D03.mzML	28	CCMSLIB00012350791	120.0	specs_ms.mgf	MSNLIB-POSITIVE.mgf	0.949881	68438.3	649.177	0.601727	6.0	0.000183105	304.3	1.0	temp/specs_ms.mgf120	1.0	Benzododecinium	ESI	Orbitrap	Crude	Tomas Pluskal	Corinna Brungs	[M]+	304.3	304.3	1.0			CCCCCCCCCCCC[N+](C)(C)Cc1ccccc1	InChI=1S/C21H38N/c1-4-5-6-7-8-9-10-11-12-16-19-22(2,3)20-21-17-14-13-15-18-21/h13-15,17-18H,4-12,16,19-20H2,1-3H3/q+1	CYDRXTMLKJDRQH-UHFFFAOYSA-N	1.0	Positive	MSNLIB-POSITIVE	304.3	UPDATE-SINGLE-ANNOTATED-GOLD	Gold			CYDRXTMLKJDRQH-UHFFFAOYSA-N	CYDRXTMLKJDRQH	Benzenoids	Benzene and substituted derivatives	Phenylmethylamines				mzspec:GNPS:GNPS-LIBRARY:CCMSLIB00012350791
121	12	308.28166198730463	1	308.28166198730463	0.0	836.9598333333334	6	6	bkgrnd-marine-broth.mzML,2-6D03.mzML	13																																														
122	18	328.27131400564605	1	328.271314005646	0.0	529.995574074074	11	7	bkgrnd-marine-broth.mzML,2-6D03.mzML	17																																														
123	13	328.2713348091248	1	328.2713348091248	0.0	353.15448717948726	8	5	bkgrnd-marine-broth.mzML,2-6D03.mzML	17																																														
124	122	328.27093272221754	1	328.2709327222183	0.0	627.5141953551912	65	57	bkgrnd-marine-broth.mzML,2-6D03.mzML	17																																														
125	23	328.27214885828954	1	328.2721488582894	0.0	459.24578260869566	18	5	bkgrnd-marine-broth.mzML,2-6D03.mzML	17																																														
126	122	328.27081301695506	1	328.2708130169558	0.0	615.4043620218579	62	60	bkgrnd-marine-broth.mzML,2-6D03.mzML	17																																														
127	31	328.27147976239536	1	328.2714797623952	0.0	463.0369247311828	20	11	bkgrnd-marine-broth.mzML,2-6D03.mzML	17																																														
128	24	328.27097594911794	1	328.2709759491177	0.0	338.6373888888889	13	11	bkgrnd-marine-broth.mzML,2-6D03.mzML	17																																														
129	7	328.273207122204	1	328.273207122204	0.0	425.4875238095239	7	0	bkgrnd-marine-broth.mzML	17																																														
130	60	329.27043253580695	1	329.27043253580666	0.0	483.3880083333333	0	60	2-6D03.mzML	17																																														
131	6	331.20065307617193	1	331.20065307617193	0.0	286.6181666666667	6	0	bkgrnd-marine-broth.mzML	41																																														
132	12	332.33391316731746	1	332.33391316731746	0.0	718.5674166666668	6	6	bkgrnd-marine-broth.mzML,2-6D03.mzML	28	CCMSLIB00003139865	132.0	specs_ms.mgf	GNPS-NIST14-MATCHES.mgf	0.89716	15247.4	715.641	1.19378	6.0	0.000396729	332.331	1.0	temp/specs_ms.mgf132	1.0	Spectral Match to Benzyltetradecyldimethylammonium from NIST14	ESI	QqQ	Isolated	Data from Pieter Dorrestein;Ruben Abagayan	Data deposited by lfnothias	Cat	332.331	0.0	1.0	16287711					3.0	Positive	GNPS-NIST14-MATCHES	332.331	UPDATE-SINGLE-ANNOTATED-BRONZE	Bronze											mzspec:GNPS:GNPS-LIBRARY:CCMSLIB00003139865
133	12	335.28216552734403	1	335.28216552734403	0.0	828.3249166666667	6	6	bkgrnd-marine-broth.mzML,2-6D03.mzML	13																																														
134	7	344.2284240722658	1	344.2284240722658	0.0	431.7957142857142	2	5	bkgrnd-marine-broth.mzML,2-6D03.mzML	3																																														
135	62	346.27804457551656	1	346.2780445755166	0.0	604.9751370967741	16	46	bkgrnd-marine-broth.mzML,2-6D03.mzML	17																																														
136	64	346.2778559645013	1	346.2778559645015	0.0	617.9328671874999	14	50	bkgrnd-marine-broth.mzML,2-6D03.mzML	17																																														
137	12	352.3087514241536	1	352.3087514241536	0.0	826.7510000000001	6	6	bkgrnd-marine-broth.mzML,2-6D03.mzML	13																																														
138	7	355.26447259812085	1	355.26447259812085	0.0	618.3612857142857	2	5	bkgrnd-marine-broth.mzML,2-6D03.mzML	11																																														
139	10	358.241357421875	1	358.24135742187497	0.0	611.2052999999999	0	10	2-6D03.mzML	-1																																														
140	12	359.196111043294	1	359.196111043294	0.0	267.57941666666665	12	0	bkgrnd-marine-broth.mzML	1																																														
141	4	359.290176391602	1	359.290176391602	0.0	838.24275	0	4	2-6D03.mzML	6	CCMSLIB00016268789	141.0	specs_ms.mgf	GNPS-REFRAME-DRUG-CCS-LIBRARY.mgf	0.863653	10975.1	836.957	2503.65	6.0	0.901794	359.29	1.0	temp/specs_ms.mgf141	1.0	JTP-4819 [CCS=193.91]	LC-ESI	ToF	Crude	Pieter Dorrestein	victoriadeleray	[M+H]+	360.192	359.184	1.0			O=C(CO)C1CCCN1C(=O)C1CCCN1C(=O)NCc1ccccc1	InChI=1S/C19H25N3O4/c23-13-17(24)15-8-4-10-21(15)18(25)16-9-5-11-22(16)19(26)20-12-14-6-2-1-3-7-14/h1-3,6-7,15-16,23H,4-5,8-13H2,(H,20,26)		1.0	Positive	GNPS-REFRAME-DRUG-CCS-LIBRARY	360.192	UPDATE-SINGLE-ANNOTATED-GOLD	Gold		C19H25N3O4	ICULFJDHZQTNRB-UHFFFAOYSA-N	ICULFJDHZQTNRB	Organic acids and derivatives	Carboxylic acids and derivatives	Amino acids, peptides, and analogues			Alkaloids	mzspec:GNPS:GNPS-LIBRARY:CCMSLIB00016268789
142	4	360.362091064453	1	360.362091064453	0.0	792.46575	0	4	2-6D03.mzML	28	CCMSLIB00012371985	142.0	specs_ms.mgf	MSNLIB-POSITIVE.mgf	0.708122	12017.0	790.986	3344.13	6.0	1.20108	360.362	1.0	temp/specs_ms.mgf142	1.0	{2-[(4-methoxyphenyl)amino]pteridin-4-yl}benzylamine	ESI	Orbitrap	Crude	Tomas Pluskal	Corinna Brungs	[M+H]+	359.161	358.154	1.0			COc1ccc(Nc2nc3nccnc3c(NCc3ccccc3)n2)cc1	InChI=1S/C20H18N6O/c1-27-16-9-7-15(8-10-16)24-20-25-18-17(21-11-12-22-18)19(26-20)23-13-14-5-3-2-4-6-14/h2-12H,13H2,1H3,(H2,22,23,24,25,26)	OMBFKKYJKGTEPY-UHFFFAOYSA-N	1.0	Positive	MSNLIB-POSITIVE	359.161	UPDATE-SINGLE-ANNOTATED-GOLD	Gold		C20H18N6O	OMBFKKYJKGTEPY-UHFFFAOYSA-N	OMBFKKYJKGTEPY						Alkaloids	mzspec:GNPS:GNPS-LIBRARY:CCMSLIB00012371985
143	4	373.276692708333	1	373.276692708333	0.0	616.8742500000001	2	2	bkgrnd-marine-broth.mzML,2-6D03.mzML	11	CCMSLIB00012361803	143.0	specs_ms.mgf	MSNLIB-POSITIVE.mgf	0.774911	21084.4	617.695	0.0817565	10.0	3.05176e-05	373.274	1.0	temp/specs_ms.mgf143	1.0	cholic acid	ESI	Orbitrap	Crude	Tomas Pluskal	Corinna Brungs	[M+H-2H2O]+	373.274	408.288	1.0			C[C@H](CCC(=O)O)[C@H]1CC[C@H]2[C@@H]3[C@H](O)C[C@@H]4C[C@H](O)CC[C@]4(C)[C@H]3C[C@H](O)[C@]12C	InChI=1S/C24H40O5/c1-13(4-7-21(28)29)16-5-6-17-22-18(12-20(27)24(16,17)3)23(2)9-8-15(25)10-14(23)11-19(22)26/h13-20,22,25-27H,4-12H2,1-3H3,(H,28,29)/t13-,14+,15-,16-,17+,18+,19-,20+,22+,23+,24-/m1/s1	BHQCQFFYRZLCQQ-OELDTZBJSA-N	1.0	Positive	MSNLIB-POSITIVE	373.274	UPDATE-SINGLE-ANNOTATED-GOLD	Gold		C24H40O5	BHQCQFFYRZLCQQ-OELDTZBJSA-N	BHQCQFFYRZLCQQ	Lipids and lipid-like molecules	Steroids and steroid derivatives	Bile acids, alcohols and derivatives	Steroids	Cholane steroids	Terpenoids	mzspec:GNPS:GNPS-LIBRARY:CCMSLIB00012361803
144	12	379.3081970214839	1	379.3081970214839	0.0	820.9640833333334	6	6	bkgrnd-marine-broth.mzML,2-6D03.mzML	13																																														
145	2	385.249328613281	1	385.249328613281	0.0	442.302	2	0	bkgrnd-marine-broth.mzML	-1																																														
146	9	388.2553304036459	1	388.2553304036459	0.0	439.15277777777777	3	6	bkgrnd-marine-broth.mzML,2-6D03.mzML	3	CCMSLIB00004721221	146.0	specs_ms.mgf	MONA.mgf	0.820757	23904.5	436.421	4650.77	7.0	1.81412	388.254	1.0	temp/specs_ms.mgf146	1.0	GALANTHAMINE HYDROBROMIDE		ESI-QFT	isolated	MoNA	MoNA:VF-NPL-QEHF027640	[M+Na]+	390.068	0.0	1.0			Br.COc1ccc2c3c1OC1CC(O)C=CC31CCN(C)C2	InChI=1S/C17H21NO3.BrH/c1-18-8-7-17-6-5-12(19)9-14(17)21-16-13(20-2)4-3-11(10-18)15(16)17;/h3-6,12,14,19H,7-10H2,1-2H3;1H		3.0	positive	MONA	390.068	UPDATE-SINGLE-ANNOTATED-BRONZE	Bronze		C17H22BrNO3	QORVDGQLPPAFRS-UHFFFAOYSA-N	QORVDGQLPPAFRS	Alkaloids and derivatives	Amaryllidaceae alkaloids	Galanthamine-type amaryllidaceae alkaloids	Tyrosine alkaloids	Amarylidaceae alkaloids	Alkaloids	mzspec:GNPS:GNPS-LIBRARY:CCMSLIB00004721221
147	12	396.3369394938148	1	396.3369394938148	0.0	819.1343333333334	6	6	bkgrnd-marine-broth.mzML,2-6D03.mzML	13																																														
148	2	401.292627970378	1	401.292627970378	0.0	819.8459999999999	1	1	bkgrnd-marine-broth.mzML,2-6D03.mzML	15																																														
149	2	419.233673095703	1	419.233673095703	0.0	459.379	2	0	bkgrnd-marine-broth.mzML	-1																																														
150	12	423.3348744710285	1	423.3348744710284	0.0	814.1389166666667	6	6	bkgrnd-marine-broth.mzML,2-6D03.mzML	13																																														
151	3	426.32127888997394	1	426.32127888997394	0.0	617.8873333333333	0	3	2-6D03.mzML	11	CCMSLIB00004691588	151.0	specs_ms.mgf	MONA.mgf	0.731873	17774.5	619.887	0.644252	13.0	0.000274658	426.321	1.0	temp/specs_ms.mgf151	1.0	Cholic Acid		ESI-QFT	isolated	MoNA	MoNA:VF-NPL-QEHF000525	[M+NH4]+	426.321	0.0	1.0			C[C@H](CCC(=O)O)[C@H]1CC[C@H]2[C@@H]3[C@H](O)C[C@@H]4C[C@H](O)CC[C@]4(C)[C@H]3C[C@H](O)[C@]12C	InChI=1S/C24H40O5/c1-13(4-7-21(28)29)16-5-6-17-22-18(12-20(27)24(16,17)3)23(2)9-8-15(25)10-14(23)11-19(22)26/h13-20,22,25-27H,4-12H2,1-3H3,(H,28,29)/t13-,14+,15-,16-,17+,18+,19-,20+,22+,23+,24-/m1/s1		3.0	positive	MONA	426.321	UPDATE-SINGLE-ANNOTATED-BRONZE	Bronze		C24H40O5	BHQCQFFYRZLCQQ-OELDTZBJSA-N	BHQCQFFYRZLCQQ	Lipids and lipid-like molecules	Steroids and steroid derivatives	Bile acids, alcohols and derivatives	Steroids	Cholane steroids	Terpenoids	mzspec:GNPS:GNPS-LIBRARY:CCMSLIB00004691588
152	4	428.254776000977	1	428.254776000977	0.0	423.834	4	0	bkgrnd-marine-broth.mzML	-1																																														
153	6	430.233734130859	1	430.233734130859	0.0	415.7758333333333	6	0	bkgrnd-marine-broth.mzML	1																																														
154	2	430.242970784505	1	430.242970784505	0.0	470.9945	0	2	2-6D03.mzML	8																																														
155	2	430.242970784505	1	430.242970784505	0.0	471.186	0	2	2-6D03.mzML	8																																														
156	6	431.202779134115	1	431.202779134115	0.0	535.9219999999999	0	6	2-6D03.mzML	6																																														
157	10	432.2826721191406	1	432.2826721191406	0.0	444.17	4	6	bkgrnd-marine-broth.mzML,2-6D03.mzML	3																																														
158	2	440.218688964844	1	440.218688964844	0.0	428.516	0	2	2-6D03.mzML	1																																														
159	6	440.25493367513	1	440.25493367513	0.0	429.6103333333333	6	0	bkgrnd-marine-broth.mzML	1																																														
160	11	440.36267552231305	1	440.36267552231305	0.0	809.9043636363637	5	6	bkgrnd-marine-broth.mzML,2-6D03.mzML	13																																														
161	6	440.41356404622405	1	440.41356404622405	0.0	733.1523333333334	3	3	bkgrnd-marine-broth.mzML,2-6D03.mzML	10																																														
162	6	440.41356404622405	1	440.41356404622405	0.0	733.3443333333333	3	3	bkgrnd-marine-broth.mzML,2-6D03.mzML	10																																														
163	6	444.289154052734	1	444.289154052734	0.0	605.994	0	6	2-6D03.mzML	-1																																														
164	10	444.2997070312505	1	444.2997070312505	0.0	736.1916999999999	4	6	bkgrnd-marine-broth.mzML,2-6D03.mzML	-1																																														
165	2	445.314320882161	1	445.314320882161	0.0	814.995	0	2	2-6D03.mzML	15																																														
166	3	447.349294026693	1	447.349294026693	0.0	820.9879999999999	3	0	bkgrnd-marine-broth.mzML	6																																														
167	3	450.321889241536	1	450.321889241536	0.0	639.0846666666665	0	3	2-6D03.mzML	11	CCMSLIB00012336931	167.0	specs_ms.mgf	MSNLIB-POSITIVE.mgf	0.816987	24402.0	640.188	1.96529	9.0	0.00088501	450.322	1.0	temp/specs_ms.mgf167	1.0	glycodeoxycholic acid	ESI	Orbitrap	Crude	Tomas Pluskal	Corinna Brungs	[M+H]+	450.321	449.314	1.0			C[C@H](CCC(=O)NCC(=O)O)[C@H]1CC[C@H]2[C@@H]3CC[C@@H]4C[C@H](O)CC[C@]4(C)[C@H]3C[C@H](O)[C@]12C	InChI=1S/C26H43NO5/c1-15(4-9-23(30)27-14-24(31)32)19-7-8-20-18-6-5-16-12-17(28)10-11-25(16,2)21(18)13-22(29)26(19,20)3/h15-22,28-29H,4-14H2,1-3H3,(H,27,30)(H,31,32)/t15-,16-,17-,18+,19-,20+,21+,22+,25+,26-/m1/s1	WVULKSPCQVQLCU-BUXLTGKBSA-N	1.0	Positive	MSNLIB-POSITIVE	450.321	UPDATE-SINGLE-ANNOTATED-GOLD	Gold		C26H43NO5	WVULKSPCQVQLCU-BUXLTGKBSA-N	WVULKSPCQVQLCU	Lipids and lipid-like molecules	Steroids and steroid derivatives	Bile acids, alcohols and derivatives	Steroids	Cholane steroids	Terpenoids	mzspec:GNPS:GNPS-LIBRARY:CCMSLIB00012336931
168	2	456.249816894531	1	456.249816894531	0.0	423.603	2	0	bkgrnd-marine-broth.mzML	1																																														
169	3	458.26589965820295	1	458.26589965820295	0.0	426.754	3	0	bkgrnd-marine-broth.mzML	-1																																														
170	2	460.244934082031	1	460.244934082031	0.0	417.519	2	0	bkgrnd-marine-broth.mzML	1																																														
171	4	466.320170084635	1	466.320170084635	0.0	549.9372500000001	2	2	bkgrnd-marine-broth.mzML,2-6D03.mzML	11	CCMSLIB00012282092	171.0	specs_ms.mgf	MSNLIB-POSITIVE.mgf	0.774132	57502.7	550.562	1.6361	13.0	0.000762939	466.317	1.0	temp/specs_ms.mgf171	1.0	Glycocholic acid	ESI	Orbitrap	Crude	Tomas Pluskal	Corinna Brungs	[M+H]+	466.316	465.309	1.0			C[C@H](CCC(=O)NCC(=O)O)[C@H]1CC[C@H]2[C@@H]3[C@H](O)C[C@@H]4C[C@H](O)CC[C@]4(C)[C@H]3C[C@H](O)[C@]12C	InChI=1S/C26H43NO6/c1-14(4-7-22(31)27-13-23(32)33)17-5-6-18-24-19(12-21(30)26(17,18)3)25(2)9-8-16(28)10-15(25)11-20(24)29/h14-21,24,28-30H,4-13H2,1-3H3,(H,27,31)(H,32,33)/t14-,15+,16-,17-,18+,19+,20-,21+,24+,25+,26-/m1/s1	RFDAIACWWDREDC-FRVQLJSFSA-N	1.0	Positive	MSNLIB-POSITIVE	466.316	UPDATE-SINGLE-ANNOTATED-GOLD	Gold		C26H43NO6	RFDAIACWWDREDC-FRVQLJSFSA-N	RFDAIACWWDREDC	Lipids and lipid-like molecules	Steroids and steroid derivatives	Bile acids, alcohols and derivatives	Steroids	Cholane steroids	Terpenoids	mzspec:GNPS:GNPS-LIBRARY:CCMSLIB00012282092
172	2	467.357772827148	1	467.357772827148	0.0	807.7115	0	2	2-6D03.mzML	10																																														
173	2	467.357772827148	1	467.357772827148	0.0	807.9030000000001	0	2	2-6D03.mzML	10																																														
174	3	470.331909179688	1	470.331909179688	0.0	655.3366666666667	0	3	2-6D03.mzML	3																																														
175	3	470.331909179688	1	470.331909179688	0.0	655.528	0	3	2-6D03.mzML	3																																														
176	12	476.30969238281256	1	476.30969238281256	0.0	448.69049999999993	6	6	bkgrnd-marine-broth.mzML,2-6D03.mzML	3																																														
177	6	477.3346184624567	1	477.3346184624567	0.0	619.2351666666668	2	4	bkgrnd-marine-broth.mzML,2-6D03.mzML	6																																														
178	3	481.260762532552	1	481.260762532552	0.0	447.9046666666666	0	3	2-6D03.mzML	15																																														
179	2	481.2640024820965	1	481.2640024820965	0.0	448.85	1	1	bkgrnd-marine-broth.mzML,2-6D03.mzML	15																																														
180	2	482.367950439453	1	482.367950439453	0.0	890.583	0	2	2-6D03.mzML	3																																														
181	2	482.367950439453	1	482.367950439453	0.0	891.5825	0	2	2-6D03.mzML	3																																														
182	12	483.2527974446616	1	483.2527974446616	0.0	728.7752499999999	6	6	bkgrnd-marine-broth.mzML,2-6D03.mzML	-1																																														
183	2	483.289916992188	1	483.289916992188	0.0	444.824	0	2	2-6D03.mzML	-1																																														
184	12	484.3897196451822	1	484.3897196451823	0.0	802.9205833333334	6	6	bkgrnd-marine-broth.mzML,2-6D03.mzML	13																																														
185	6	488.2404073079429	1	488.2404073079429	0.0	413.64699999999993	6	0	bkgrnd-marine-broth.mzML	1																																														
186	3	489.339396158854	1	489.339396158854	0.0	807.341	0	3	2-6D03.mzML	15																																														
187	8	491.3742523193363	1	491.3742523193362	0.0	812.314875	6	2	bkgrnd-marine-broth.mzML,2-6D03.mzML	6																																														
188	18	495.4732886420354	1	495.4732886420354	0.0	19.49251851851852	9	9	bkgrnd-marine-broth.mzML,2-6D03.mzML	19																																														
189	18	495.4732886420354	1	495.4732886420354	0.0	19.49569444444444	9	9	bkgrnd-marine-broth.mzML,2-6D03.mzML	19																																														
190	3	498.288350423177	1	498.288350423177	0.0	597.7059999999999	0	3	2-6D03.mzML	11	CCMSLIB00012363680	190.0	specs_ms.mgf	MSNLIB-POSITIVE.mgf	0.746847	15146.0	597.45	0.734938	12.0	0.000366211	498.288	1.0	temp/specs_ms.mgf190	1.0	SCHEMBL3706	ESI	Orbitrap	Crude	Tomas Pluskal	Corinna Brungs	[M+H-H2O]+	498.288	515.292	1.0			C[C@H](CCC(=O)NCCS(=O)(=O)O)[C@H]1CC[C@H]2[C@@H]3[C@H](O)CC4C[C@H](O)CC[C@]4(C)[C@H]3C[C@H](O)[C@]12C	InChI=1S/C26H45NO7S/c1-15(4-7-23(31)27-10-11-35(32,33)34)18-5-6-19-24-20(14-22(30)26(18,19)3)25(2)9-8-17(28)12-16(25)13-21(24)29/h15-22,24,28-30H,4-14H2,1-3H3,(H,27,31)(H,32,33,34)/t15-,16?,17-,18-,19+,20+,21-,22+,24+,25+,26-/m1/s1	WBWWGRHZICKQGZ-FBJWDKEHSA-N	1.0	Positive	MSNLIB-POSITIVE	498.288	UPDATE-SINGLE-ANNOTATED-GOLD	Gold		C26H45NO7S	WBWWGRHZICKQGZ-FBJWDKEHSA-N	WBWWGRHZICKQGZ	Lipids and lipid-like molecules	Steroids and steroid derivatives	Bile acids, alcohols and derivatives	Steroids	Cholane steroids	Terpenoids	mzspec:GNPS:GNPS-LIBRARY:CCMSLIB00012363680
191	2	498.295522054036	1	498.295522054036	0.0	597.5640000000001	2	0	bkgrnd-marine-broth.mzML	11	CCMSLIB00005464700	191.0	specs_ms.mgf	BILELIB19.mgf	0.740152	11655.6	597.14	15.1275	14.0	0.00753784	498.296	1.0	temp/specs_ms.mgf191	1.0	"""2-((4R)-4-((3R,5R,7R,8R,9S,10S,12S,13R,17R)-3,7,12-trihydroxy-10,13-dimethylhexadecahydro-1H-cyclopenta[a]phenanthren-17-yl)pentanamido)ethane-1-sulfonic acid"""	ESI	qTof	crude	Dorrestein	Emily Gentry	M-H2O+H	498.288	515.292	1.0			C[C@@H]([C@H]1CC[C@]2([H])[C@]1(C)[C@@H](O)C[C@@]3([H])[C@@]2([H])[C@H](O)C[C@]4([H])[C@]3(C)CC[C@@H](O)C4)CCC(NCCS(=O)(O)=O)=O	"""InChI=1S/C26H45NO7S/c1-15(4-7-23(31)27-10-11-35(32,33)34)18-5-6-19-24-20(14-22(30)26(18,19)3)25(2)9-8-17(28)12-16(25)13-21(24)29/h15-22,24,28-30H,4-14H2,1-3H3,(H,27,31)(H,32,33,34)/t15-,16-,17-,18-,19+,20+,21-,22+,24+,25+,26-/m1/s1"""		1.0	Positive	BILELIB19	498.288	UPDATE-SINGLE-ANNOTATED-GOLD	Gold		C26H45NO7S	WBWWGRHZICKQGZ-FETCCXJJSA-N	WBWWGRHZICKQGZ	Lipids and lipid-like molecules	Steroids and steroid derivatives	Bile acids, alcohols and derivatives	Steroids	Cholane steroids	Terpenoids	mzspec:GNPS:GNPS-LIBRARY:CCMSLIB00005464700
192	4	511.292541503906	1	511.292541503906	0.0	431.57175	4	0	bkgrnd-marine-broth.mzML	1																																														
193	6	514.3582967122401	1	514.3582967122401	0.0	652.376	0	6	2-6D03.mzML	3																																														
194	2	516.299275716146	1	516.299275716146	0.0	600.4490000000001	0	2	2-6D03.mzML	11	CCMSLIB00003139053	194.0	specs_ms.mgf	GNPS-NIST14-MATCHES.mgf	0.709378	12520.2	601.257	0.472867	14.0	0.000244141	516.299	1.0	temp/specs_ms.mgf194	1.0	Spectral Match to Taurocholic acid from NIST14	ESI	qTof	Isolated	Data from Joshua Wollam	Data deposited by fevargas	M+H	516.299	515.292	1.0	81243		C[C@H](CCC(=O)NCCS(=O)(=O)O)[C@H]1CC[C@@H]2[C@@]1([C@H](C[C@H]3[C@H]2[C@@H](C[C@H]4[C@@]3(CC[C@H](C4)O)C)O)O)C	InChI=1S/C26H45NO7S/c1-15(4-7-23(31)27-10-11-35(32,33)34)18-5-6-19-24-20(14-22(30)26(18,19)3)25(2)9-8-17(28)12-16(25)13-21(24)29/h15-22,24,28-30H,4-14H2,1-3H3,(H,27,31)(H,32,33,34)/t15-,16+,17-,18-,19+,20+,21-,22+,24+,25+,26-/m1/s1		3.0	Positive	GNPS-NIST14-MATCHES	516.299	UPDATE-SINGLE-ANNOTATED-BRONZE	Bronze		C26H45NO7S	WBWWGRHZICKQGZ-HZAMXZRMSA-N	WBWWGRHZICKQGZ	Lipids and lipid-like molecules	Steroids and steroid derivatives	Bile acids, alcohols and derivatives	Steroids	Cholane steroids	Terpenoids	mzspec:GNPS:GNPS-LIBRARY:CCMSLIB00003139053
195	4	517.238708496094	1	517.238708496094	0.0	572.2545000000001	0	4	2-6D03.mzML	-1																																														
196	6	518.358764648438	1	518.358764648438	0.0	641.5796666666666	0	6	2-6D03.mzML	-1																																														
197	10	520.3361409505209	1	520.3361409505209	0.0	452.9123	5	5	bkgrnd-marine-broth.mzML,2-6D03.mzML	3	CCMSLIB00017431428	197.0	specs_ms.mgf	GNPS-ION-MOBILITY-LIBRARY.mgf	0.705534	49136.0	450.594	1951.67	9.0	1.01355	520.339	1.0	temp/specs_ms.mgf197	1.0	C23 3a, 7b_kojic acid [CCS=212.06292724609375]	LC-ESI	ToF	Crude	Pieter Dorrestein	victoriadeleray	[M+NH4]+	519.325	502.299	1.0			C[C@H](CC(=O)Oc1coc(CO)cc1=O)[C@H]1CC[C@H]2[C@@H]3[C@@H](O)C[C@@H]4C[C@H](O)CC[C@]4(C)[C@H]3CC[C@]12C	InChI=1S/C29H42O7/c1-16(10-26(34)36-25-15-35-19(14-30)13-23(25)32)20-4-5-21-27-22(7-9-29(20,21)3)28(2)8-6-18(31)11-17(28)12-24(27)33/h13,15-18,20-22,24,27,30-31,33H,4-12,14H2,1-3H3/t16-,17+,18-,20-,21+,22+,24+,27+,28+,29-/m1/s1		1.0	Positive	GNPS-ION-MOBILITY-LIBRARY	519.325	UPDATE-SINGLE-ANNOTATED-GOLD	Gold		C29H42O7	CJTAEJMPVLHPJH-ZWRVDEOFSA-N	CJTAEJMPVLHPJH				Steroids	Cholestane steroids	Terpenoids	mzspec:GNPS:GNPS-LIBRARY:CCMSLIB00017431428
198	3	522.224914550781	1	522.224914550781	0.0	428.886	3	0	bkgrnd-marine-broth.mzML	1																																														
199	2	525.286804199219	1	525.286804199219	0.0	453.0675	0	2	2-6D03.mzML	15																																														
200	12	526.398132324219	1	526.398132324219	0.0	880.6036666666666	6	6	bkgrnd-marine-broth.mzML,2-6D03.mzML	3																																														
201	2	527.287231445313	1	527.287231445313	0.0	398.21100000000007	2	0	bkgrnd-marine-broth.mzML	45																																														
202	2	527.315795898438	1	527.315795898438	0.0	449.973	0	2	2-6D03.mzML	-1																																														
203	12	528.4152425130209	1	528.4152425130209	0.0	797.05725	6	6	bkgrnd-marine-broth.mzML,2-6D03.mzML	13																																														
204	18	530.3793741861979	1	530.379374186198	0.0	19.229907407407406	0	18	2-6D03.mzML	6																																														
205	2	531.354207356771	1	531.354207356771	0.0	883.587	1	1	bkgrnd-marine-broth.mzML,2-6D03.mzML	15																																														
206	6	533.329142252604	1	533.329142252604	0.0	596.5195000000001	3	3	bkgrnd-marine-broth.mzML,2-6D03.mzML	11	CCMSLIB00006680127	206.0	specs_ms.mgf	MONA.mgf	0.707702	26204.8	598.49	0.572212	16.0	0.000305176	533.326	1.0	temp/specs_ms.mgf206	1.0	TAUROCHOLIC ACID	ESI	Orbitrap	isolated	MoNA	MoNA:MoNA038726	M+NH4	533.326	0.0	1.0			C[C@H](CC/C(=N/CCS(=O)(=O)O)/O)[C@H]1CC[C@H]2[C@H]3[C@H](C[C@@H]([C@]12C)O)[C@@]4(C)CC[C@H](C[C@H]4C[C@H]3O)O	"""InChI=1S/C26H45NO7S/c1-15(4-7-23(31)27-10-11-35(32,33)34)18-5-6-19-24-20(14-22(30)26(18,19)3)25(2)9-8-17(28)12-16(25)13-21(24)29/h15-22,24,28-30H,4-14H2,1-3H3,(H,27,31)(H,32,33,34)/t15-,16+,17-,18-,19+,20+,21-,22+,24+,25+,26-/m1/s1"""		3.0	positive	MONA	533.326	UPDATE-SINGLE-ANNOTATED-BRONZE	Bronze		C26H45NO7S	WBWWGRHZICKQGZ-HZAMXZRMSA-N	WBWWGRHZICKQGZ	Lipids and lipid-like molecules	Steroids and steroid derivatives	Bile acids, alcohols and derivatives	Steroids	Cholane steroids|Cholestane steroids	Terpenoids	mzspec:GNPS:GNPS-LIBRARY:CCMSLIB00006680127
207	4	533.327412923177	1	533.327412923177	0.0	596.90075	1	3	bkgrnd-marine-broth.mzML,2-6D03.mzML	11	CCMSLIB00012363711	207.0	specs_ms.mgf	MSNLIB-POSITIVE.mgf	0.722961	20603.8	597.834	0.572212	13.0	0.000305176	533.326	1.0	temp/specs_ms.mgf207	1.0	SCHEMBL3706	ESI	Orbitrap	Crude	Tomas Pluskal	Corinna Brungs	[M+NH4]+	533.326	515.292	1.0			C[C@H](CCC(=O)NCCS(=O)(=O)O)[C@H]1CC[C@H]2[C@@H]3[C@H](O)CC4C[C@H](O)CC[C@]4(C)[C@H]3C[C@H](O)[C@]12C	InChI=1S/C26H45NO7S/c1-15(4-7-23(31)27-10-11-35(32,33)34)18-5-6-19-24-20(14-22(30)26(18,19)3)25(2)9-8-17(28)12-16(25)13-21(24)29/h15-22,24,28-30H,4-14H2,1-3H3,(H,27,31)(H,32,33,34)/t15-,16?,17-,18-,19+,20+,21-,22+,24+,25+,26-/m1/s1	WBWWGRHZICKQGZ-FBJWDKEHSA-N	1.0	Positive	MSNLIB-POSITIVE	533.326	UPDATE-SINGLE-ANNOTATED-GOLD	Gold		C26H45NO7S	WBWWGRHZICKQGZ-FBJWDKEHSA-N	WBWWGRHZICKQGZ	Lipids and lipid-like molecules	Steroids and steroid derivatives	Bile acids, alcohols and derivatives	Steroids	Cholane steroids	Terpenoids	mzspec:GNPS:GNPS-LIBRARY:CCMSLIB00012363711
208	2	533.365763346354	1	533.365763346354	0.0	798.3704999999999	0	2	2-6D03.mzML	15																																														
209	4	533.3677571614583	1	533.3677571614583	0.0	800.7535000000001	1	3	bkgrnd-marine-broth.mzML,2-6D03.mzML	15																																														
210	10	534.3585978190101	1	534.3585978190101	0.0	553.239	6	4	bkgrnd-marine-broth.mzML,2-6D03.mzML	6																																														
211	10	535.397998046875	1	535.3979980468749	0.0	806.5291999999998	4	6	bkgrnd-marine-broth.mzML,2-6D03.mzML	6																																														
212	2	537.266418457031	1	537.266418457031	0.0	445.208	0	2	2-6D03.mzML	1																																														
213	2	538.280639648438	1	538.280639648438	0.0	602.507	0	2	2-6D03.mzML	-1	CCMSLIB00003134637	213.0	specs_ms.mgf	GNPS-NIST14-MATCHES.mgf	0.722973	7742.3	602.603	0.680334	12.0	0.000366211	538.281	1.0	temp/specs_ms.mgf213	1.0	Spectral Match to Taurocholic acid from NIST14	ESI	Q-TOF	Isolated	Data from Joshua Wollam	Data deposited by fevargas	M+Na	538.281	0.0	1.0	81243					3.0	Positive	GNPS-NIST14-MATCHES	538.281	UPDATE-SINGLE-ANNOTATED-BRONZE	Bronze											mzspec:GNPS:GNPS-LIBRARY:CCMSLIB00003134637
214	6	539.289184570313	1	539.289184570313	0.0	399.7421666666667	0	6	2-6D03.mzML	1																																														
215	6	542.3503214518231	1	542.3503214518231	0.0	19.421722222222225	0	6	2-6D03.mzML	-1																																														
216	3	554.299194335938	1	554.299194335938	0.0	396.359	0	3	2-6D03.mzML	1																																														
217	2	554.299194335938	1	554.299194335938	0.0	396.591	0	2	2-6D03.mzML	45																																														
218	6	558.384440104167	1	558.384440104167	0.0	649.784	0	6	2-6D03.mzML	3																																														
219	12	564.3620808919271	1	564.3620808919271	0.0	456.0998333333334	6	6	bkgrnd-marine-broth.mzML,2-6D03.mzML	3																																														
220	2	569.318298339844	1	569.318298339844	0.0	455.388	1	1	bkgrnd-marine-broth.mzML,2-6D03.mzML	15																																														
221	3	570.217325846354	1	570.217325846354	0.0	603.7429999999999	0	3	2-6D03.mzML	-1																																														
222	11	570.4250839695785	1	570.4250839695785	0.0	872.9657272727272	6	5	bkgrnd-marine-broth.mzML,2-6D03.mzML	3																																														
223	12	572.4420572916664	1	572.4420572916664	0.0	791.6823333333334	6	6	bkgrnd-marine-broth.mzML,2-6D03.mzML	13																																														
224	4	577.392130533854	1	577.392130533854	0.0	796.466	0	4	2-6D03.mzML	15																																														
225	6	579.4205932617189	1	579.4205932617189	0.0	802.4894999999999	0	6	2-6D03.mzML	6																																														
226	6	584.310546875	1	584.310546875	0.0	416.1063333333333	3	3	bkgrnd-marine-broth.mzML,2-6D03.mzML	1																																														
227	5	584.310664876302	1	584.310664876302	0.0	417.06	2	3	bkgrnd-marine-broth.mzML,2-6D03.mzML	1																																														
228	6	586.3226928710936	1	586.3226928710936	0.0	433.22	4	2	bkgrnd-marine-broth.mzML,2-6D03.mzML	-1																																														
229	2	587.31689453125	1	587.31689453125	0.0	469.049	0	2	2-6D03.mzML	1																																														
230	12	608.3881022135416	1	608.3881022135416	0.0	458.42	6	6	bkgrnd-marine-broth.mzML,2-6D03.mzML	3	CCMSLIB00004698561	230.0	specs_ms.mgf	MONA.mgf	0.828552	42094.0	457.747	1726.51	8.0	1.04858	608.392	1.0	temp/specs_ms.mgf230	1.0	dehydroxynocardamine		ESI-QFT	isolated	MoNA	MoNA:VF-NPL-QEHF007498	[M+Na]+	607.343	0.0	1.0			O=C1CCC(O)=NCCCCCN=C(O)CCC(O)=NCCCCCN(O)C(=O)CCC(O)=NCCCCCN1O	InChI=1S/C27H48N6O8/c34-22-10-11-23(35)29-18-6-2-8-20-32(40)27(39)15-13-25(37)31-19-7-3-9-21-33(41)26(38)14-12-24(36)30-17-5-1-4-16-28-22/h40-41H,1-21H2,(H,28,34)(H,29,35)(H,30,36)(H,31,37)		3.0	positive	MONA	607.343	UPDATE-SINGLE-ANNOTATED-BRONZE	Bronze		C27H48N6O8	ABHHIGWFFMCQOC-UHFFFAOYSA-N	ABHHIGWFFMCQOC						Alkaloids	mzspec:GNPS:GNPS-LIBRARY:CCMSLIB00004698561
231	2	612.3375244140625	1	612.3375244140625	0.0	429.392	1	1	bkgrnd-marine-broth.mzML,2-6D03.mzML	1																																														
232	2	612.3375244140625	1	612.3375244140625	0.0	429.584	1	1	bkgrnd-marine-broth.mzML,2-6D03.mzML	1	CCMSLIB00010152018	232.0	specs_ms.mgf	MCE-DRUG.mgf	0.700871	36569.4	429.707	1672.45	6.0	1.0224	612.341	1.0	temp/specs_ms.mgf232	1.0	BQ-123	ESI	Orbitrap	Crude	Tomas Pluskal	Corinna Brungs	M+H	611.319	610.312	1.0			CC(C)C[C@@H]1NC(=O)[C@@H](C(C)C)NC(=O)[C@@H]2CCCN2C(=O)[C@@H](CC(=O)O)NC(=O)[C@@H](Cc2c[nH]c3ccccc23)NC1=O	"""InChI=1S/C31H42N6O7/c1-16(2)12-21-27(40)33-22(13-18-15-32-20-9-6-5-8-19(18)20)28(41)35-23(14-25(38)39)31(44)37-11-7-10-24(37)29(42)36-26(17(3)4)30(43)34-21/h5-6,8-9,15-17,21-24,26,32H,7,10-14H2,1-4H3,(H,33,40)(H,34,43)(H,35,41)(H,36,42)(H,38,39)/t21-,22+,23+,24-,26+/m0/s1"""	VYCMAAOURFJIHD-PJNXIOHISA-N	3.0	Positive	MCE-DRUG	611.319	UPDATE-SINGLE-ANNOTATED-BRONZE	Bronze		C31H42N6O7	VYCMAAOURFJIHD-PJNXIOHISA-N	VYCMAAOURFJIHD	Organic acids and derivatives	Carboxylic acids and derivatives	Amino acids, peptides, and analogues	Oligopeptides	Cyclic peptides	Amino acids and Peptides	mzspec:GNPS:GNPS-LIBRARY:CCMSLIB00010152018
233	4	612.3375244140625	1	612.3375244140625	0.0	437.023	2	2	bkgrnd-marine-broth.mzML,2-6D03.mzML	1																																														
234	2	612.341369628906	1	612.341369628906	0.0	439.529	2	0	bkgrnd-marine-broth.mzML	42																																														
235	4	614.357238769531	1	614.357238769531	0.0	442.917	4	0	bkgrnd-marine-broth.mzML	42																																														
236	12	614.4516092936195	1	614.4516092936194	0.0	865.998	6	6	bkgrnd-marine-broth.mzML,2-6D03.mzML	3																																														
237	12	616.4670918782557	1	616.4670918782557	0.0	785.4631666666667	6	6	bkgrnd-marine-broth.mzML,2-6D03.mzML	13																																														
238	5	618.3309570312501	1	618.3309570312501	0.0	406.3046000000001	3	2	bkgrnd-marine-broth.mzML,2-6D03.mzML	1																																														
239	5	618.3309570312501	1	618.3309570312501	0.0	406.49660000000006	3	2	bkgrnd-marine-broth.mzML,2-6D03.mzML	1																																														
240	3	621.417907714844	1	621.417907714844	0.0	790.0626666666667	0	3	2-6D03.mzML	15																																														
241	6	623.446411132813	1	623.446411132813	0.0	795.722	0	6	2-6D03.mzML	6																																														
242	6	625.5503540039061	1	625.5503540039061	0.0	17.149416666666664	0	6	2-6D03.mzML	22	CCMSLIB00006678144	242.0	specs_ms.mgf	GNPS-LIBRARY.mgf	0.74802	20541.6	1028.87	1.07327	12.0	0.000671387	625.55	1.0	temp/specs_ms.mgf242	1.0	OL (32:0)	LC-ESI	Orbitrap	Other	S Ding	Su Ding	M+H	625.551	0.0	1.0						3.0	Positive	GNPS-LIBRARY	625.551	UPDATE-SINGLE-ANNOTATED-BRONZE	Bronze											mzspec:GNPS:GNPS-LIBRARY:CCMSLIB00006678144
243	6	651.565592447917	1	651.565592447917	0.0	17.274694444444442	0	6	2-6D03.mzML	22																																														
244	6	652.412658691406	1	652.412658691406	0.0	462.4156666666667	2	4	bkgrnd-marine-broth.mzML,2-6D03.mzML	3																																														
245	3	655.338887532552	1	655.338887532552	0.0	423.5776666666667	0	3	2-6D03.mzML	1																																														
246	12	658.4777221679684	1	658.4777221679684	0.0	859.503	6	6	bkgrnd-marine-broth.mzML,2-6D03.mzML	3																																														
247	10	660.492431640625	1	660.4924316406251	0.0	780.7922	4	6	bkgrnd-marine-broth.mzML,2-6D03.mzML	13																																														
248	6	667.4727172851561	1	667.4727172851561	0.0	789.3373333333332	0	6	2-6D03.mzML	6																																														
249	4	671.301177978516	1	671.301177978516	0.0	782.46275	0	4	2-6D03.mzML	6																																														
250	2	680.421691894531	1	680.421691894531	0.0	475.82700000000006	0	2	2-6D03.mzML	-1																																														
251	2	683.374572753906	1	683.374572753906	0.0	435.1205	1	1	bkgrnd-marine-broth.mzML,2-6D03.mzML	1																																														
252	7	696.4395432245162	1	696.4395432245162	0.0	462.8801428571429	3	4	bkgrnd-marine-broth.mzML,2-6D03.mzML	3																																														
253	3	702.4987589518229	1	702.4987589518229	0.0	853.1733333333334	0	3	2-6D03.mzML	3																																														
254	3	702.4987589518229	1	702.4987589518229	0.0	853.8026666666666	0	3	2-6D03.mzML	3																																														
255	6	704.5144653320311	1	704.5144653320311	0.0	774.3575000000001	0	6	2-6D03.mzML	13																																														
256	4	711.499694824219	1	711.499694824219	0.0	783.2315	0	4	2-6D03.mzML	6																																														
257	3	724.3715616861979	1	724.3715616861979	0.0	412.365	0	3	2-6D03.mzML	35																																														
258	4	740.4667053222656	1	740.4667053222656	0.0	465.4435	2	2	bkgrnd-marine-broth.mzML,2-6D03.mzML	3																																														
259	12	741.572499593099	1	741.5724995930988	0.0	19.807166666666667	0	12	2-6D03.mzML	-1																																														
260	2	746.5244140625	1	746.5244140625	0.0	849.2485	0	2	2-6D03.mzML	3																																														
261	6	748.5409138997401	1	748.5409138997401	0.0	771.0105000000001	0	6	2-6D03.mzML	13																																														
262	2	755.355651855469	1	755.355651855469	0.0	420.91	0	2	2-6D03.mzML	-1																																														
263	2	755.355651855469	1	755.355651855469	0.0	421.1025	0	2	2-6D03.mzML	1																																														
264	3	756.3587443033852	1	756.3587443033852	0.0	402.7480000000001	3	0	bkgrnd-marine-broth.mzML	-1																																														
265	3	766.382527669271	1	766.382527669271	0.0	409.83566666666667	0	3	2-6D03.mzML	-1																																														
266	3	766.382527669271	1	766.382527669271	0.0	410.02766666666673	0	3	2-6D03.mzML	1																																														
267	2	773.380737304688	1	773.380737304688	0.0	456.452	0	2	2-6D03.mzML	40																																														
268	2	773.380737304688	1	773.380737304688	0.0	456.644	0	2	2-6D03.mzML	40																																														
269	4	783.4439697265625	1	783.4439697265625	0.0	405.7945	3	1	bkgrnd-marine-broth.mzML,2-6D03.mzML	-1																																														
270	3	783.444078233507	1	783.444078233507	0.0	405.6023333333333	2	1	bkgrnd-marine-broth.mzML,2-6D03.mzML	-1																																														
271	5	784.4897583007812	1	784.4897583007812	0.0	467.356	1	4	bkgrnd-marine-broth.mzML,2-6D03.mzML	3																																														
272	6	792.5675659179689	1	792.5675659179689	0.0	766.3855000000001	0	6	2-6D03.mzML	13																																														
273	2	795.408752441406	1	795.408752441406	0.0	413.238	0	2	2-6D03.mzML	35																																														
274	5	817.5847045898436	1	817.5847045898436	0.0	619.7954000000001	1	4	bkgrnd-marine-broth.mzML,2-6D03.mzML	-1	CCMSLIB00005435982	274.0	specs_ms.mgf	GNPS-LIBRARY.mgf	0.737599	13120.1	618.437	16.1251	9.0	0.0131836	817.595	1.0	temp/specs_ms.mgf274	1.0	Cholic acid	LC-ESI	qTof	Commercial	Uwe Karst	Robin Schmid	2M+H	817.582	408.288	1.0	81-25-4	 	[H][C@@]12C[C@H](O)CC[C@]1(C)[C@@]1([H])C[C@H](O)[C@]3(C)[C@]([H])(CC[C@@]3([H])[C@]1([H])[C@H](O)C2)[C@H](C)CCC(O)=O	InChI=1S/C24H40O5/c1-13(4-7-21(28)29)16-5-6-17-22-18(12-20(27)24(16,17)3)23(2)9-8-15(25)10-14(23)11-19(22)26/h13-20,22,25-27H,4-12H2,1-3H3,(H,28,29)/t13-,14+,15-,16-,17+,18+,19-,20+,22+,23+,24-/m1/s1	BHQCQFFYRZLCQQ-OELDTZBJSA-N	3.0	Positive	GNPS-LIBRARY	817.582	UPDATE-SINGLE-ANNOTATED-BRONZE	Bronze		C24H40O5	BHQCQFFYRZLCQQ-OELDTZBJSA-N	BHQCQFFYRZLCQQ	Lipids and lipid-like molecules	Steroids and steroid derivatives	Bile acids, alcohols and derivatives	Steroids	Cholane steroids	Terpenoids	mzspec:GNPS:GNPS-LIBRARY:CCMSLIB00005435982
275	2	828.514099121094	1	828.514099121094	0.0	468.66399999999993	0	2	2-6D03.mzML	3																																														
276	6	836.5923461914061	1	836.5923461914061	0.0	763.6401666666666	0	6	2-6D03.mzML	13																																														
277	2	871.4552459716795	1	871.4552459716795	0.0	437.5045	1	1	bkgrnd-marine-broth.mzML,2-6D03.mzML	-1																																														
278	2	872.538330078125	1	872.538330078125	0.0	470.282	0	2	2-6D03.mzML	-1																																														
279	6	891.5888061523439	1	891.5888061523439	0.0	19.79158333333333	0	6	2-6D03.mzML	-1																																														
280	2	931.631622314453	1	931.631622314453	0.0	553.7044999999999	1	1	bkgrnd-marine-broth.mzML,2-6D03.mzML	-1	CCMSLIB00005464875	280.0	specs_ms.mgf	BILELIB19.mgf	0.740662	14904.0	553.504	13.9546	13.0	0.0130005	931.638	1.0	temp/specs_ms.mgf280	1.0	"""((R)-4-((3R,5S,7S,8R,9S,10S,12S,13R,14S,17R)-3,7,12-trihydroxy-10,13-dimethylhexadecahydro-1H-cyclopenta[a]phenanthren-17-yl)pentanoyl)glycine"""	ESI	qTof	crude	Dorrestein	Emily Gentry	2M+H	931.625	465.309	1.0			C[C@@H]([C@H]1CC[C@]2([H])[C@]1(C)[C@@H](O)C[C@@]3([H])[C@@]2([H])[C@@H](O)C[C@@]4([H])[C@]3(C)CC[C@@H](O)C4)CCC(NCC(O)=O)=O	"""InChI=1S/C26H43NO6/c1-14(4-7-22(31)27-13-23(32)33)17-5-6-18-24-19(12-21(30)26(17,18)3)25(2)9-8-16(28)10-15(25)11-20(24)29/h14-21,24,28-30H,4-13H2,1-3H3,(H,27,31)(H,32,33)/t14-,15+,16-,17-,18+,19+,20+,21+,24+,25+,26-/m1/s1"""		1.0	Positive	BILELIB19	931.625	UPDATE-SINGLE-ANNOTATED-GOLD	Gold		C26H43NO6	RFDAIACWWDREDC-IFZPJRIXSA-N	RFDAIACWWDREDC	Lipids and lipid-like molecules	Steroids and steroid derivatives	Bile acids, alcohols and derivatives	Steroids	Cholane steroids	Terpenoids	mzspec:GNPS:GNPS-LIBRARY:CCMSLIB00005464875
281	2	936.475921630859	1	936.475921630859	0.0	425.879	0	2	2-6D03.mzML	30																																														
282	2	938.4308013916016	1	938.4308013916016	0.0	408.417	1	1	bkgrnd-marine-broth.mzML,2-6D03.mzML	-1																																														
283	2	947.450866699219	1	947.450866699219	0.0	439.888	1	1	bkgrnd-marine-broth.mzML,2-6D03.mzML	-1																																														
284	4	947.450866699219	1	947.450866699219	0.0	441.178	2	2	bkgrnd-marine-broth.mzML,2-6D03.mzML	-1																																														
285	3	1007.5210469563804	1	1007.5210469563804	0.0	426.15899999999993	2	1	bkgrnd-marine-broth.mzML,2-6D03.mzML	30																																														
286	2	1105.584289550781	1	1105.584289550781	0.0	407.179	2	0	bkgrnd-marine-broth.mzML	-1																																														
287	2	1149.564208984375	1	1149.564208984375	0.0	419.5435	2	0	bkgrnd-marine-broth.mzML	-1																																														
288	2	1149.564208984375	1	1149.564208984375	0.0	419.7365	2	0	bkgrnd-marine-broth.mzML	30																																														
289	2	1150.5466308593757	1	1150.5466308593757	0.0	423.382	1	1	bkgrnd-marine-broth.mzML,2-6D03.mzML	30																																														
290	2	1200.565185546875	1	1200.565185546875	0.0	450.7455	2	0	bkgrnd-marine-broth.mzML	16																																														
291	2	1216.558837890625	1	1216.558837890625	0.0	448.5515	2	0	bkgrnd-marine-broth.mzML	16																																														
