SpectrumID	#Scan#	SpectrumFile	LibraryName	MQScore	TIC_Query	RT_Query	MZErrorPPM	SharedPeaks	MassDiff	SpecMZ	SpecCharge	FileScanUniqueID	NumberHits	Compound_Name	Ion_Source	Instrument	Compound_Source	PI	Data_Collector	Adduct	Precursor_MZ	ExactMass	Charge	CAS_Number	Pubmed_ID	Smiles	INCHI	INCHI_AUX	Library_Class	IonMode	Organism	LibMZ	UpdateWorkflowName	LibraryQualityString	tags	molecular_formula	InChIKey	InChIKey-Planar	superclass	class	subclass	npclassifier_superclass	npclassifier_class	npclassifier_pathway	library_usi
CCMSLIB00013639998	148	specs_ms.mgf	WINE-DB-QTOF.mgf	0.991867	194846.0	289.851	4.59364	6	0.000762939	166.087	1	temp/specs_ms.mgf148	1	Phenylalanine_(L-)_30EV	ESI	qTof	Commercial	Axel_Marchal	TE_MLS	M+H	166.086	165.19	1	63-91-2	N/A	C([C@@H](C(O)=O)N)C1=CC=CC=C1	InChI=1S/C9H11NO2/c10-8(9(11)12)6-7-4-2-1-3-5-7/h1-5,8H,6,10H2,(H,11,12)/t8-/m0/s1	N/A	1	Positive	WINE-DB-QTOF	166.086	UPDATE-SINGLE-ANNOTATED-GOLD	Gold		C9H11NO2	COLNVLDHVKWLRT-QMMMGPOBSA-N	COLNVLDHVKWLRT	Organic acids and derivatives	Carboxylic acids and derivatives	Amino acids, peptides, and analogues	Small peptides	Aminoacids	Amino acids and Peptides|Shikimates and Phenylpropanoids	mzspec:GNPS:GNPS-LIBRARY:CCMSLIB00013639998
CCMSLIB00006117187	91	specs_ms.mgf	BIRMINGHAM-UHPLC-MS-POS.mgf	0.987902	17266.4	196.719	4.1494	7	0.000564575	136.061	1	temp/specs_ms.mgf91	1	Adenine - 40.0 eV	ESI	Orbitrap	Isolated	PI	Data Collector	M+H	136.062	0.0	1		N/A	c1[nH]c(c-2ncnc2n1)N	InChI=1S/C5H5N5/c6-4-3-5(9-1-7-3)10-2-8-4/h1-2H,(H3,6,7,8,9,10)	N/A	1	Positive	BIRMINGHAM-UHPLC-MS-POS	136.062	UPDATE-SINGLE-ANNOTATED-GOLD	Gold		C5H5N5	GFFGJBXGBJISGV-UHFFFAOYSA-N	GFFGJBXGBJISGV	Organoheterocyclic compounds	Imidazopyrimidines	Purines and purine derivatives	Pseudoalkaloids		Alkaloids	mzspec:GNPS:GNPS-LIBRARY:CCMSLIB00006117187
CCMSLIB00003138038	181	specs_ms.mgf	GNPS-NIST14-MATCHES.mgf	0.981872	48819.7	435.003	15.0095	7	0.00282288	188.07	1	temp/specs_ms.mgf181	1	Spectral Match to L-Tryptophan from NIST14	ESI	HCD	Isolated	Data from Pieter Dorrestein	Data deposited by dfloros	M+H-NH3	188.073	0.0	1	73223	N/A	N/A	N/A	N/A	3	Positive	GNPS-NIST14-MATCHES	188.073	UPDATE-SINGLE-ANNOTATED-BRONZE	Bronze		N/A	N/A	N/A	N/A	N/A	N/A	N/A	N/A	N/A	mzspec:GNPS:GNPS-LIBRARY:CCMSLIB00003138038
CCMSLIB00003134604	38	specs_ms.mgf	GNPS-NIST14-MATCHES.mgf	0.967046	58932.6	201.816	16095.4	6	1.98045	121.065	1	temp/specs_ms.mgf38	1	Spectral Match to Benzoic acid from NIST14	ESI	QQQ	Isolated	Data from Rob Knight	Data deposited by aaksenov	M+H	123.045	122.037	1	65850	N/A	C1=CC=C(C=C1)C(=O)O	InChI=1S/C7H6O2/c8-7(9)6-4-2-1-3-5-6/h1-5H,(H,8,9)	N/A	3	Positive	GNPS-NIST14-MATCHES	123.045	UPDATE-SINGLE-ANNOTATED-BRONZE	Bronze		C7H6O2	WPYMKLBDIGXBTP-UHFFFAOYSA-N	WPYMKLBDIGXBTP	Benzenoids	Benzene and substituted derivatives	Benzoic acids and derivatives	Phenolic acids (C6-C1)	Simple phenolic acids	Shikimates and Phenylpropanoids	mzspec:GNPS:GNPS-LIBRARY:CCMSLIB00003134604
CCMSLIB00000427096	164	specs_ms.mgf	HMDB.mgf	0.964854	24494.9	202.964	6.36893	6	0.00115967	182.081	1	temp/specs_ms.mgf164	1	HMDB:HMDB00158-246 L-Tyrosine	Positive	Quattro_QQQ:25eV	Isolated	HMDB	HMDB	M+H	182.082	181.074	1	60-18-4	N/A	N[C@@H](CC1=CC=C(O)C=C1)C(O)=O	InChI=1S/C9H11NO3/c10-8(9(12)13)5-6-1-3-7(11)4-2-6/h1-4,8,11H,5,10H2,(H,12,13)/t8-/m0/s1	N/A	3	Positive	HMDB	182.082	UPDATE-SINGLE-ANNOTATED-BRONZE	Bronze		C9H11NO3	OUYCCCASQSFEME-QMMMGPOBSA-N	OUYCCCASQSFEME	Organic acids and derivatives	Carboxylic acids and derivatives	Amino acids, peptides, and analogues	Small peptides	Aminoacids	Amino acids and Peptides|Shikimates and Phenylpropanoids	mzspec:GNPS:GNPS-LIBRARY:CCMSLIB00000427096
CCMSLIB00000218857	111	specs_ms.mgf	MASSBANK.mgf	0.947767	20686.7	446.504	408.016	7	0.0595703	146.06	1	temp/specs_ms.mgf111	1	Massbank:KO003170 4-Hydroxyquinoline|Quinolin-4-ol	ESI	LC-ESI-QQ	Isolated	Putative Massbank Match	Massbank	[M+H]+	146.0	0.0	1	611-36-9	N/A	Oc(c1)c(c2)c(ccc2)nc1	1S/C9H7NO/c11-9-5-6-10-8-4-2-1-3-7(8)9/h1-6H,(H,10,11)	N/A	3	Positive	MASSBANK	146.0	UPDATE-SINGLE-ANNOTATED-BRONZE	Bronze		C9H7NO	PMZDQRJGMBOQBF-UHFFFAOYSA-N	PMZDQRJGMBOQBF	Organoheterocyclic compounds	Quinolines and derivatives	Quinolones and derivatives	Tryptophan alkaloids|Anthranilic acid alkaloids	Quinazoline alkaloids|Quinoline alkaloids	Alkaloids	mzspec:GNPS:GNPS-LIBRARY:CCMSLIB00000218857
CCMSLIB00000425122	94	specs_ms.mgf	HMDB.mgf	0.945189	23886.5	196.24	5.12167	7	0.000701904	137.045	1	temp/specs_ms.mgf94	1	HMDB:HMDB00157-243 Hypoxanthine	Positive	Quattro_QQQ:25eV	Isolated	HMDB	HMDB	M+H	137.046	136.039	1	68-94-0	N/A	OC1=NC=NC2=C1NC=N2	InChI=1S/C5H4N4O/c10-5-3-4(7-1-6-3)8-2-9-5/h1-2H,(H2,6,7,8,9,10)	N/A	3	Positive	HMDB	137.046	UPDATE-SINGLE-ANNOTATED-BRONZE	Bronze		C5H4N4O	FDGQSTZJBFJUBT-UHFFFAOYSA-N	FDGQSTZJBFJUBT	Organoheterocyclic compounds	Imidazopyrimidines	Purines and purine derivatives	Pseudoalkaloids	Purine alkaloids	Alkaloids	mzspec:GNPS:GNPS-LIBRARY:CCMSLIB00000425122
CCMSLIB00003134584	145	specs_ms.mgf	GNPS-NIST14-MATCHES.mgf	0.944979	122198.0	270.616	0.459364	6	7.62939e-05	166.086	1	temp/specs_ms.mgf145	1	Spectral Match to DL-Phenylalanine from NIST14	ESI	QQQ	Isolated	Data from James McKerrow	Data deposited by lamccall	M+H	166.086	165.079	1	150301	N/A	C1=CC=C(C=C1)CC(C(=O)O)N	InChI=1S/C9H11NO2/c10-8(9(11)12)6-7-4-2-1-3-5-7/h1-5,8H,6,10H2,(H,11,12)	N/A	3	Positive	GNPS-NIST14-MATCHES	166.086	UPDATE-SINGLE-ANNOTATED-BRONZE	Bronze		C9H11NO2	COLNVLDHVKWLRT-UHFFFAOYSA-N	COLNVLDHVKWLRT	Organic acids and derivatives	Carboxylic acids and derivatives	Amino acids, peptides, and analogues	Small peptides	Aminoacids	Amino acids and Peptides|Shikimates and Phenylpropanoids	mzspec:GNPS:GNPS-LIBRARY:CCMSLIB00003134584
CCMSLIB00004716316	408	specs_ms.mgf	MONA.mgf	0.937409	86780.3	550.831	0.850772	22	0.000396729	466.316	1	temp/specs_ms.mgf408	1	Glycocholic Acid	N/A	ESI-QFT	isolated	MoNA	MoNA:VF-NPL-QEHF025253	[M+H]+	466.316	0.0	1	N/A	N/A	C[C@H](CCC(O)=NCC(=O)O)[C@H]1CC[C@H]2[C@@H]3[C@H](O)C[C@@H]4C[C@H](O)CC[C@]4(C)[C@H]3C[C@H](O)[C@]12C	InChI=1S/C26H43NO6/c1-14(4-7-22(31)27-13-23(32)33)17-5-6-18-24-19(12-21(30)26(17,18)3)25(2)9-8-16(28)10-15(25)11-20(24)29/h14-21,24,28-30H,4-13H2,1-3H3,(H,27,31)(H,32,33)/t14-,15+,16-,17-,18+,19+,20-,21+,24+,25+,26-/m1/s1	N/A	3	positive	MONA	466.316	UPDATE-SINGLE-ANNOTATED-BRONZE	Bronze		C26H43NO6	RFDAIACWWDREDC-FRVQLJSFSA-N	RFDAIACWWDREDC	Lipids and lipid-like molecules	Steroids and steroid derivatives	Bile acids, alcohols and derivatives	Steroids	Cholane steroids	Terpenoids	mzspec:GNPS:GNPS-LIBRARY:CCMSLIB00004716316
CCMSLIB00003136940	459	specs_ms.mgf	GNPS-NIST14-MATCHES.mgf	0.937317	42229.9	798.376	0.116846	12	6.10352e-05	522.355	1	temp/specs_ms.mgf459	1	Spectral Match to 1-(9Z-Octadecenoyl)-sn-glycero-3-phosphocholine from NIST14	ESI	qTof	Isolated	Data from Joshua Wollam	Data deposited by fevargas	M+H	522.355	521.348	1	19420565	N/A	CCCCCCCC/C=C\CCCCCCCC(=O)OC[C@H](COP(=O)([O-])OCC[N+](C)(C)C)O	InChI=1S/C26H52NO7P/c1-5-6-7-8-9-10-11-12-13-14-15-16-17-18-19-20-26(29)32-23-25(28)24-34-35(30,31)33-22-21-27(2,3)4/h12-13,25,28H,5-11,14-24H2,1-4H3/b13-12-/t25-/m1/s1	N/A	3	Positive	GNPS-NIST14-MATCHES	522.355	UPDATE-SINGLE-ANNOTATED-BRONZE	Bronze		N/A	YAMUFBLWGFFICM-PTGWMXDISA-N	YAMUFBLWGFFICM	Lipids and lipid-like molecules	Glycerophospholipids	Glycerophosphocholines	N/A	N/A	N/A	mzspec:GNPS:GNPS-LIBRARY:CCMSLIB00003136940
CCMSLIB00005732731	242	specs_ms.mgf	MASSBANK.mgf	0.936481	10551.5	214.599	3667.06	7	0.983154	269.087	1	temp/specs_ms.mgf242	1	Massbank:EQ330406 Adenosine|(2R,3R,4S,5R)-2-(6-aminopurin-9-yl)-5-(hydroxymethyl)oxolane-3,4-diol	ESI	Hybrid FT	Isolated	Massbank	Massbank	M+H	268.104	0.0	1	58-61-7	N/A	C1=NC(=C2C(=N1)N(C=N2)[C@H]3[C@@H]([C@@H]([C@H](O3)CO)O)O)N	1S/C10H13N5O4/c11-8-5-9(13-2-12-8)15(3-14-5)10-7(18)6(17)4(1-16)19-10/h2-4,6-7,10,16-18H,1H2,(H2,11,12,13)/t4-,6-,7-,10-/m1/s1	N/A	3	Positive	MASSBANK	268.104	UPDATE-SINGLE-ANNOTATED-BRONZE	Bronze		C10H13N5O4	OIRDTQYFTABQOQ-KQYNXXCUSA-N	OIRDTQYFTABQOQ	N/A	N/A	N/A	Nucleosides	Purine nucleos(t)ides	Carbohydrates	mzspec:GNPS:GNPS-LIBRARY:CCMSLIB00005732731
CCMSLIB00006112725	154	specs_ms.mgf	BIRMINGHAM-UHPLC-MS-POS.mgf	0.932669	13102.0	151.97	11233.1	6	1.96645	173.092	1	temp/specs_ms.mgf154	1	Xylitol - 40.0 eV	ESI	Orbitrap	Isolated	PI	Data Collector	M+Na	175.058	0.0	1		N/A	C([C@H]([C@@H]([C@H](CO)O)O)O)O	InChI=1S/C5H12O5/c6-1-3(8)5(10)4(9)2-7/h3-10H,1-2H2/t3-,4+,5+	N/A	1	Positive	BIRMINGHAM-UHPLC-MS-POS	175.058	UPDATE-SINGLE-ANNOTATED-GOLD	Gold		C5H12O5	HEBKCHPVOIAQTA-SCDXWVJYSA-N	HEBKCHPVOIAQTA	Organic oxygen compounds	Organooxygen compounds	Carbohydrates and carbohydrate conjugates	Saccharides	Monosaccharides	Carbohydrates	mzspec:GNPS:GNPS-LIBRARY:CCMSLIB00006112725
CCMSLIB00012338206	320	specs_ms.mgf	MSNLIB-POSITIVE.mgf	0.930141	74857.3	783.423	2.20183	6	0.000793457	360.363	1	temp/specs_ms.mgf320	1	Cetalkonium	ESI	Orbitrap	Crude	Tomas Pluskal	Corinna Brungs	[M]+	360.362	360.362	1	N/A	N/A	CCCCCCCCCCCCCCCC[N+](C)(C)Cc1ccccc1	InChI=1S/C25H46N/c1-4-5-6-7-8-9-10-11-12-13-14-15-16-20-23-26(2,3)24-25-21-18-17-19-22-25/h17-19,21-22H,4-16,20,23-24H2,1-3H3/q+1	QDYLMAYUEZBUFO-UHFFFAOYSA-N	1	Positive	MSNLIB-POSITIVE	360.362	UPDATE-SINGLE-ANNOTATED-GOLD	Gold		N/A	QDYLMAYUEZBUFO-UHFFFAOYSA-N	QDYLMAYUEZBUFO	Benzenoids	Benzene and substituted derivatives	Phenylmethylamines	N/A	N/A	N/A	mzspec:GNPS:GNPS-LIBRARY:CCMSLIB00012338206
CCMSLIB00012350786	282	specs_ms.mgf	MSNLIB-POSITIVE.mgf	0.929151	39139.9	643.271	0.802302	6	0.000244141	304.3	1	temp/specs_ms.mgf282	1	Benzododecinium	ESI	Orbitrap	Crude	Tomas Pluskal	Corinna Brungs	[M]+	304.3	304.3	1	N/A	N/A	CCCCCCCCCCCC[N+](C)(C)Cc1ccccc1	InChI=1S/C21H38N/c1-4-5-6-7-8-9-10-11-12-16-19-22(2,3)20-21-17-14-13-15-18-21/h13-15,17-18H,4-12,16,19-20H2,1-3H3/q+1	CYDRXTMLKJDRQH-UHFFFAOYSA-N	1	Positive	MSNLIB-POSITIVE	304.3	UPDATE-SINGLE-ANNOTATED-GOLD	Gold		N/A	CYDRXTMLKJDRQH-UHFFFAOYSA-N	CYDRXTMLKJDRQH	Benzenoids	Benzene and substituted derivatives	Phenylmethylamines	N/A	N/A	N/A	mzspec:GNPS:GNPS-LIBRARY:CCMSLIB00012350786
CCMSLIB00010133706	407	specs_ms.mgf	MCE-DRUG.mgf	0.927966	88541.7	552.437	2.61776	16	0.0012207	466.317	1	temp/specs_ms.mgf407	1	Glycocholic acid	ESI	Orbitrap	Crude	Tomas Pluskal	Corinna Brungs	M+H	466.316	465.309	1	N/A	N/A	C[C@H](CCC(=O)NCC(=O)O)[C@H]1CC[C@H]2[C@@H]3[C@H](O)C[C@@H]4C[C@H](O)CC[C@]4(C)[C@H]3C[C@H](O)[C@]12C	"""InChI=1S/C26H43NO6/c1-14(4-7-22(31)27-13-23(32)33)17-5-6-18-24-19(12-21(30)26(17,18)3)25(2)9-8-16(28)10-15(25)11-20(24)29/h14-21,24,28-30H,4-13H2,1-3H3,(H,27,31)(H,32,33)/t14-,15+,16-,17-,18+,19+,20-,21+,24+,25+,26-/m1/s1"""	RFDAIACWWDREDC-FRVQLJSFSA-N	3	Positive	MCE-DRUG	466.316	UPDATE-SINGLE-ANNOTATED-BRONZE	Bronze		C26H43NO6	RFDAIACWWDREDC-FRVQLJSFSA-N	RFDAIACWWDREDC	Lipids and lipid-like molecules	Steroids and steroid derivatives	Bile acids, alcohols and derivatives	Steroids	Cholane steroids	Terpenoids	mzspec:GNPS:GNPS-LIBRARY:CCMSLIB00010133706
CCMSLIB00012427940	278	specs_ms.mgf	MSNLIB-POSITIVE.mgf	0.927227	7162.1	206.841	3189.91	6	0.96698	302.17	1	temp/specs_ms.mgf278	1	401564-30-5	ESI	Orbitrap	Crude	Tomas Pluskal	Corinna Brungs	[M+H]+	303.137	302.13	1	N/A	N/A	CC(C)(C)OC(=O)N1C[C@H](O)C[C@H]1C(=O)N1CCSC1	InChI=1S/C13H22N2O4S/c1-13(2,3)19-12(18)15-7-9(16)6-10(15)11(17)14-4-5-20-8-14/h9-10,16H,4-8H2,1-3H3/t9-,10+/m1/s1	CABJFRFFUZMDSS-ZJUUUORDSA-N	1	Positive	MSNLIB-POSITIVE	303.137	UPDATE-SINGLE-ANNOTATED-GOLD	Gold		C13H22N2O4S	CABJFRFFUZMDSS-ZJUUUORDSA-N	CABJFRFFUZMDSS	Organic acids and derivatives	Carboxylic acids and derivatives	Amino acids, peptides, and analogues	Lysine alkaloids	Piperidine alkaloids	Alkaloids	mzspec:GNPS:GNPS-LIBRARY:CCMSLIB00012427940
CCMSLIB00006112725	160	specs_ms.mgf	BIRMINGHAM-UHPLC-MS-POS.mgf	0.926564	7678.8	143.494	345.083	6	0.0604095	175.118	1	temp/specs_ms.mgf160	1	Xylitol - 40.0 eV	ESI	Orbitrap	Isolated	PI	Data Collector	M+Na	175.058	0.0	1		N/A	C([C@H]([C@@H]([C@H](CO)O)O)O)O	InChI=1S/C5H12O5/c6-1-3(8)5(10)4(9)2-7/h3-10H,1-2H2/t3-,4+,5+	N/A	1	Positive	BIRMINGHAM-UHPLC-MS-POS	175.058	UPDATE-SINGLE-ANNOTATED-GOLD	Gold		C5H12O5	HEBKCHPVOIAQTA-SCDXWVJYSA-N	HEBKCHPVOIAQTA	Organic oxygen compounds	Organooxygen compounds	Carbohydrates and carbohydrate conjugates	Saccharides	Monosaccharides	Carbohydrates	mzspec:GNPS:GNPS-LIBRARY:CCMSLIB00006112725
CCMSLIB00010115561	283	specs_ms.mgf	BERKELEY-LAB.mgf	0.926272	75041.2	646.589	741.338	7	0.226166	305.304	1	temp/specs_ms.mgf283	1	"""3,3'-Dimethoxyflavone CollisionEnergy:205060"""	LC-ESI	Orbitrap	Commercial	Trent Northen	JGI	M+Na	305.078	0.0	1	N/A	N/A	COc1cccc(-c2oc3ccccc3c(=O)c2OC)c1	"""InChI=1S/C17H14O4/c1-19-12-7-5-6-11(10-12)16-17(20-2)15(18)13-8-3-4-9-14(13)21-16/h3-10H,1-2H3"""	N/A	3	Positive	BERKELEY-LAB	305.078	UPDATE-SINGLE-ANNOTATED-BRONZE	Bronze		C17H14O4	AUAXNNILRNCQAX-UHFFFAOYSA-N	AUAXNNILRNCQAX	Phenylpropanoids and polyketides	Flavonoids	O-methylated flavonoids	Flavonoids	Flavonols	Shikimates and Phenylpropanoids	mzspec:GNPS:GNPS-LIBRARY:CCMSLIB00010115561
CCMSLIB00003139865	301	specs_ms.mgf	GNPS-NIST14-MATCHES.mgf	0.926093	51058.8	713.094	1.65292	6	0.000549316	332.332	1	temp/specs_ms.mgf301	1	Spectral Match to Benzyltetradecyldimethylammonium from NIST14	ESI	QqQ	Isolated	Data from Pieter Dorrestein;Ruben Abagayan	Data deposited by lfnothias	Cat	332.331	0.0	1	16287711	N/A	N/A	N/A	N/A	3	Positive	GNPS-NIST14-MATCHES	332.331	UPDATE-SINGLE-ANNOTATED-BRONZE	Bronze		N/A	N/A	N/A	N/A	N/A	N/A	N/A	N/A	N/A	mzspec:GNPS:GNPS-LIBRARY:CCMSLIB00003139865
CCMSLIB00012825577	284	specs_ms.mgf	MSNLIB-POSITIVE.mgf	0.925509	9083.4	364.649	3179.66	6	0.979858	307.185	1	temp/specs_ms.mgf284	1	AKOS033333909	ESI	Orbitrap	Commercial	Tomas Pluskal	Corinna Brungs	[M+H-H2O]+	308.165	325.168	1	N/A	N/A	O=C(Cc1ccc(O)cc1)N1CCCC1CC(O)c1ccccc1	InChI=1S/C20H23NO3/c22-18-10-8-15(9-11-18)13-20(24)21-12-4-7-17(21)14-19(23)16-5-2-1-3-6-16/h1-3,5-6,8-11,17,19,22-23H,4,7,12-14H2	BUCHUYOPHINHGV-UHFFFAOYSA-N	1	Positive	MSNLIB-POSITIVE	308.165	UPDATE-SINGLE-ANNOTATED-GOLD	Gold		C20H23NO3	BUCHUYOPHINHGV-UHFFFAOYSA-N	BUCHUYOPHINHGV	N/A	N/A	N/A	Lysine alkaloids	Piperidine alkaloids	Alkaloids	mzspec:GNPS:GNPS-LIBRARY:CCMSLIB00012825577
CCMSLIB00000007114	233	specs_ms.mgf	GNPS-LIBRARY.mgf	0.923645	59034.9	457.844	5.14228	10	0.00134277	261.123	1	temp/specs_ms.mgf233	1	cyclo(Phe-4-Hyp)	DI-ESI	qTof	Isolated	Keyzers	R Keyzers	M+H	261.124	260.116	1	0	N/A	N/A	N/A	N/A	3	Positive	GNPS-LIBRARY	261.124	UPDATE-SINGLE-ANNOTATED-BRONZE	Bronze		N/A	N/A	N/A	N/A	N/A	N/A	N/A	N/A	N/A	mzspec:GNPS:GNPS-LIBRARY:CCMSLIB00000007114
CCMSLIB00012728820	230	specs_ms.mgf	ECRFS_DB.mgf	0.921674	10223.7	634.797	0.354472	8	9.15527e-05	258.279	1	temp/specs_ms.mgf230	1	Myristamine oxide	ESI	Orbitrap	Commercial	Federico Padilla	"""Sjors Rasker, Wout Bergkamp"""	M+H	258.279	257.272	1	3332-27-2	N/A	CCCCCCCCCCCCCC[N+](C)(C)[O-]	ONHFWHCMZAJCFB-UHFFFAOYSA-N	N/A	1	Positive	ECRFS_DB	258.279	UPDATE-SINGLE-ANNOTATED-GOLD	Gold		N/A	ONHFWHCMZAJCFB-UHFFFAOYSA-N	ONHFWHCMZAJCFB	Organic nitrogen compounds	Organonitrogen compounds	Aminoxides	N/A	N/A	N/A	mzspec:GNPS:GNPS-LIBRARY:CCMSLIB00012728820
CCMSLIB00010128631	256	specs_ms.mgf	GNPS-LIBRARY.mgf	0.920414	23552.7	222.459	3.75966	6	0.00106812	284.098	1	temp/specs_ms.mgf256	1	Guanosine	LC-ESI	qTof	Other	Moying Li	 	M+H	284.099	283.092	1	 	 	 	 	 	3	Positive	GNPS-LIBRARY	284.099	UPDATE-SINGLE-ANNOTATED-BRONZE	Bronze		N/A	N/A	N/A	N/A	N/A	N/A	N/A	N/A	N/A	mzspec:GNPS:GNPS-LIBRARY:CCMSLIB00010128631
CCMSLIB00013024577	239	specs_ms.mgf	MSNLIB-POSITIVE.mgf	0.916363	47835.2	193.952	1.02445	7	0.000274658	268.104	1	temp/specs_ms.mgf239	1	adenosine	ESI	Orbitrap	Commercial	Tomas Pluskal	Corinna Brungs	[M+H]+	268.104	267.097	1	N/A	N/A	Nc1c2ncn([C@@H]3O[C@H](CO)[C@@H](O)[C@H]3O)c2ncn1	InChI=1S/C10H13N5O4/c11-8-5-9(13-2-12-8)15(3-14-5)10-7(18)6(17)4(1-16)19-10/h2-4,6-7,10,16-18H,1H2,(H2,11,12,13)/t4-,6-,7-,10-/m1/s1	OIRDTQYFTABQOQ-KQYNXXCUSA-N	1	Positive	MSNLIB-POSITIVE	268.104	UPDATE-SINGLE-ANNOTATED-GOLD	Gold		C10H13N5O4	OIRDTQYFTABQOQ-KQYNXXCUSA-N	OIRDTQYFTABQOQ	N/A	N/A	N/A	Nucleosides	Purine nucleos(t)ides	Carbohydrates	mzspec:GNPS:GNPS-LIBRARY:CCMSLIB00013024577
CCMSLIB00003137181	140	specs_ms.mgf	GNPS-NIST14-MATCHES.mgf	0.906151	40118.9	207.554	4.99212	6	0.000823975	165.054	1	temp/specs_ms.mgf140	1	Spectral Match to L-Tyrosine from NIST14	ESI	HCD	Isolated	Data from Jairam KP Vanamala, PhD	Data deposited by mjmeehan	M+H-NH3	165.055	0.0	1	60184	N/A	N/A	N/A	N/A	3	Positive	GNPS-NIST14-MATCHES	165.055	UPDATE-SINGLE-ANNOTATED-BRONZE	Bronze		N/A	N/A	N/A	N/A	N/A	N/A	N/A	N/A	N/A	mzspec:GNPS:GNPS-LIBRARY:CCMSLIB00003137181
CCMSLIB00003137803	302	specs_ms.mgf	GNPS-NIST14-MATCHES.mgf	0.904505	43011.4	717.616	18.2739	6	0.006073	332.337	1	temp/specs_ms.mgf302	1	Spectral Match to Benzyltetradecyldimethylammonium from NIST14	ESI	QqQ	Isolated	Data from Pieter Dorrestein;Ruben Abagayan	Data deposited by lfnothias	Cat	332.331	0.0	1	16287711	N/A	N/A	N/A	N/A	3	Positive	GNPS-NIST14-MATCHES	332.331	UPDATE-SINGLE-ANNOTATED-BRONZE	Bronze		N/A	N/A	N/A	N/A	N/A	N/A	N/A	N/A	N/A	mzspec:GNPS:GNPS-LIBRARY:CCMSLIB00003137803
CCMSLIB00000208978	144	specs_ms.mgf	RESPECT.mgf	0.90271	433335.0	284.149	547.846	6	0.0909424	166.091	1	temp/specs_ms.mgf144	1	ReSpect:PM000939 L-Phenylalanine	ESI	QqQ	Isolated	Putative ReSpect Match	ReSpect	[M+H]	166.0	0.0	1	63-91-2	12811753	N/A	N/A	N/A	3	Positive	RESPECT	166.0	UPDATE-SINGLE-ANNOTATED-BRONZE	Bronze		N/A	N/A	N/A	N/A	N/A	N/A	N/A	N/A	N/A	mzspec:GNPS:GNPS-LIBRARY:CCMSLIB00000208978
CCMSLIB00000426130	147	specs_ms.mgf	HMDB.mgf	0.902484	575860.0	276.385	26.3673	6	0.00437927	166.091	1	temp/specs_ms.mgf147	1	HMDB:HMDB00159-250 L-Phenylalanine	Positive	Quattro_QQQ:40eV	Isolated	HMDB	HMDB	M+H	166.087	165.079	1	63-91-2	N/A	N[C@@H](CC1=CC=CC=C1)C(O)=O	InChI=1S/C9H11NO2/c10-8(9(11)12)6-7-4-2-1-3-5-7/h1-5,8H,6,10H2,(H,11,12)/t8-/m0/s1	N/A	3	Positive	HMDB	166.087	UPDATE-SINGLE-ANNOTATED-BRONZE	Bronze		C9H11NO2	COLNVLDHVKWLRT-QMMMGPOBSA-N	COLNVLDHVKWLRT	Organic acids and derivatives	Carboxylic acids and derivatives	Amino acids, peptides, and analogues	Small peptides	Aminoacids	Amino acids and Peptides|Shikimates and Phenylpropanoids	mzspec:GNPS:GNPS-LIBRARY:CCMSLIB00000426130
CCMSLIB00006121006	19	specs_ms.mgf	BIRMINGHAM-UHPLC-MS-POS.mgf	0.900989	30090.3	182.872	1.29218	7	0.000152588	118.086	1	temp/specs_ms.mgf19	1	Carboxy-N,N,N-trimethylmethanaminium - 40.0 eV	ESI	Orbitrap	Isolated	PI	Data Collector	M	118.086	0.0	1		N/A	C[N+](C)(C)CC(=O)O	InChI=1S/C5H11NO2/c1-6(2,3)4-5(7)8/h4H2,1-3H3/p+1	N/A	1	Positive	BIRMINGHAM-UHPLC-MS-POS	118.086	UPDATE-SINGLE-ANNOTATED-GOLD	Gold		N/A	KWIUHFFTVRNATP-UHFFFAOYSA-O	KWIUHFFTVRNATP	Organic acids and derivatives	Carboxylic acids and derivatives	Amino acids, peptides, and analogues	N/A	N/A	N/A	mzspec:GNPS:GNPS-LIBRARY:CCMSLIB00006121006
CCMSLIB00000219919	202	specs_ms.mgf	MASSBANK.mgf	0.897548	4370.3	337.542	533.017	7	0.117264	220.117	1	temp/specs_ms.mgf202	1	Massbank:KO003698 Pantothenate|(R)-Pantothenate|Pantothenic acid|D-(+)-Pantothenic acid	ESI	LC-ESI-QQ	Isolated	Putative Massbank Match	Massbank	[M+H]+	220.0	0.0	1	79-83-4	N/A	OCC(C)(C)[C@@H](O)C(=O)NCCC(O)=O	1S/C9H17NO5/c1-9(2,5-11)7(14)8(15)10-4-3-6(12)13/h7,11,14H,3-5H2,1-2H3,(H,10,15)(H,12,13)/t7-/m0/s1	N/A	3	Positive	MASSBANK	220.0	UPDATE-SINGLE-ANNOTATED-BRONZE	Bronze		C9H17NO5	GHOKWGTUZJEAQD-ZETCQYMHSA-N	GHOKWGTUZJEAQD	Organic oxygen compounds	Organooxygen compounds	Alcohols and polyols	Small peptides	Dipeptides	Amino acids and Peptides	mzspec:GNPS:GNPS-LIBRARY:CCMSLIB00000219919
CCMSLIB00010133243	219	specs_ms.mgf	MCE-DRUG.mgf	0.897255	9293.2	156.854	4.15348	6	0.000976562	235.118	1	temp/specs_ms.mgf219	1	Cyclo(-His-Pro)	ESI	Orbitrap	Crude	Tomas Pluskal	Corinna Brungs	M+H	235.119	234.112	1	N/A	N/A	O=C1N[C@@H](Cc2cnc[nH]2)C(=O)N2CCC[C@@H]12	"""InChI=1S/C11H14N4O2/c16-10-9-2-1-3-15(9)11(17)8(14-10)4-7-5-12-6-13-7/h5-6,8-9H,1-4H2,(H,12,13)(H,14,16)/t8-,9-/m0/s1"""	NAKUGCPAQTUSBE-IUCAKERBSA-N	3	Positive	MCE-DRUG	235.119	UPDATE-SINGLE-ANNOTATED-BRONZE	Bronze		C11H14N4O2	NAKUGCPAQTUSBE-IUCAKERBSA-N	NAKUGCPAQTUSBE	Organic acids and derivatives	Carboxylic acids and derivatives	Amino acids, peptides, and analogues	Small peptides	Dipeptides	Amino acids and Peptides	mzspec:GNPS:GNPS-LIBRARY:CCMSLIB00010133243
CCMSLIB00010139347	348	specs_ms.mgf	MCE-DRUG.mgf	0.890981	7038.5	731.173	0.367495	6	0.000152588	415.211	1	temp/specs_ms.mgf348	1	Trospium	ESI	Orbitrap	Crude	Tomas Pluskal	Corinna Brungs	M+H	415.211	392.222	1	N/A	N/A	O=C(OC1C[C@H]2CC[C@@H](C1)[N+]21CCCC1)C(O)(c1ccccc1)c1ccccc1	"""InChI=1S/C25H30NO3/c27-24(25(28,19-9-3-1-4-10-19)20-11-5-2-6-12-20)29-23-17-21-13-14-22(18-23)26(21)15-7-8-16-26/h1-6,9-12,21-23,28H,7-8,13-18H2/q+1/t21-,22+,23?"""	OYYDSUSKLWTMMQ-AIZNXBIQSA-N	3	Positive	MCE-DRUG	415.211	UPDATE-SINGLE-ANNOTATED-BRONZE	Bronze		N/A	OYYDSUSKLWTMMQ-AIZNXBIQSA-N	OYYDSUSKLWTMMQ	Benzenoids	Benzene and substituted derivatives	Diphenylmethanes	N/A	N/A	N/A	mzspec:GNPS:GNPS-LIBRARY:CCMSLIB00010139347
CCMSLIB00012359812	156	specs_ms.mgf	MSNLIB-POSITIVE.mgf	0.88768	11915.8	210.607	4.12032	6	0.000717163	174.054	1	temp/specs_ms.mgf156	1	Quinoline-4-carboxylic acid	ESI	Orbitrap	Crude	Tomas Pluskal	Corinna Brungs	[M+H]+	174.055	173.048	1	N/A	N/A	O=C(O)c1ccnc2ccccc12	InChI=1S/C10H7NO2/c12-10(13)8-5-6-11-9-4-2-1-3-7(8)9/h1-6H,(H,12,13)	VQMSRUREDGBWKT-UHFFFAOYSA-N	1	Positive	MSNLIB-POSITIVE	174.055	UPDATE-SINGLE-ANNOTATED-GOLD	Gold		C10H7NO2	VQMSRUREDGBWKT-UHFFFAOYSA-N	VQMSRUREDGBWKT	Organoheterocyclic compounds	Quinolines and derivatives	Quinoline carboxylic acids	Tryptophan alkaloids|Anthranilic acid alkaloids	Quinoline alkaloids	Alkaloids	mzspec:GNPS:GNPS-LIBRARY:CCMSLIB00012359812
CCMSLIB00005465349	629	specs_ms.mgf	BILELIB19.mgf	0.886101	31398.0	618.32	0.970492	11	0.000793457	817.581	1	temp/specs_ms.mgf629	1	"""(4R)-4-((3R,5S,7S,9S,10S,12S,13R,17R)-3,7,12-trihydroxy-10,13-dimethylhexadecahydro-1H-cyclopenta[a]phenanthren-17-yl)pentanoic acid"""	ESI	qTof	crude	Dorrestein	Emily Gentry	2M+H	817.582	408.288	1			[H][C@]12[C@@]3([C@@H](O)C[C@@H]4C[C@H](O)CC[C@]4(C)[C@H]3C[C@H](O)[C@]1(C)[C@@H]([C@@H](CCC(O)=O)C)CC2)[H]	"""InChI=1S/C24H40O5/c1-13(4-7-21(28)29)16-5-6-17-22-18(12-20(27)24(16,17)3)23(2)9-8-15(25)10-14(23)11-19(22)26/h13-20,22,25-27H,4-12H2,1-3H3,(H,28,29)/t13-,14+,15-,16-,17+,18+,19+,20+,22+,23+,24-/m1/s1"""	N/A	1	Positive	BILELIB19	817.582	UPDATE-SINGLE-ANNOTATED-GOLD	Gold		C24H40O5	BHQCQFFYRZLCQQ-UTLSPDKDSA-N	BHQCQFFYRZLCQQ	Lipids and lipid-like molecules	Steroids and steroid derivatives	Bile acids, alcohols and derivatives	Steroids	Cholane steroids	Terpenoids	mzspec:GNPS:GNPS-LIBRARY:CCMSLIB00005465349
CCMSLIB00005465130	634	specs_ms.mgf	BILELIB19.mgf	0.88606	42075.1	620.489	0.0	6	0.0	839.564	1	temp/specs_ms.mgf634	1	"""(4R)-4-((3R,5R,6R,9S,10R,12S,13R,14S,17R)-3,6,12-trihydroxy-10,13-dimethylhexadecahydro-1H-cyclopenta[a]phenanthren-17-yl)pentanoic acid"""	ESI	qTof	crude	Dorrestein	Emily Gentry	2M+Na	839.564	408.288	1			C[C@H](CCC(O)=O)[C@H]1CC[C@H]2[C@]3([H])C[C@@H](O)[C@]4([H])C[C@H](O)CC[C@]4(C)[C@H]3C[C@H](O)[C@@]21C	"""InChI=1S/C24H40O5/c1-13(4-7-22(28)29)16-5-6-17-15-11-20(26)19-10-14(25)8-9-23(19,2)18(15)12-21(27)24(16,17)3/h13-21,25-27H,4-12H2,1-3H3,(H,28,29)/t13-,14-,15+,16-,17+,18+,19+,20-,21+,23-,24-/m1/s1"""	N/A	1	Positive	BILELIB19	839.564	UPDATE-SINGLE-ANNOTATED-GOLD	Gold		C24H40O5	GCAHOAMXTYBLNZ-KKKVDMSXSA-N	GCAHOAMXTYBLNZ	Lipids and lipid-like molecules	Steroids and steroid derivatives	Bile acids, alcohols and derivatives	Steroids	Cholane steroids	Terpenoids	mzspec:GNPS:GNPS-LIBRARY:CCMSLIB00005465130
CCMSLIB00005883950	194	specs_ms.mgf	GNPS-LIBRARY.mgf	0.885394	8406.8	435.814	1.26476	7	0.000259399	205.097	1	temp/specs_ms.mgf194	1	D-TRYPTOPHAN - 70.0 eV	ESI	Orbitrap	Isolated	Madeleine Ernst	Anna Abrahamsson	M+H	205.097	0.0	1	153-94-6	N/A	N[C@H](CC1=CNC2=CC=CC=C12)C(O)=O	InChI=1S/C11H12N2O2/c12-9(11(14)15)5-7-6-13-10-4-2-1-3-8(7)10/h1-4,6,9,13H,5,12H2,(H,14,15)/t9-/m1/s1	N/A	1	Positive	GNPS-LIBRARY	205.097	UPDATE-SINGLE-ANNOTATED-GOLD	Gold		C11H12N2O2	QIVBCDIJIAJPQS-SECBINFHSA-N	QIVBCDIJIAJPQS	Organoheterocyclic compounds	Indoles and derivatives	Indolyl carboxylic acids and derivatives	Small peptides	Aminoacids	Amino acids and Peptides|Shikimates and Phenylpropanoids	mzspec:GNPS:GNPS-LIBRARY:CCMSLIB00005883950
CCMSLIB00005465772	436	specs_ms.mgf	BILELIB19.mgf	0.877845	24827.7	608.478	0.306224	18	0.000152588	498.288	1	temp/specs_ms.mgf436	1	"""2-((R)-4-((3R,5S,7S,8R,9S,10S,12S,13R,14S,17R)-3,7,12-trihydroxy-10,13-dimethylhexadecahydro-1H-cyclopenta[a]phenanthren-17-yl)pentanamido)ethane-1-sulfonic acid"""	ESI	qTof	crude	Dorrestein	Emily Gentry	M-H2O+H	498.288	515.292	1			C[C@@H]([C@H]1CC[C@]2([H])[C@]1(C)[C@@H](O)C[C@@]3([H])[C@@]2([H])[C@@H](O)C[C@@]4([H])[C@]3(C)CC[C@@H](O)C4)CCC(NCCS(O)(=O)=O)=O	"""InChI=1S/C26H45NO7S/c1-15(4-7-23(31)27-10-11-35(32,33)34)18-5-6-19-24-20(14-22(30)26(18,19)3)25(2)9-8-17(28)12-16(25)13-21(24)29/h15-22,24,28-30H,4-14H2,1-3H3,(H,27,31)(H,32,33,34)/t15-,16+,17-,18-,19+,20+,21+,22+,24+,25+,26-/m1/s1"""	N/A	1	Positive	BILELIB19	498.288	UPDATE-SINGLE-ANNOTATED-GOLD	Gold		C26H45NO7S	WBWWGRHZICKQGZ-FREJXKSPSA-N	WBWWGRHZICKQGZ	Lipids and lipid-like molecules	Steroids and steroid derivatives	Bile acids, alcohols and derivatives	Steroids	Cholane steroids	Terpenoids	mzspec:GNPS:GNPS-LIBRARY:CCMSLIB00005465772
CCMSLIB00004691588	356	specs_ms.mgf	MONA.mgf	0.874554	43229.3	617.338	1.36009	17	0.000579834	426.322	1	temp/specs_ms.mgf356	1	Cholic Acid	N/A	ESI-QFT	isolated	MoNA	MoNA:VF-NPL-QEHF000525	[M+NH4]+	426.321	0.0	1	N/A	N/A	C[C@H](CCC(=O)O)[C@H]1CC[C@H]2[C@@H]3[C@H](O)C[C@@H]4C[C@H](O)CC[C@]4(C)[C@H]3C[C@H](O)[C@]12C	InChI=1S/C24H40O5/c1-13(4-7-21(28)29)16-5-6-17-22-18(12-20(27)24(16,17)3)23(2)9-8-15(25)10-14(23)11-19(22)26/h13-20,22,25-27H,4-12H2,1-3H3,(H,28,29)/t13-,14+,15-,16-,17+,18+,19-,20+,22+,23+,24-/m1/s1	N/A	3	positive	MONA	426.321	UPDATE-SINGLE-ANNOTATED-BRONZE	Bronze		C24H40O5	BHQCQFFYRZLCQQ-OELDTZBJSA-N	BHQCQFFYRZLCQQ	Lipids and lipid-like molecules	Steroids and steroid derivatives	Bile acids, alcohols and derivatives	Steroids	Cholane steroids	Terpenoids	mzspec:GNPS:GNPS-LIBRARY:CCMSLIB00004691588
CCMSLIB00012757990	311	specs_ms.mgf	MSNLIB-POSITIVE.mgf	0.874546	12470.4	421.312	2843.87	6	1.00165	351.211	1	temp/specs_ms.mgf311	1	Z1589946986	ESI	Orbitrap	Commercial	Tomas Pluskal	Corinna Brungs	[M+H]+	352.213	351.206	1	N/A	N/A	Cc1n[nH]c(C)c1C1CCCN1C(=O)NCCc1c[nH]c2ccccc12	InChI=1S/C20H25N5O/c1-13-19(14(2)24-23-13)18-8-5-11-25(18)20(26)21-10-9-15-12-22-17-7-4-3-6-16(15)17/h3-4,6-7,12,18,22H,5,8-11H2,1-2H3,(H,21,26)(H,23,24)	DDJFVVSRGCYCJN-UHFFFAOYSA-N	1	Positive	MSNLIB-POSITIVE	352.213	UPDATE-SINGLE-ANNOTATED-GOLD	Gold		C20H25N5O	DDJFVVSRGCYCJN-UHFFFAOYSA-N	DDJFVVSRGCYCJN	N/A	N/A	N/A	Tryptophan alkaloids	Carboline alkaloids	Alkaloids	mzspec:GNPS:GNPS-LIBRARY:CCMSLIB00012757990
CCMSLIB00004719579	217	specs_ms.mgf	MONA.mgf	0.874362	17459.2	573.341	8168.77	6	1.89633	230.248	1	temp/specs_ms.mgf217	1	Harmaline	N/A	ESI-QFT	isolated	MoNA	MoNA:VF-NPL-QEHF026687	[M+NH4]+	232.144	0.0	1	N/A	N/A	COc1ccc2c(c1)=NC1=C(C)NCCC=21	InChI=1S/C13H14N2O/c1-8-13-11(5-6-14-8)10-4-3-9(16-2)7-12(10)15-13/h3-4,7,14H,5-6H2,1-2H3	N/A	3	positive	MONA	232.144	UPDATE-SINGLE-ANNOTATED-BRONZE	Bronze		C13H14N2O	QJOZJXNKVMFAET-UHFFFAOYSA-N	QJOZJXNKVMFAET	N/A	N/A	N/A	Tryptophan alkaloids	Carboline alkaloids	Alkaloids	mzspec:GNPS:GNPS-LIBRARY:CCMSLIB00004719579
CCMSLIB00006678412	115	specs_ms.mgf	MONA.mgf	0.870951	37039.4	115.195	1.35713	6	0.000198364	146.165	1	temp/specs_ms.mgf115	1	SPERMIDINE	ESI	Orbitrap	isolated	MoNA	MoNA:MoNA037229	M+H	146.165	0.0	1	N/A	N/A	C(CCNCCCN)CN	"""InChI=1S/C7H19N3/c8-4-1-2-6-10-7-3-5-9/h10H,1-9H2"""	N/A	3	positive	MONA	146.165	UPDATE-SINGLE-ANNOTATED-BRONZE	Bronze		C7H19N3	ATHGHQPFGPMSJY-UHFFFAOYSA-N	ATHGHQPFGPMSJY	Organic nitrogen compounds	Organonitrogen compounds	Amines	Ornithine alkaloids	Polyamines	Alkaloids	mzspec:GNPS:GNPS-LIBRARY:CCMSLIB00006678412
CCMSLIB00012361803	328	specs_ms.mgf	MSNLIB-POSITIVE.mgf	0.870919	49160.2	616.955	0.163513	13	6.10352e-05	373.274	1	temp/specs_ms.mgf328	1	cholic acid	ESI	Orbitrap	Crude	Tomas Pluskal	Corinna Brungs	[M+H-2H2O]+	373.274	408.288	1	N/A	N/A	C[C@H](CCC(=O)O)[C@H]1CC[C@H]2[C@@H]3[C@H](O)C[C@@H]4C[C@H](O)CC[C@]4(C)[C@H]3C[C@H](O)[C@]12C	InChI=1S/C24H40O5/c1-13(4-7-21(28)29)16-5-6-17-22-18(12-20(27)24(16,17)3)23(2)9-8-15(25)10-14(23)11-19(22)26/h13-20,22,25-27H,4-12H2,1-3H3,(H,28,29)/t13-,14+,15-,16-,17+,18+,19-,20+,22+,23+,24-/m1/s1	BHQCQFFYRZLCQQ-OELDTZBJSA-N	1	Positive	MSNLIB-POSITIVE	373.274	UPDATE-SINGLE-ANNOTATED-GOLD	Gold		C24H40O5	BHQCQFFYRZLCQQ-OELDTZBJSA-N	BHQCQFFYRZLCQQ	Lipids and lipid-like molecules	Steroids and steroid derivatives	Bile acids, alcohols and derivatives	Steroids	Cholane steroids	Terpenoids	mzspec:GNPS:GNPS-LIBRARY:CCMSLIB00012361803
CCMSLIB00005464872	666	specs_ms.mgf	BILELIB19.mgf	0.86887	29031.5	553.926	0.960068	9	0.000915527	953.606	1	temp/specs_ms.mgf666	1	"""((R)-4-((3R,5S,7S,8R,9S,10S,12S,13R,14S,17R)-3,7,12-trihydroxy-10,13-dimethylhexadecahydro-1H-cyclopenta[a]phenanthren-17-yl)pentanoyl)glycine"""	ESI	qTof	crude	Dorrestein	Emily Gentry	2M+Na	953.607	465.309	1			C[C@@H]([C@H]1CC[C@]2([H])[C@]1(C)[C@@H](O)C[C@@]3([H])[C@@]2([H])[C@@H](O)C[C@@]4([H])[C@]3(C)CC[C@@H](O)C4)CCC(NCC(O)=O)=O	"""InChI=1S/C26H43NO6/c1-14(4-7-22(31)27-13-23(32)33)17-5-6-18-24-19(12-21(30)26(17,18)3)25(2)9-8-16(28)10-15(25)11-20(24)29/h14-21,24,28-30H,4-13H2,1-3H3,(H,27,31)(H,32,33)/t14-,15+,16-,17-,18+,19+,20+,21+,24+,25+,26-/m1/s1"""	N/A	1	Positive	BILELIB19	953.607	UPDATE-SINGLE-ANNOTATED-GOLD	Gold		C26H43NO6	RFDAIACWWDREDC-IFZPJRIXSA-N	RFDAIACWWDREDC	Lipids and lipid-like molecules	Steroids and steroid derivatives	Bile acids, alcohols and derivatives	Steroids	Cholane steroids	Terpenoids	mzspec:GNPS:GNPS-LIBRARY:CCMSLIB00005464872
CCMSLIB00010103297	93	specs_ms.mgf	BERKELEY-LAB.mgf	0.866731	15371.7	213.642	5.34435	6	0.000732422	137.045	1	temp/specs_ms.mgf93	1	hypoxanthine CollisionEnergy:102040	LC-ESI	Orbitrap	Commercial	Trent Northen	JGI	M+H	137.046	0.0	1	N/A	N/A	Oc1ncnc2[nH]cnc12	"""InChI=1S/C5H4N4O/c10-5-3-4(7-1-6-3)8-2-9-5/h1-2H,(H2,6,7,8,9,10)"""	N/A	3	Positive	BERKELEY-LAB	137.046	UPDATE-SINGLE-ANNOTATED-BRONZE	Bronze		C5H4N4O	FDGQSTZJBFJUBT-UHFFFAOYSA-N	FDGQSTZJBFJUBT	Organoheterocyclic compounds	Imidazopyrimidines	Purines and purine derivatives	Pseudoalkaloids	pteridine alkaloids	Alkaloids	mzspec:GNPS:GNPS-LIBRARY:CCMSLIB00010103297
CCMSLIB00003135898	210	specs_ms.mgf	GNPS-NIST14-MATCHES.mgf	0.866457	10958.1	278.483	4.90479	8	0.00111389	227.102	1	temp/specs_ms.mgf210	1	Spectral Match to PyroGlu-Pro from NIST14	ESI	qTof	Isolated	Data from Pieter Dorrestein	Data deposited by lfnothias	M+H	227.103	226.095	1	N/A	N/A	C1CC(N(C1)C(=O)C2CCC(=O)N2)C(=O)O	InChI=1S/C10H14N2O4/c13-8-4-3-6(11-8)9(14)12-5-1-2-7(12)10(15)16/h6-7H,1-5H2,(H,11,13)(H,15,16)	N/A	3	Positive	GNPS-NIST14-MATCHES	227.103	UPDATE-SINGLE-ANNOTATED-BRONZE	Bronze		C10H14N2O4	PFEJJYZYEFRQEA-UHFFFAOYSA-N	PFEJJYZYEFRQEA	Organic acids and derivatives	Carboxylic acids and derivatives	Amino acids, peptides, and analogues	Small peptides	Dipeptides	Amino acids and Peptides	mzspec:GNPS:GNPS-LIBRARY:CCMSLIB00003135898
CCMSLIB00005761025	248	specs_ms.mgf	MASSBANK.mgf	0.8653	6896.6	540.527	0.445067	7	0.00012207	274.274	1	temp/specs_ms.mgf248	1	Massbank:LU030804 Lauryldiethanolamine|2-[dodecyl(2-hydroxyethyl)amino]ethanol	ESI	Hybrid FT	Isolated	Massbank	Massbank	M+H	274.274	0.0	1	1541-67-9	N/A	CCCCCCCCCCCCN(CCO)CCO	1S/C16H35NO2/c1-2-3-4-5-6-7-8-9-10-11-12-17(13-15-18)14-16-19/h18-19H,2-16H2,1H3	N/A	3	Positive	MASSBANK	274.274	UPDATE-SINGLE-ANNOTATED-BRONZE	Bronze		C16H35NO2	NKFNBVMJTSYZDV-UHFFFAOYSA-N	NKFNBVMJTSYZDV	Organic nitrogen compounds	Organonitrogen compounds	Amines	Fatty acyls|Fatty amides	Fatty alcohols|N-acyl ethanolamines (endocannabinoids)	Fatty acids	mzspec:GNPS:GNPS-LIBRARY:CCMSLIB00005761025
CCMSLIB00006122548	49	specs_ms.mgf	BIRMINGHAM-UHPLC-MS-POS.mgf	0.8634	8708.0	230.913	7803.14	6	0.983711	127.05	1	temp/specs_ms.mgf49	1	5-Methylcytosine - 40.0 eV	ESI	Orbitrap	Isolated	PI	Data Collector	M+H	126.066	0.0	1		N/A	Cc1cnc([nH]c1=N)O	InChI=1S/C5H7N3O/c1-3-2-7-5(9)8-4(3)6/h2H,1H3,(H3,6,7,8,9)	N/A	1	Positive	BIRMINGHAM-UHPLC-MS-POS	126.066	UPDATE-SINGLE-ANNOTATED-GOLD	Gold		C5H7N3O	LRSASMSXMSNRBT-UHFFFAOYSA-N	LRSASMSXMSNRBT	Organoheterocyclic compounds	Diazines	Pyrimidines and pyrimidine derivatives	Nicotinic acid alkaloids	Pyridine alkaloids	Alkaloids	mzspec:GNPS:GNPS-LIBRARY:CCMSLIB00006122548
CCMSLIB00003139797	460	specs_ms.mgf	GNPS-NIST14-MATCHES.mgf	0.86215	41186.4	798.568	2.10323	7	0.00109863	522.355	1	temp/specs_ms.mgf460	1	Spectral Match to 1-(9Z-Octadecenoyl)-sn-glycero-3-phosphocholine from NIST14	ESI	qTof	Isolated	Data from James McKerrow	Data deposited by lamccall	M+H	522.356	521.348	1	19420565	N/A	CCCCCCCC/C=C\CCCCCCCC(=O)OC[C@H](COP(=O)([O-])OCC[N+](C)(C)C)O	InChI=1S/C26H52NO7P/c1-5-6-7-8-9-10-11-12-13-14-15-16-17-18-19-20-26(29)32-23-25(28)24-34-35(30,31)33-22-21-27(2,3)4/h12-13,25,28H,5-11,14-24H2,1-4H3/b13-12-/t25-/m1/s1	N/A	3	Positive	GNPS-NIST14-MATCHES	522.356	UPDATE-SINGLE-ANNOTATED-BRONZE	Bronze		N/A	YAMUFBLWGFFICM-PTGWMXDISA-N	YAMUFBLWGFFICM	Lipids and lipid-like molecules	Glycerophospholipids	Glycerophosphocholines	N/A	N/A	N/A	mzspec:GNPS:GNPS-LIBRARY:CCMSLIB00003139797
CCMSLIB00000425870	122	specs_ms.mgf	HMDB.mgf	0.858039	5009.7	155.128	6436.19	6	0.985001	152.056	1	temp/specs_ms.mgf122	1	HMDB:HMDB00292-496 Xanthine	Positive	Quattro_QQQ:25eV	Isolated	HMDB	HMDB	M+H	153.041	152.033	1	69-89-6	N/A	O=C1NC2=C(NC=N2)C(=O)N1	InChI=1S/C5H4N4O2/c10-4-2-3(7-1-6-2)8-5(11)9-4/h1H,(H3,6,7,8,9,10,11)	N/A	3	Positive	HMDB	153.041	UPDATE-SINGLE-ANNOTATED-BRONZE	Bronze		C5H4N4O2	LRFVTYWOQMYALW-UHFFFAOYSA-N	LRFVTYWOQMYALW	Organoheterocyclic compounds	Imidazopyrimidines	Purines and purine derivatives	Pseudoalkaloids	Purine alkaloids	Alkaloids	mzspec:GNPS:GNPS-LIBRARY:CCMSLIB00000425870
CCMSLIB00012440742	196	specs_ms.mgf	MSNLIB-POSITIVE.mgf	0.857408	19581.7	472.833	2.45709	6	0.000518799	211.143	1	temp/specs_ms.mgf196	1	5654-86-4	ESI	Orbitrap	Crude	Tomas Pluskal	Corinna Brungs	[M+H]+	211.144	210.137	1	N/A	N/A	CC(C)CC1NC(=O)C2CCCN2C1=O	InChI=1S/C11H18N2O2/c1-7(2)6-8-11(15)13-5-3-4-9(13)10(14)12-8/h7-9H,3-6H2,1-2H3,(H,12,14)	SZJNCZMRZAUNQT-UHFFFAOYSA-N	1	Positive	MSNLIB-POSITIVE	211.144	UPDATE-SINGLE-ANNOTATED-GOLD	Gold		C11H18N2O2	SZJNCZMRZAUNQT-UHFFFAOYSA-N	SZJNCZMRZAUNQT	Organic acids and derivatives	Carboxylic acids and derivatives	Amino acids, peptides, and analogues	Small peptides	Dipeptides	Amino acids and Peptides	mzspec:GNPS:GNPS-LIBRARY:CCMSLIB00012440742
CCMSLIB00005464875	655	specs_ms.mgf	BILELIB19.mgf	0.857336	33268.3	553.483	1.44132	16	0.00134277	931.624	1	temp/specs_ms.mgf655	1	"""((R)-4-((3R,5S,7S,8R,9S,10S,12S,13R,14S,17R)-3,7,12-trihydroxy-10,13-dimethylhexadecahydro-1H-cyclopenta[a]phenanthren-17-yl)pentanoyl)glycine"""	ESI	qTof	crude	Dorrestein	Emily Gentry	2M+H	931.625	465.309	1			C[C@@H]([C@H]1CC[C@]2([H])[C@]1(C)[C@@H](O)C[C@@]3([H])[C@@]2([H])[C@@H](O)C[C@@]4([H])[C@]3(C)CC[C@@H](O)C4)CCC(NCC(O)=O)=O	"""InChI=1S/C26H43NO6/c1-14(4-7-22(31)27-13-23(32)33)17-5-6-18-24-19(12-21(30)26(17,18)3)25(2)9-8-16(28)10-15(25)11-20(24)29/h14-21,24,28-30H,4-13H2,1-3H3,(H,27,31)(H,32,33)/t14-,15+,16-,17-,18+,19+,20+,21+,24+,25+,26-/m1/s1"""	N/A	1	Positive	BILELIB19	931.625	UPDATE-SINGLE-ANNOTATED-GOLD	Gold		C26H43NO6	RFDAIACWWDREDC-IFZPJRIXSA-N	RFDAIACWWDREDC	Lipids and lipid-like molecules	Steroids and steroid derivatives	Bile acids, alcohols and derivatives	Steroids	Cholane steroids	Terpenoids	mzspec:GNPS:GNPS-LIBRARY:CCMSLIB00005464875
CCMSLIB00013047420	327	specs_ms.mgf	MSNLIB-POSITIVE.mgf	0.854692	49834.9	617.146	0.163513	10	6.10352e-05	373.274	1	temp/specs_ms.mgf327	1	cholic acid	ESI	Orbitrap	Commercial	Tomas Pluskal	Corinna Brungs	[M+H-2H2O]+	373.274	408.288	1	N/A	N/A	C[C@H](CCC(=O)O)[C@H]1CC[C@H]2[C@@H]3[C@H](O)C[C@@H]4C[C@H](O)CC[C@]4(C)[C@H]3C[C@H](O)[C@]12C	InChI=1S/C24H40O5/c1-13(4-7-21(28)29)16-5-6-17-22-18(12-20(27)24(16,17)3)23(2)9-8-15(25)10-14(23)11-19(22)26/h13-20,22,25-27H,4-12H2,1-3H3,(H,28,29)/t13-,14+,15-,16-,17+,18+,19-,20+,22+,23+,24-/m1/s1	BHQCQFFYRZLCQQ-OELDTZBJSA-N	1	Positive	MSNLIB-POSITIVE	373.274	UPDATE-SINGLE-ANNOTATED-GOLD	Gold		C24H40O5	BHQCQFFYRZLCQQ-OELDTZBJSA-N	BHQCQFFYRZLCQQ	Lipids and lipid-like molecules	Steroids and steroid derivatives	Bile acids, alcohols and derivatives	Steroids	Cholane steroids	Terpenoids	mzspec:GNPS:GNPS-LIBRARY:CCMSLIB00013047420
CCMSLIB00006125396	47	specs_ms.mgf	BIRMINGHAM-UHPLC-MS-NEG.mgf	0.851742	10851.5	230.447	7803.27	7	0.983727	127.05	1	temp/specs_ms.mgf47	1	5-Methylcytosine - 40.0 eV	ESI	Orbitrap	Isolated	PI	Data Collector	M+H	126.066	0.0	1		N/A	Cc1cnc([nH]c1=N)O	InChI=1S/C5H7N3O/c1-3-2-7-5(9)8-4(3)6/h2H,1H3,(H3,6,7,8,9)	N/A	1	Positive	BIRMINGHAM-UHPLC-MS-NEG	126.066	UPDATE-SINGLE-ANNOTATED-GOLD	Gold		C5H7N3O	LRSASMSXMSNRBT-UHFFFAOYSA-N	LRSASMSXMSNRBT	Organoheterocyclic compounds	Diazines	Pyrimidines and pyrimidine derivatives	Nicotinic acid alkaloids	Pyridine alkaloids	Alkaloids	mzspec:GNPS:GNPS-LIBRARY:CCMSLIB00006125396
CCMSLIB00016349923	309	specs_ms.mgf	GNPS-ALKYLAMINES-LIBRARY.mgf	0.84943	17220.4	1049.67	5642.58	6	1.94293	346.277	1	temp/specs_ms.mgf309	1	Methylthioethylamine_Octadecanal (known isomers: 0; isobaric peaks in run: 1)	LC-ESI	Orbitrap	Crude	Pieter Dorrestein	Julius	[M+H]+	344.334	343.327	1	N/A	Octadecanal_Amine_batch5_P5_B8.mzML:scan:204	CCCCCCCCCCCCCCCCCCNCCSC	InChI=1S/C21H45NS/c1-3-4-5-6-7-8-9-10-11-12-13-14-15-16-17-18-19-22-20-21-23-2/h22H,3-21H2,1-2H3		1	Positive	GNPS-ALKYLAMINES-LIBRARY	344.334	UPDATE-SINGLE-ANNOTATED-GOLD	Gold		C21H45NS	KKOVCJJSUZIJKM-UHFFFAOYSA-N	KKOVCJJSUZIJKM	N/A	N/A	N/A			Fatty acids	mzspec:GNPS:GNPS-LIBRARY:CCMSLIB00016349923
CCMSLIB00000007132	225	specs_ms.mgf	GNPS-LIBRARY.mgf	0.846213	16482.1	480.759	0.0622482	7	1.52588e-05	245.128	1	temp/specs_ms.mgf225	1	cyclo(L-Phe-D-Pro)	DI-ESI	qTof	Isolated	Keyzers	R Keyzers	M+H	245.128	244.121	1	32021-26-4	N/A	N/A	N/A	N/A	3	Positive	GNPS-LIBRARY	245.128	UPDATE-SINGLE-ANNOTATED-BRONZE	Bronze	Human:Urine[Sample Type Detected]	N/A	N/A	N/A	N/A	N/A	N/A	N/A	N/A	N/A	mzspec:GNPS:GNPS-LIBRARY:CCMSLIB00000007132
CCMSLIB00003134943	620	specs_ms.mgf	GNPS-NIST14-MATCHES.mgf	0.841164	12572.5	767.753	1.55387	15	0.0012207	785.592	1	temp/specs_ms.mgf620	1	Spectral Match to Deoxycholic acid from NIST14	ESI	qTof	Isolated	Data from Joshua Wollam	Data deposited by fevargas	2M+H	785.591	392.293	1	83443	N/A	C[C@H](CCC(=O)O)[C@H]1CC[C@@H]2[C@@]1([C@H](C[C@H]3[C@H]2CC[C@H]4[C@@]3(CC[C@H](C4)O)C)O)C	InChI=1S/C24H40O4/c1-14(4-9-22(27)28)18-7-8-19-17-6-5-15-12-16(25)10-11-23(15,2)20(17)13-21(26)24(18,19)3/h14-21,25-26H,4-13H2,1-3H3,(H,27,28)/t14-,15-,16-,17+,18-,19+,20+,21+,23+,24-/m1/s1	N/A	3	Positive	GNPS-NIST14-MATCHES	785.591	UPDATE-SINGLE-ANNOTATED-BRONZE	Bronze		C24H40O4	KXGVEGMKQFWNSR-LLQZFEROSA-N	KXGVEGMKQFWNSR	Lipids and lipid-like molecules	Steroids and steroid derivatives	Bile acids, alcohols and derivatives	Steroids	Cholane steroids	Terpenoids	mzspec:GNPS:GNPS-LIBRARY:CCMSLIB00003134943
CCMSLIB00003136635	236	specs_ms.mgf	GNPS-NIST14-MATCHES.mgf	0.840977	6039.2	436.152	2.7834	6	0.000732422	263.138	1	temp/specs_ms.mgf236	1	Spectral Match to Phe-Pro from NIST14	ESI	QqQ	Isolated	Data from Gabriel Haddad	Data deposited by mjmeehan	M+H	263.139	0.0	1	N/A	N/A	N/A	N/A	N/A	3	Positive	GNPS-NIST14-MATCHES	263.139	UPDATE-SINGLE-ANNOTATED-BRONZE	Bronze		N/A	N/A	N/A	N/A	N/A	N/A	N/A	N/A	N/A	mzspec:GNPS:GNPS-LIBRARY:CCMSLIB00003136635
CCMSLIB00000007114	235	specs_ms.mgf	GNPS-LIBRARY.mgf	0.836677	17400.0	458.131	8.76525	7	0.00228882	261.126	1	temp/specs_ms.mgf235	1	cyclo(Phe-4-Hyp)	DI-ESI	qTof	Isolated	Keyzers	R Keyzers	M+H	261.124	260.116	1	0	N/A	N/A	N/A	N/A	3	Positive	GNPS-LIBRARY	261.124	UPDATE-SINGLE-ANNOTATED-BRONZE	Bronze		N/A	N/A	N/A	N/A	N/A	N/A	N/A	N/A	N/A	mzspec:GNPS:GNPS-LIBRARY:CCMSLIB00000007114
CCMSLIB00003139865	303	specs_ms.mgf	GNPS-NIST14-MATCHES.mgf	0.825135	85960.3	713.19	3023.1	6	1.00467	333.336	1	temp/specs_ms.mgf303	1	Spectral Match to Benzyltetradecyldimethylammonium from NIST14	ESI	QqQ	Isolated	Data from Pieter Dorrestein;Ruben Abagayan	Data deposited by lfnothias	Cat	332.331	0.0	1	16287711	N/A	N/A	N/A	N/A	3	Positive	GNPS-NIST14-MATCHES	332.331	UPDATE-SINGLE-ANNOTATED-BRONZE	Bronze		N/A	N/A	N/A	N/A	N/A	N/A	N/A	N/A	N/A	mzspec:GNPS:GNPS-LIBRARY:CCMSLIB00003139865
CCMSLIB00017431222	1	specs_ms.mgf	GNPS-ION-MOBILITY-LIBRARY.mgf	0.822599	143550.0	280.762	9363.44	6	0.97406	103.054	1	temp/specs_ms.mgf1	1	3-hydroxybenzaldehyde [CCS=112.9464111328125]	LC-ESI	ToF	Crude	Pieter Dorrestein	victoriadeleray	[M+H-H2O]+	104.028	122.037	1	N/A	N/A	O=CC1=CC=CC(O)=C1	InChI=1S/C7H6O2/c8-5-6-2-1-3-7(9)4-6/h1-5,9H	N/A	1	Positive	GNPS-ION-MOBILITY-LIBRARY	104.028	UPDATE-SINGLE-ANNOTATED-GOLD	Gold		C7H6O2	IAVREABSGIHHMO-UHFFFAOYSA-N	IAVREABSGIHHMO	Organic oxygen compounds	Organooxygen compounds	Carbonyl compounds	Phenolic acids (C6-C1)	Shikimic acids and derivatives|Simple phenolic acids	Shikimates and Phenylpropanoids	mzspec:GNPS:GNPS-LIBRARY:CCMSLIB00017431222
CCMSLIB00012870527	212	specs_ms.mgf	MSNLIB-POSITIVE.mgf	0.82118	21753.2	450.542	4414.4	6	0.998291	227.142	1	temp/specs_ms.mgf212	1	2-(Cyclopent-3-ene-1-carboxamido)-3,3-dimethylbutanoic acid	ESI	Orbitrap	Commercial	Tomas Pluskal	Corinna Brungs	[M+H]+	226.144	225.136	1	N/A	N/A	CC(C)(C)C(NC(=O)C1CC=CC1)C(=O)O	InChI=1S/C12H19NO3/c1-12(2,3)9(11(15)16)13-10(14)8-6-4-5-7-8/h4-5,8-9H,6-7H2,1-3H3,(H,13,14)(H,15,16)	NDNGILAHKUDFSW-UHFFFAOYSA-N	1	Positive	MSNLIB-POSITIVE	226.144	UPDATE-SINGLE-ANNOTATED-GOLD	Gold		C12H19NO3	NDNGILAHKUDFSW-UHFFFAOYSA-N	NDNGILAHKUDFSW	N/A	N/A	N/A	Small peptides		Amino acids and Peptides	mzspec:GNPS:GNPS-LIBRARY:CCMSLIB00012870527
CCMSLIB00004721221	332	specs_ms.mgf	MONA.mgf	0.820862	16900.7	437.047	4651.48	10	1.81439	388.254	1	temp/specs_ms.mgf332	1	GALANTHAMINE HYDROBROMIDE	N/A	ESI-QFT	isolated	MoNA	MoNA:VF-NPL-QEHF027640	[M+Na]+	390.068	0.0	1	N/A	N/A	Br.COc1ccc2c3c1OC1CC(O)C=CC31CCN(C)C2	InChI=1S/C17H21NO3.BrH/c1-18-8-7-17-6-5-12(19)9-14(17)21-16-13(20-2)4-3-11(10-18)15(16)17;/h3-6,12,14,19H,7-10H2,1-2H3;1H	N/A	3	positive	MONA	390.068	UPDATE-SINGLE-ANNOTATED-BRONZE	Bronze		C17H22BrNO3	QORVDGQLPPAFRS-UHFFFAOYSA-N	QORVDGQLPPAFRS	Alkaloids and derivatives	Amaryllidaceae alkaloids	Galanthamine-type amaryllidaceae alkaloids	Tyrosine alkaloids	Amarylidaceae alkaloids	Alkaloids	mzspec:GNPS:GNPS-LIBRARY:CCMSLIB00004721221
CCMSLIB00004698561	537	specs_ms.mgf	MONA.mgf	0.816376	65429.1	458.928	1713.45	10	1.04065	608.384	1	temp/specs_ms.mgf537	1	dehydroxynocardamine	N/A	ESI-QFT	isolated	MoNA	MoNA:VF-NPL-QEHF007498	[M+Na]+	607.343	0.0	1	N/A	N/A	O=C1CCC(O)=NCCCCCN=C(O)CCC(O)=NCCCCCN(O)C(=O)CCC(O)=NCCCCCN1O	InChI=1S/C27H48N6O8/c34-22-10-11-23(35)29-18-6-2-8-20-32(40)27(39)15-13-25(37)31-19-7-3-9-21-33(41)26(38)14-12-24(36)30-17-5-1-4-16-28-22/h40-41H,1-21H2,(H,28,34)(H,29,35)(H,30,36)(H,31,37)	N/A	3	positive	MONA	607.343	UPDATE-SINGLE-ANNOTATED-BRONZE	Bronze		C27H48N6O8	ABHHIGWFFMCQOC-UHFFFAOYSA-N	ABHHIGWFFMCQOC	N/A	N/A	N/A			Alkaloids	mzspec:GNPS:GNPS-LIBRARY:CCMSLIB00004698561
CCMSLIB00005738045	398	specs_ms.mgf	MASSBANK.mgf	0.815696	13867.8	640.455	15.0446	16	0.0067749	450.328	1	temp/specs_ms.mgf398	1	Massbank:RP005403 Glycodeoxycholic acid|2-[[(4R)-4-[(3R,8R,9S,10S,12S,13R,14S,17R)-3,12-dihydroxy-10,13-dimethyl-2,3,4,5,6,7,8,9,11,12,14,15,16,17-tetradecahydro-1H-cyclopenta[a]phenanthren-17-yl]pentanoyl]amino]acetic	ESI	qTof	Isolated	Massbank	Massbank	M+H	450.321	0.0	1	360-65-6	N/A	C[C@H](CCC(=O)NCC(=O)O)[C@H]1CC[C@@H]2[C@@]1([C@H](C[C@H]3[C@H]2CCC4[C@@]3(CC[C@H](C4)O)C)O)C	1S/C26H43NO5/c1-15(4-9-23(30)27-14-24(31)32)19-7-8-20-18-6-5-16-12-17(28)10-11-25(16,2)21(18)13-22(29)26(19,20)3/h15-22,28-29H,4-14H2,1-3H3,(H,27,30)(H,31,32)/t15-,16?,17-,18+,19-,20+,21+,22+,25+,26-/m1/s1	N/A	3	Positive	MASSBANK	450.321	UPDATE-SINGLE-ANNOTATED-BRONZE	Bronze		C26H43NO5	WVULKSPCQVQLCU-XMPMLJJQSA-N	WVULKSPCQVQLCU	Lipids and lipid-like molecules	Steroids and steroid derivatives	Bile acids, alcohols and derivatives	Steroids	Cholane steroids	Terpenoids	mzspec:GNPS:GNPS-LIBRARY:CCMSLIB00005738045
CCMSLIB00012839796	321	specs_ms.mgf	MSNLIB-POSITIVE.mgf	0.81445	7121.7	132.92	3406.19	6	1.24042	362.926	1	temp/specs_ms.mgf321	1	Z1145039212	ESI	Orbitrap	Commercial	Tomas Pluskal	Corinna Brungs	[M+H]+	364.166	363.158	1	N/A	N/A	CN(C(=O)c1nn(Cc2ccccc2)c(=O)c2ccccc12)C1CCOC1	InChI=1S/C21H21N3O3/c1-23(16-11-12-27-14-16)21(26)19-17-9-5-6-10-18(17)20(25)24(22-19)13-15-7-3-2-4-8-15/h2-10,16H,11-14H2,1H3	OMICZSPBWPBNLD-UHFFFAOYSA-N	1	Positive	MSNLIB-POSITIVE	364.166	UPDATE-SINGLE-ANNOTATED-GOLD	Gold		C21H21N3O3	OMICZSPBWPBNLD-UHFFFAOYSA-N	OMICZSPBWPBNLD	N/A	N/A	N/A				mzspec:GNPS:GNPS-LIBRARY:CCMSLIB00012839796
CCMSLIB00012361811	357	specs_ms.mgf	MSNLIB-POSITIVE.mgf	0.809839	17938.6	617.744	0.357918	12	0.000152588	426.321	1	temp/specs_ms.mgf357	1	cholic acid	ESI	Orbitrap	Crude	Tomas Pluskal	Corinna Brungs	[M+NH4]+	426.321	408.288	1	N/A	N/A	C[C@H](CCC(=O)O)[C@H]1CC[C@H]2[C@@H]3[C@H](O)C[C@@H]4C[C@H](O)CC[C@]4(C)[C@H]3C[C@H](O)[C@]12C	InChI=1S/C24H40O5/c1-13(4-7-21(28)29)16-5-6-17-22-18(12-20(27)24(16,17)3)23(2)9-8-15(25)10-14(23)11-19(22)26/h13-20,22,25-27H,4-12H2,1-3H3,(H,28,29)/t13-,14+,15-,16-,17+,18+,19-,20+,22+,23+,24-/m1/s1	BHQCQFFYRZLCQQ-OELDTZBJSA-N	1	Positive	MSNLIB-POSITIVE	426.321	UPDATE-SINGLE-ANNOTATED-GOLD	Gold		C24H40O5	BHQCQFFYRZLCQQ-OELDTZBJSA-N	BHQCQFFYRZLCQQ	Lipids and lipid-like molecules	Steroids and steroid derivatives	Bile acids, alcohols and derivatives	Steroids	Cholane steroids	Terpenoids	mzspec:GNPS:GNPS-LIBRARY:CCMSLIB00012361811
CCMSLIB00012387385	298	specs_ms.mgf	MSNLIB-POSITIVE.mgf	0.806179	10870.2	208.303	2919.71	8	0.963928	329.181	1	temp/specs_ms.mgf298	1	67341-40-6	ESI	Orbitrap	Crude	Tomas Pluskal	Corinna Brungs	[M+H]+	330.145	329.138	1	N/A	N/A	Cc1cc(=O)oc2c1ccc(NC(=O)[C@@H]1CCCN1C(=O)CN)c2	InChI=1S/C17H19N3O4/c1-10-7-16(22)24-14-8-11(4-5-12(10)14)19-17(23)13-3-2-6-20(13)15(21)9-18/h4-5,7-8,13H,2-3,6,9,18H2,1H3,(H,19,23)/t13-/m0/s1	UTDVHCQTKWTQEA-ZDUSSCGKSA-N	1	Positive	MSNLIB-POSITIVE	330.145	UPDATE-SINGLE-ANNOTATED-GOLD	Gold		C17H19N3O4	UTDVHCQTKWTQEA-ZDUSSCGKSA-N	UTDVHCQTKWTQEA	Organic acids and derivatives	Carboxylic acids and derivatives	Amino acids, peptides, and analogues	Coumarins	Simple coumarins	Shikimates and Phenylpropanoids	mzspec:GNPS:GNPS-LIBRARY:CCMSLIB00012387385
CCMSLIB00005464856	672	specs_ms.mgf	BILELIB19.mgf	0.795633	21203.8	612.904	1.41999	12	0.00146484	1031.59	1	temp/specs_ms.mgf672	1	"""2-((R)-4-((3R,5S,7S,8R,9S,10S,12R,13R,14S,17R)-3,7,12-trihydroxy-10,13-dimethylhexadecahydro-1H-cyclopenta[a]phenanthren-17-yl)pentanamido)ethane-1-sulfonic acid"""	ESI	qTof	crude	Dorrestein	Emily Gentry	2M+H	1031.59	515.292	1			C[C@@H]([C@H]1CC[C@]2([H])[C@]1(C)[C@H](O)C[C@@]3([H])[C@@]2([H])[C@@H](O)C[C@@]4([H])[C@]3(C)CC[C@@H](O)C4)CCC(NCCS(=O)(O)=O)=O	"""InChI=1S/C26H45NO7S/c1-15(4-7-23(31)27-10-11-35(32,33)34)18-5-6-19-24-20(14-22(30)26(18,19)3)25(2)9-8-17(28)12-16(25)13-21(24)29/h15-22,24,28-30H,4-14H2,1-3H3,(H,27,31)(H,32,33,34)/t15-,16+,17-,18-,19+,20+,21+,22-,24+,25+,26-/m1/s1"""	N/A	1	Positive	BILELIB19	1031.59	UPDATE-SINGLE-ANNOTATED-GOLD	Gold		C26H45NO7S	WBWWGRHZICKQGZ-GLHJPAOKSA-N	WBWWGRHZICKQGZ	Lipids and lipid-like molecules	Steroids and steroid derivatives	Bile acids, alcohols and derivatives	Steroids	Cholane steroids	Terpenoids	mzspec:GNPS:GNPS-LIBRARY:CCMSLIB00005464856
CCMSLIB00005435565	673	specs_ms.mgf	BILELIB19.mgf	0.791732	23324.6	611.094	1.41999	16	0.00146484	1031.59	1	temp/specs_ms.mgf673	1	taurocholic acid	ESI	Orbitrap	commercial	Dorrestein	A. Jarmusch	2M+H	1031.59	515.292	1	?81-24-3	N/A	C[C@H](CCC(=O)NCCS(=O)(=O)O)[C@H]1CC[C@@H]2[C@@]1([C@H](C[C@H]3[C@H]2[C@@H](C[C@H]4[C@@]3(CC[C@H](C4)O)C)O)O)C	1S/C26H45NO7S/c1-15(4-7-23(31)27-10-11-35(32,33)34)18-5-6-19-24-20(14-22(30)26(18,19)3)25(2)9-8-17(28)12-16(25)13-21(24)29/h15-22,24,28-30H,4-14H2,1-3H3,(H,27,31)(H,32,33,34)/t15?,16-,17+,18+,19-,20-,21+,22-,24-,25?,26?/m0/s1	N/A	1	Positive	BILELIB19	1031.59	UPDATE-SINGLE-ANNOTATED-GOLD	Gold		C26H45NO7S	WBWWGRHZICKQGZ-HZAMXZRMSA-N	WBWWGRHZICKQGZ	Lipids and lipid-like molecules	Steroids and steroid derivatives	Bile acids, alcohols and derivatives	Steroids	Cholane steroids	Terpenoids	mzspec:GNPS:GNPS-LIBRARY:CCMSLIB00005435565
CCMSLIB00006117313	254	specs_ms.mgf	BIRMINGHAM-UHPLC-MS-POS.mgf	0.791142	7603.7	259.438	6970.84	6	1.98041	282.119	1	temp/specs_ms.mgf254	1	Guanosine - 40.0 eV	ESI	Orbitrap	Isolated	PI	Data Collector	M+H	284.099	0.0	1		N/A	c1nc2c(=O)[nH]c(nc2n1[C@H]3[C@@H]([C@@H]([C@H](O3)CO)O)O)N	InChI=1S/C10H13N5O5/c11-10-13-7-4(8(19)14-10)12-2-15(7)9-6(18)5(17)3(1-16)20-9/h2-3,5-6,9,16-18H,1H2,(H3,11,13,14,19)/t3-,5-,6-,9-/m1/s1	N/A	1	Positive	BIRMINGHAM-UHPLC-MS-POS	284.099	UPDATE-SINGLE-ANNOTATED-GOLD	Gold		C10H13N5O5	NYHBQMYGNKIUIF-UUOKFMHZSA-N	NYHBQMYGNKIUIF	N/A	N/A	N/A	Nucleosides	Purine nucleos(t)ides	Carbohydrates	mzspec:GNPS:GNPS-LIBRARY:CCMSLIB00006117313
CCMSLIB00006113094	80	specs_ms.mgf	BIRMINGHAM-UHPLC-MS-POS.mgf	0.789978	68092.4	194.862	43.5464	6	0.00575256	132.108	1	temp/specs_ms.mgf80	1	L-(+)-Isoleucine - 40.0 eV	ESI	Orbitrap	Isolated	PI	Data Collector	M+H	132.102	0.0	1		N/A	CC[C@H](C)[C@@H](C(=O)O)N	InChI=1S/C6H13NO2/c1-3-4(2)5(7)6(8)9/h4-5H,3,7H2,1-2H3,(H,8,9)/t4-,5-/m0/s1	N/A	1	Positive	BIRMINGHAM-UHPLC-MS-POS	132.102	UPDATE-SINGLE-ANNOTATED-GOLD	Gold		C6H13NO2	AGPKZVBTJJNPAG-WHFBIAKZSA-N	AGPKZVBTJJNPAG	Organic acids and derivatives	Carboxylic acids and derivatives	Amino acids, peptides, and analogues	Small peptides	Aminoacids	Amino acids and Peptides	mzspec:GNPS:GNPS-LIBRARY:CCMSLIB00006113094
CCMSLIB00003139477	226	specs_ms.mgf	GNPS-NIST14-MATCHES.mgf	0.789162	16154.0	216.77	4043.2	7	0.995209	245.149	1	temp/specs_ms.mgf226	1	Spectral Match to Ile-Asn from NIST14	ESI	QqQ	Isolated	Data from Pieter Dorrestein	Data deposited by lfnothias	M+H	246.144	0.0	1	N/A	N/A	N/A	N/A	N/A	3	Positive	GNPS-NIST14-MATCHES	246.144	UPDATE-SINGLE-ANNOTATED-BRONZE	Bronze		N/A	N/A	N/A	N/A	N/A	N/A	N/A	N/A	N/A	mzspec:GNPS:GNPS-LIBRARY:CCMSLIB00003139477
CCMSLIB00005738045	396	specs_ms.mgf	MASSBANK.mgf	0.787302	23000.4	638.962	0.745453	16	0.000335693	450.321	1	temp/specs_ms.mgf396	1	Massbank:RP005403 Glycodeoxycholic acid|2-[[(4R)-4-[(3R,8R,9S,10S,12S,13R,14S,17R)-3,12-dihydroxy-10,13-dimethyl-2,3,4,5,6,7,8,9,11,12,14,15,16,17-tetradecahydro-1H-cyclopenta[a]phenanthren-17-yl]pentanoyl]amino]acetic	ESI	qTof	Isolated	Massbank	Massbank	M+H	450.321	0.0	1	360-65-6	N/A	C[C@H](CCC(=O)NCC(=O)O)[C@H]1CC[C@@H]2[C@@]1([C@H](C[C@H]3[C@H]2CCC4[C@@]3(CC[C@H](C4)O)C)O)C	1S/C26H43NO5/c1-15(4-9-23(30)27-14-24(31)32)19-7-8-20-18-6-5-16-12-17(28)10-11-25(16,2)21(18)13-22(29)26(19,20)3/h15-22,28-29H,4-14H2,1-3H3,(H,27,30)(H,31,32)/t15-,16?,17-,18+,19-,20+,21+,22+,25+,26-/m1/s1	N/A	3	Positive	MASSBANK	450.321	UPDATE-SINGLE-ANNOTATED-BRONZE	Bronze		C26H43NO5	WVULKSPCQVQLCU-XMPMLJJQSA-N	WVULKSPCQVQLCU	Lipids and lipid-like molecules	Steroids and steroid derivatives	Bile acids, alcohols and derivatives	Steroids	Cholane steroids	Terpenoids	mzspec:GNPS:GNPS-LIBRARY:CCMSLIB00005738045
CCMSLIB00000213958	240	specs_ms.mgf	RESPECT.mgf	0.786058	7781.7	198.347	4274.89	6	1.15118	268.139	1	temp/specs_ms.mgf240	1	ReSpect:PS025606 Inosine|INO|(?)-Inosine|beta-Inosine|Hypoxanthine 9-beta-D-ribofuranoside|9-beta-D-ribofuranosylhypoxanthine|Hypoxanthine ribonucleoside|Oxiamin|Ribonosine|Trophicardyl	ESI	Flow-injection QqQ/MS	Isolated	Putative ReSpect Match	ReSpect	[M+H]	269.29	0.0	1	58-63-9	N/A	C1=NC(=O)C2=C(N1)N(C=N2)C3C(C(C(O3)CO)O)O	InChI=1S/C10H12N4O5/c15-1-4-6(16)7(17)10(19-4)14-3-13-5-8(14)11-2-12-9(5)18/h2-4,6-7,10,15-17H,1H2,(H,11,12,18)	N/A	3	Positive	RESPECT	269.29	UPDATE-SINGLE-ANNOTATED-BRONZE	Bronze		C10H12N4O5	UGQMRVRMYYASKQ-UHFFFAOYSA-N	UGQMRVRMYYASKQ	N/A	N/A	N/A	Nucleosides	Purine nucleos(t)ides	Carbohydrates	mzspec:GNPS:GNPS-LIBRARY:CCMSLIB00000213958
CCMSLIB00005435517	656	specs_ms.mgf	BILELIB19.mgf	0.781917	57204.0	552.176	1.37581	17	0.00128174	931.624	1	temp/specs_ms.mgf656	1	glycocholic acid	ESI	Orbitrap	commercial	Dorrestein	A. Jarmusch	2M+H	931.625	465.309	1	475-31-0	N/A	C[C@H](CCC(=O)NCC(=O)O)[C@H]1CC[C@@H]2[C@@]1([C@H](C[C@H]3[C@H]2[C@@H](C[C@H]4[C@@]3(CC[C@H](C4)O)C)O)O)C	1S/C26H43NO6/c1-14(4-7-22(31)27-13-23(32)33)17-5-6-18-24-19(12-21(30)26(17,18)3)25(2)9-8-16(28)10-15(25)11-20(24)29/h14-21,24,28-30H,4-13H2,1-3H3,(H,27,31)(H,32,33)/t14?,15-,16+,17+,18-,19-,20+,21-,24-,25?,26?/m0/s1	N/A	1	Positive	BILELIB19	931.625	UPDATE-SINGLE-ANNOTATED-GOLD	Gold		C26H43NO6	RFDAIACWWDREDC-FRVQLJSFSA-N	RFDAIACWWDREDC	Lipids and lipid-like molecules	Steroids and steroid derivatives	Bile acids, alcohols and derivatives	Steroids	Cholane steroids	Terpenoids	mzspec:GNPS:GNPS-LIBRARY:CCMSLIB00005435517
CCMSLIB00006122548	51	specs_ms.mgf	BIRMINGHAM-UHPLC-MS-POS.mgf	0.781084	6627.9	322.75	7803.39	6	0.983742	127.05	1	temp/specs_ms.mgf51	1	5-Methylcytosine - 40.0 eV	ESI	Orbitrap	Isolated	PI	Data Collector	M+H	126.066	0.0	1		N/A	Cc1cnc([nH]c1=N)O	InChI=1S/C5H7N3O/c1-3-2-7-5(9)8-4(3)6/h2H,1H3,(H3,6,7,8,9)	N/A	1	Positive	BIRMINGHAM-UHPLC-MS-POS	126.066	UPDATE-SINGLE-ANNOTATED-GOLD	Gold		C5H7N3O	LRSASMSXMSNRBT-UHFFFAOYSA-N	LRSASMSXMSNRBT	Organoheterocyclic compounds	Diazines	Pyrimidines and pyrimidine derivatives	Nicotinic acid alkaloids	Pyridine alkaloids	Alkaloids	mzspec:GNPS:GNPS-LIBRARY:CCMSLIB00006122548
CCMSLIB00017432750	98	specs_ms.mgf	GNPS-ION-MOBILITY-LIBRARY.mgf	0.778987	32938.6	201.668	14552.5	6	1.98074	138.091	1	temp/specs_ms.mgf98	1	2,4,6-trimethylaniline [CCS=136.8988494873047]	LC-ESI	ToF	Crude	Pieter Dorrestein	victoriadeleray	[M+H]+	136.11	135.103	1	N/A	N/A	NC1=C(C)C=C(C)C=C1C	InChI=1S/C9H13N/c1-6-4-7(2)9(10)8(3)5-6/h4-5H,10H2,1-3H3	N/A	1	Positive	GNPS-ION-MOBILITY-LIBRARY	136.11	UPDATE-SINGLE-ANNOTATED-GOLD	Gold		C9H13N	KWVPRPSXBZNOHS-UHFFFAOYSA-N	KWVPRPSXBZNOHS	Benzenoids	Benzene and substituted derivatives	Aniline and substituted anilines				mzspec:GNPS:GNPS-LIBRARY:CCMSLIB00017432750
CCMSLIB00012315475	353	specs_ms.mgf	MSNLIB-NEGATIVE.mgf	0.776455	17684.6	457.908	1923.68	6	0.808014	419.228	1	temp/specs_ms.mgf353	1	223499-30-7	ESI	Orbitrap	Crude	Tomas Pluskal	Corinna Brungs	[M-H]-	420.036	421.043	1	N/A	N/A	Cc1c(C(=O)Nc2ccc(-n3nc(C(F)(F)F)cc3C(F)(F)F)cc2)snn1	InChI=1S/C15H9F6N5OS/c1-7-12(28-25-23-7)13(27)22-8-2-4-9(5-3-8)26-11(15(19,20)21)6-10(24-26)14(16,17)18/h2-6H,1H3,(H,22,27)	XPRZIORDEVHURQ-UHFFFAOYSA-N	1	Negative	MSNLIB-NEGATIVE	420.036	UPDATE-SINGLE-ANNOTATED-GOLD	Gold		C15H9F6N5OS	XPRZIORDEVHURQ-UHFFFAOYSA-N	XPRZIORDEVHURQ	Benzenoids	Benzene and substituted derivatives	Anilides			Alkaloids	mzspec:GNPS:GNPS-LIBRARY:CCMSLIB00012315475
CCMSLIB00003136277	451	specs_ms.mgf	GNPS-NIST14-MATCHES.mgf	0.77582	13683.9	605.26	0.472867	16	0.000244141	516.299	1	temp/specs_ms.mgf451	1	Spectral Match to Taurocholic acid from NIST14	ESI	Q-TOF	Isolated	Data from Joshua Wollam	Data deposited by fevargas	M+H	516.299	0.0	1	81243	N/A	N/A	N/A	N/A	3	Positive	GNPS-NIST14-MATCHES	516.299	UPDATE-SINGLE-ANNOTATED-BRONZE	Bronze		N/A	N/A	N/A	N/A	N/A	N/A	N/A	N/A	N/A	mzspec:GNPS:GNPS-LIBRARY:CCMSLIB00003136277
CCMSLIB00004693103	575	specs_ms.mgf	MONA.mgf	0.767812	29780.5	404.838	1619.2	8	1.08228	667.321	1	temp/specs_ms.mgf575	1	7-benzyl-11,14,20-trimethyl-16-(2-methylpropyl)-10,13-di(propan-2-yl)-17-oxa-1,5,8,11,14-pentazabicyclo[17.3.0]docosane-2,6,9,12,15,18-hexone	N/A	ESI-QFT	isolated	MoNA	MoNA:VF-NPL-QEHF002040	[M-H]-	668.403	0.0	1	N/A	N/A	CC(C)CC1OC(=O)C2C(C)CCN2C(=O)CCN=C(O)C(Cc2ccccc2)N=C(O)C(C(C)C)N(C)C(=O)C(C(C)C)N(C)C1=O	InChI=1S/C36H55N5O7/c1-21(2)19-27-34(45)40(9)30(23(5)6)35(46)39(8)29(22(3)4)33(44)38-26(20-25-13-11-10-12-14-25)32(43)37-17-15-28(42)41-18-16-24(7)31(41)36(47)48-27/h10-14,21-24,26-27,29-31H,15-20H2,1-9H3,(H,37,43)(H,38,44)	N/A	3	negative	MONA	668.403	UPDATE-SINGLE-ANNOTATED-BRONZE	Bronze		C36H55N5O7	UCLZXGHPVJMYSQ-UHFFFAOYSA-N	UCLZXGHPVJMYSQ	Organic acids and derivatives	Peptidomimetics	Depsipeptides	Oligopeptides	Cyclic peptides|Depsipeptides	Amino acids and Peptides|Polyketides	mzspec:GNPS:GNPS-LIBRARY:CCMSLIB00004693103
CCMSLIB00012948549	214	specs_ms.mgf	MSNLIB-POSITIVE.mgf	0.767803	5372.4	424.141	4360.26	6	0.994675	229.118	1	temp/specs_ms.mgf214	1	1-(oxolane-2-carbonyl)piperidine-2-carboxylic acid	ESI	Orbitrap	Commercial	Tomas Pluskal	Corinna Brungs	[M+H]+	228.123	227.116	1	N/A	N/A	O=C(O)C1CCCCN1C(=O)C1CCCO1	InChI=1S/C11H17NO4/c13-10(9-5-3-7-16-9)12-6-2-1-4-8(12)11(14)15/h8-9H,1-7H2,(H,14,15)	GZVXPKKVXAMGPM-UHFFFAOYSA-N	1	Positive	MSNLIB-POSITIVE	228.123	UPDATE-SINGLE-ANNOTATED-GOLD	Gold		C11H17NO4	GZVXPKKVXAMGPM-UHFFFAOYSA-N	GZVXPKKVXAMGPM	N/A	N/A	N/A	Small peptides	Dipeptides	Amino acids and Peptides	mzspec:GNPS:GNPS-LIBRARY:CCMSLIB00012948549
CCMSLIB00000224017	155	specs_ms.mgf	GNPS-LIBRARY.mgf	0.765215	11581.0	210.064	5688.33	6	0.995743	174.054	1	temp/specs_ms.mgf155	1	quinoxaline-2-carboxylic acid	DI-ESI	qTof	Other	Giuliano Clososki	Daniel Demarque	M+H	175.05	174.043	1	 	 	OC(C1=NC2=CC=CC=C2N=C1)=O	InChI=1S/C9H6N2O2/c12-9(13)8-5-10-6-3-1-2-4-7(6)11-8/h1-5H,(H,12,13)	 	3	Positive	GNPS-LIBRARY	175.05	UPDATE-SINGLE-ANNOTATED-BRONZE	Bronze		C9H6N2O2	UPUZGXILYFKSGE-UHFFFAOYSA-N	UPUZGXILYFKSGE	Organoheterocyclic compounds	Diazanaphthalenes	Benzodiazines	Anthranilic acid alkaloids	Phenazine alkaloids	Alkaloids	mzspec:GNPS:GNPS-LIBRARY:CCMSLIB00000224017
CCMSLIB00010135640	395	specs_ms.mgf	MCE-DRUG.mgf	0.764497	21938.9	639.154	0.745453	9	0.000335693	450.321	1	temp/specs_ms.mgf395	1	Glycoursodeoxycholic acid	ESI	Orbitrap	Crude	Tomas Pluskal	Corinna Brungs	M+H	450.321	449.314	1	N/A	N/A	C[C@H](CCC(=O)NCC(=O)O)[C@H]1CC[C@H]2[C@@H]3[C@@H](O)C[C@@H]4C[C@H](O)CC[C@]4(C)[C@H]3CC[C@]12C	"""InChI=1S/C26H43NO5/c1-15(4-7-22(30)27-14-23(31)32)18-5-6-19-24-20(9-11-26(18,19)3)25(2)10-8-17(28)12-16(25)13-21(24)29/h15-21,24,28-29H,4-14H2,1-3H3,(H,27,30)(H,31,32)/t15-,16+,17-,18-,19+,20+,21+,24+,25+,26-/m1/s1"""	GHCZAUBVMUEKKP-XROMFQGDSA-N	3	Positive	MCE-DRUG	450.321	UPDATE-SINGLE-ANNOTATED-BRONZE	Bronze		C26H43NO5	GHCZAUBVMUEKKP-XROMFQGDSA-N	GHCZAUBVMUEKKP	Lipids and lipid-like molecules	Steroids and steroid derivatives	Bile acids, alcohols and derivatives	Steroids	Cholane steroids	Terpenoids	mzspec:GNPS:GNPS-LIBRARY:CCMSLIB00010135640
CCMSLIB00011429876	480	specs_ms.mgf	BILELIB19.mgf	0.759957	23799.2	602.302	1.25887	15	0.000671387	533.325	1	temp/specs_ms.mgf480	1	(((3a,7a,12a)-3,7,12-trihydroxy-24-oxocholan-24-yl)amino)ethanesulfonic acid	ESI	Orbitrap	Isolated	Dorrestein	Ipsita Mohanty	M+NH4	533.326	515.292	1	N/A	N/A	O=S(O)(CCNC(CC[C@@H](C)C1CC[C@@]2([H])[C@]3([H])[C@H](O)CC4C[C@H](O)CC[C@]4(C)[C@@]3([H])C[C@H](O)[C@]12C)=O)=O	InChI=1S/C26H45NO8S/c1-14(4-5-22(32)27-8-9-36(33,34)35)24-20(30)12-18-23-17(13-21(31)26(18,24)3)25(2)7-6-16(28)10-15(25)11-19(23)29/h14-21,23-24,28-31H,4-13H2,1-3H3,(H,27,32)(H,33,34,35)/t14-,15-,16-,17+,18+,19-,20-,21+,23-,24?,25+,26-/m1/s1	N/A	1	Positive	BILELIB19	533.326	UPDATE-SINGLE-ANNOTATED-GOLD	Gold		C26H45NO7S	WBWWGRHZICKQGZ-DAQNLZHRSA-N	WBWWGRHZICKQGZ	N/A	N/A	N/A	Steroids	Cholane steroids	Terpenoids	mzspec:GNPS:GNPS-LIBRARY:CCMSLIB00011429876
CCMSLIB00003138079	167	specs_ms.mgf	GNPS-NIST14-MATCHES.mgf	0.759276	11900.3	462.559	4.66701	6	0.000854492	183.091	1	temp/specs_ms.mgf167	1	Spectral Match to Harmane from NIST14	ESI	qTof	Isolated	Data from Kit Pogliano	Data deposited by fevargas	M+H	183.092	182.084	1	486840	N/A	CC1=NC=CC2=C1NC3=CC=CC=C23	InChI=1S/C12H10N2/c1-8-12-10(6-7-13-8)9-4-2-3-5-11(9)14-12/h2-7,14H,1H3	N/A	3	Positive	GNPS-NIST14-MATCHES	183.092	UPDATE-SINGLE-ANNOTATED-BRONZE	Bronze		C12H10N2	PSFDQSOCUJVVGF-UHFFFAOYSA-N	PSFDQSOCUJVVGF	N/A	N/A	N/A	Tryptophan alkaloids	Carboline alkaloids	Alkaloids	mzspec:GNPS:GNPS-LIBRARY:CCMSLIB00003138079
CCMSLIB00017432750	99	specs_ms.mgf	GNPS-ION-MOBILITY-LIBRARY.mgf	0.758708	26210.7	203.697	14554.0	6	1.98094	138.091	1	temp/specs_ms.mgf99	1	2,4,6-trimethylaniline [CCS=136.8988494873047]	LC-ESI	ToF	Crude	Pieter Dorrestein	victoriadeleray	[M+H]+	136.11	135.103	1	N/A	N/A	NC1=C(C)C=C(C)C=C1C	InChI=1S/C9H13N/c1-6-4-7(2)9(10)8(3)5-6/h4-5H,10H2,1-3H3	N/A	1	Positive	GNPS-ION-MOBILITY-LIBRARY	136.11	UPDATE-SINGLE-ANNOTATED-GOLD	Gold		C9H13N	KWVPRPSXBZNOHS-UHFFFAOYSA-N	KWVPRPSXBZNOHS	Benzenoids	Benzene and substituted derivatives	Aniline and substituted anilines				mzspec:GNPS:GNPS-LIBRARY:CCMSLIB00017432750
CCMSLIB00003137413	187	specs_ms.mgf	GNPS-NIST14-MATCHES.mgf	0.757825	40094.4	276.042	10567.9	6	1.97774	189.123	1	temp/specs_ms.mgf187	1	Spectral Match to Ile-Leu-Lys from NIST14	ESI	QqQ	Isolated	Data from Gabriel Haddad	Data deposited by mjmeehan	M+2H]	187.145	0.0	1	N/A	N/A	N/A	N/A	N/A	3	Positive	GNPS-NIST14-MATCHES	187.145	UPDATE-SINGLE-ANNOTATED-BRONZE	Bronze		N/A	N/A	N/A	N/A	N/A	N/A	N/A	N/A	N/A	mzspec:GNPS:GNPS-LIBRARY:CCMSLIB00003137413
CCMSLIB00000007118	234	specs_ms.mgf	GNPS-LIBRARY.mgf	0.754134	26996.5	467.743	3.97358	9	0.0010376	261.123	1	temp/specs_ms.mgf234	1	cyclo(Phe-4-Hyp)	DI-ESI	qTof	Isolated	Keyzers	R Keyzers	M+H	261.124	260.116	1	0	N/A	N/A	N/A	N/A	3	Positive	GNPS-LIBRARY	261.124	UPDATE-SINGLE-ANNOTATED-BRONZE	Bronze		N/A	N/A	N/A	N/A	N/A	N/A	N/A	N/A	N/A	mzspec:GNPS:GNPS-LIBRARY:CCMSLIB00000007118
CCMSLIB00011429941	437	specs_ms.mgf	BILELIB19.mgf	0.752503	20520.3	604.301	0.367469	11	0.000183105	498.288	1	temp/specs_ms.mgf437	1	(((3a,7a,12b)-3,7,12-trihydroxy-24-oxocholan-24-yl)amino)ethanesulfonic acid	ESI	Orbitrap	Isolated	Dorrestein	Ipsita Mohanty	M-H2O+H	498.288	515.292	1	N/A	N/A	O=S(O)(CCNC(CC[C@@H](C)C1CC[C@@]2([H])[C@]3([H])[C@H](O)CC4C[C@H](O)CC[C@]4(C)[C@@]3([H])C[C@@H](O)[C@]12C)=O)=O	InChI=1S/C26H45NO7S/c1-15(4-7-23(31)27-10-11-35(32,33)34)18-5-6-19-24-20(14-22(30)26(18,19)3)25(2)9-8-17(28)12-16(25)13-21(24)29/h15-22,24,28-30H,4-14H2,1-3H3,(H,27,31)(H,32,33,34)/t15-,16?,17-,18?,19+,20+,21-,22-,24+,25+,26-/m1/s1	N/A	1	Positive	BILELIB19	498.288	UPDATE-SINGLE-ANNOTATED-GOLD	Gold		C26H45NO7S	WBWWGRHZICKQGZ-HWRPTZMOSA-N	WBWWGRHZICKQGZ	N/A	N/A	N/A	Steroids	Cholane steroids	Terpenoids	mzspec:GNPS:GNPS-LIBRARY:CCMSLIB00011429941
CCMSLIB00005464592	392	specs_ms.mgf	GNPS-MSMLS.mgf	0.743677	17868.2	549.483	1.83798	17	0.000823975	448.306	1	temp/specs_ms.mgf392	1	GLYCOCHOLATE	ESI	Orbitrap	Commercial	Dorrestein	Kelly Weldon	M-H2O+H	448.305	465.309	1	475-31-0	N/A	[H][C@@]12CC[C@H]([C@H](C)CCC(=O)NCC(O)=O)[C@@]1(C)[C@@H](O)C[C@@]1([H])[C@@]2([H])[C@H](O)CC2C[C@H](O)CC[C@]12C	"""InChI=1S/C26H43NO6/c1-14(4-7-22(31)27-13-23(32)33)17-5-6-18-24-19(12-21(30)26(17,18)3)25(2)9-8-16(28)10-15(25)11-20(24)29/h14-21,24,28-30H,4-13H2,1-3H3,(H,27,31)(H,32,33)/t14-,15?,16-,17-,18+,19+,20-,21+,24+,25+,26-/m1/s1"""	N/A	1	Positive	GNPS-MSMLS	448.305	UPDATE-SINGLE-ANNOTATED-GOLD	Gold		C26H43NO6	RFDAIACWWDREDC-MZMBZMQMSA-N	RFDAIACWWDREDC	Lipids and lipid-like molecules	Steroids and steroid derivatives	Bile acids, alcohols and derivatives	Steroids	Cholane steroids	Terpenoids	mzspec:GNPS:GNPS-LIBRARY:CCMSLIB00005464592
CCMSLIB00006119720	241	specs_ms.mgf	BIRMINGHAM-UHPLC-MS-POS.mgf	0.741579	9993.7	188.645	2274.81	6	0.608582	268.14	1	temp/specs_ms.mgf241	1	Adenosine - 40.0 eV	ESI	Orbitrap	Isolated	PI	Data Collector	Unknown	267.531	0.0	1		N/A	c1nc(c2c(n1)n(cn2)[C@H]3[C@@H]([C@@H]([C@H](O3)CO)O)O)N	InChI=1S/C10H13N5O4/c11-8-5-9(13-2-12-8)15(3-14-5)10-7(18)6(17)4(1-16)19-10/h2-4,6-7,10,16-18H,1H2,(H2,11,12,13)/t4-,6-,7-,10-/m1/s1	N/A	1	Positive	BIRMINGHAM-UHPLC-MS-POS	267.531	UPDATE-SINGLE-ANNOTATED-GOLD	Gold		C10H13N5O4	OIRDTQYFTABQOQ-KQYNXXCUSA-N	OIRDTQYFTABQOQ	N/A	N/A	N/A	Nucleosides	Purine nucleos(t)ides	Carbohydrates	mzspec:GNPS:GNPS-LIBRARY:CCMSLIB00006119720
CCMSLIB00003136458	486	specs_ms.mgf	GNPS-NIST14-MATCHES.mgf	0.738861	10868.4	608.029	1.36067	10	0.000732422	538.28	1	temp/specs_ms.mgf486	1	Spectral Match to Taurocholic acid from NIST14	ESI	qTof	Isolated	Data from Joshua Wollam	Data deposited by fevargas	M+Na	538.281	515.292	1	81243	N/A	C[C@H](CCC(=O)NCCS(=O)(=O)O)[C@H]1CC[C@@H]2[C@@]1([C@H](C[C@H]3[C@H]2[C@@H](C[C@H]4[C@@]3(CC[C@H](C4)O)C)O)O)C	InChI=1S/C26H45NO7S/c1-15(4-7-23(31)27-10-11-35(32,33)34)18-5-6-19-24-20(14-22(30)26(18,19)3)25(2)9-8-17(28)12-16(25)13-21(24)29/h15-22,24,28-30H,4-14H2,1-3H3,(H,27,31)(H,32,33,34)/t15-,16+,17-,18-,19+,20+,21-,22+,24+,25+,26-/m1/s1	N/A	3	Positive	GNPS-NIST14-MATCHES	538.281	UPDATE-SINGLE-ANNOTATED-BRONZE	Bronze		C26H45NO7S	WBWWGRHZICKQGZ-HZAMXZRMSA-N	WBWWGRHZICKQGZ	Lipids and lipid-like molecules	Steroids and steroid derivatives	Bile acids, alcohols and derivatives	Steroids	Cholane steroids	Terpenoids	mzspec:GNPS:GNPS-LIBRARY:CCMSLIB00003136458
CCMSLIB00006113073	441	specs_ms.mgf	BIRMINGHAM-UHPLC-MS-POS.mgf	0.737369	9076.4	734.221	1.76894	8	0.00088501	500.303	1	temp/specs_ms.mgf441	1	Sodium taurochenodeoxycholate - 40.0 eV	ESI	Orbitrap	Isolated	PI	Data Collector	Unknown	500.304	0.0	1		N/A	C[C@H](CCC(=O)NCCS(=O)(=O)[O-])[C@H]1CC[C@@H]2[C@@]1(CC[C@H]3[C@H]2[C@@H](C[C@H]4[C@@]3(CC[C@H](C4)O)C)O)C.[Na+]	InChI=1S/C26H45NO6S.Na/c1-16(4-7-23(30)27-12-13-34(31,32)33)19-5-6-20-24-21(9-11-26(19,20)3)25(2)10-8-18(28)14-17(25)15-22(24)29;/h16-22,24,28-29H,4-15H2,1-3H3,(H,27,30)(H,31,32,33);/q;+1/p-1/t16-,17+,18-,19-,20+,21+,22-,24+,25+,26-;/m1./s1	N/A	1	Positive	BIRMINGHAM-UHPLC-MS-POS	500.304	UPDATE-SINGLE-ANNOTATED-GOLD	Gold		N/A	IYPNVUSIMGAJFC-HLEJRKHJSA-M	IYPNVUSIMGAJFC	Lipids and lipid-like molecules	Steroids and steroid derivatives	Bile acids, alcohols and derivatives	N/A	N/A	N/A	mzspec:GNPS:GNPS-LIBRARY:CCMSLIB00006113073
CCMSLIB00004715668	511	specs_ms.mgf	MONA.mgf	0.73228	22937.7	871.024	2168.67	6	1.23438	570.42	1	temp/specs_ms.mgf511	1	5-methoxy-3-methyl-4-[(2S,3R,4S,5S,6R)-3,4,5-trihydroxy-6-[[(2R,3R,4S,5S,6R)-3,4,5-trihydroxy-6-(hydroxymethyl)oxan-2-yl]oxymethyl]oxan-2-yl]oxy-3H-benzo[f][2]benzofuran-1-one	N/A	ESI-QFT	isolated	MoNA	MoNA:VF-NPL-QEHF024605	[M+H]+	569.186	0.0	1	N/A	N/A	COc1cccc2cc3c(c(O[C@@H]4O[C@H](CO[C@@H]5O[C@H](CO)[C@@H](O)[C@H](O)[C@H]5O)[C@@H](O)[C@H](O)[C@H]4O)c12)C(C)OC3=O	InChI=1S/C26H32O14/c1-9-15-11(24(34)37-9)6-10-4-3-5-12(35-2)16(10)23(15)40-26-22(33)20(31)18(29)14(39-26)8-36-25-21(32)19(30)17(28)13(7-27)38-25/h3-6,9,13-14,17-22,25-33H,7-8H2,1-2H3/t9?,13-,14-,17-,18-,19+,20+,21-,22-,25-,26+/m1/s1	N/A	3	positive	MONA	569.186	UPDATE-SINGLE-ANNOTATED-BRONZE	Bronze		C26H32O14	PAEOIXITAYMQRF-BYSCJPLWSA-N	PAEOIXITAYMQRF	Organic oxygen compounds	Organooxygen compounds	Carbohydrates and carbohydrate conjugates	Naphthalenes	Naphthalenes and derivatives	Polyketides	mzspec:GNPS:GNPS-LIBRARY:CCMSLIB00004715668
CCMSLIB00016350731	251	specs_ms.mgf	GNPS-ALKYLAMINES-LIBRARY.mgf	0.731902	12032.9	436.787	3621.21	6	1.02167	281.112	1	temp/specs_ms.mgf251	1	o-acetyl threonine_p-Anisaldehyde (known isomers: 0; isobaric peaks in run: 5)	LC-ESI	Orbitrap	Crude	Pieter Dorrestein	Julius	[M+H]+	282.134	281.126	1	N/A	p-Anisaldehyde_Amine_batch2_P2_A9.mzML:scan:813	COc1ccc(CN[C@H](C(=O)O)[C@@H](C)OC(C)=O)cc1	InChI=1S/C14H19NO5/c1-9(20-10(2)16)13(14(17)18)15-8-11-4-6-12(19-3)7-5-11/h4-7,9,13,15H,8H2,1-3H3,(H,17,18)/t9-,13+/m1/s1		1	Positive	GNPS-ALKYLAMINES-LIBRARY	282.134	UPDATE-SINGLE-ANNOTATED-GOLD	Gold		C14H19NO5	WQYVPYPCMVZDPE-RNCFNFMXSA-N	WQYVPYPCMVZDPE	N/A	N/A	N/A	Small peptides	Aminoacids	Amino acids and Peptides	mzspec:GNPS:GNPS-LIBRARY:CCMSLIB00016350731
CCMSLIB00005435514	390	specs_ms.mgf	BILELIB19.mgf	0.731608	24252.7	551.099	0.408439	15	0.000183105	448.306	1	temp/specs_ms.mgf390	1	glycocholic acid	ESI	Orbitrap	commercial	Dorrestein	A. Jarmusch	M-H2O+H	448.306	465.309	1	475-31-0	N/A	C[C@H](CCC(=O)NCC(=O)O)[C@H]1CC[C@@H]2[C@@]1([C@H](C[C@H]3[C@H]2[C@@H](C[C@H]4[C@@]3(CC[C@H](C4)O)C)O)O)C	1S/C26H43NO6/c1-14(4-7-22(31)27-13-23(32)33)17-5-6-18-24-19(12-21(30)26(17,18)3)25(2)9-8-16(28)10-15(25)11-20(24)29/h14-21,24,28-30H,4-13H2,1-3H3,(H,27,31)(H,32,33)/t14?,15-,16+,17+,18-,19-,20+,21-,24-,25?,26?/m0/s1	N/A	1	Positive	BILELIB19	448.306	UPDATE-SINGLE-ANNOTATED-GOLD	Gold		C26H43NO6	RFDAIACWWDREDC-FRVQLJSFSA-N	RFDAIACWWDREDC	Lipids and lipid-like molecules	Steroids and steroid derivatives	Bile acids, alcohols and derivatives	Steroids	Cholane steroids	Terpenoids	mzspec:GNPS:GNPS-LIBRARY:CCMSLIB00005435514
CCMSLIB00009918988	215	specs_ms.mgf	GNPS-LIBRARY.mgf	0.731268	7384.5	342.02	8566.11	6	1.97992	229.154	1	temp/specs_ms.mgf215	1	Proline 	LC-ESI	Orbitrap	Lysate	Koellensperger	Yasin El Abiead	2M+H	231.134	0.0	0	344-25-2	N/A	OC(=O)[C@H]1CCCN1	InChI=1S/C5H9NO2/c7-5(8)4-2-1-3-6-4/h4,6H,1-3H2,(H,7,8)/t4-/m1/s1	N/A	3	Positive	GNPS-LIBRARY	231.134	UPDATE-SINGLE-ANNOTATED-BRONZE	Bronze		C5H9NO2	ONIBWKKTOPOVIA-SCSAIBSYSA-N	ONIBWKKTOPOVIA	Organic acids and derivatives	Carboxylic acids and derivatives	Amino acids, peptides, and analogues	Small peptides	Aminoacids|Dipeptides	Amino acids and Peptides	mzspec:GNPS:GNPS-LIBRARY:CCMSLIB00009918988
CCMSLIB00005435514	393	specs_ms.mgf	BILELIB19.mgf	0.724478	24749.5	550.579	0.0680731	14	3.05176e-05	448.306	1	temp/specs_ms.mgf393	1	glycocholic acid	ESI	Orbitrap	commercial	Dorrestein	A. Jarmusch	M-H2O+H	448.306	465.309	1	475-31-0	N/A	C[C@H](CCC(=O)NCC(=O)O)[C@H]1CC[C@@H]2[C@@]1([C@H](C[C@H]3[C@H]2[C@@H](C[C@H]4[C@@]3(CC[C@H](C4)O)C)O)O)C	1S/C26H43NO6/c1-14(4-7-22(31)27-13-23(32)33)17-5-6-18-24-19(12-21(30)26(17,18)3)25(2)9-8-16(28)10-15(25)11-20(24)29/h14-21,24,28-30H,4-13H2,1-3H3,(H,27,31)(H,32,33)/t14?,15-,16+,17+,18-,19-,20+,21-,24-,25?,26?/m0/s1	N/A	1	Positive	BILELIB19	448.306	UPDATE-SINGLE-ANNOTATED-GOLD	Gold		C26H43NO6	RFDAIACWWDREDC-FRVQLJSFSA-N	RFDAIACWWDREDC	Lipids and lipid-like molecules	Steroids and steroid derivatives	Bile acids, alcohols and derivatives	Steroids	Cholane steroids	Terpenoids	mzspec:GNPS:GNPS-LIBRARY:CCMSLIB00005435514
CCMSLIB00006680127	479	specs_ms.mgf	MONA.mgf	0.724475	35281.8	604.493	1.25887	16	0.000671387	533.325	1	temp/specs_ms.mgf479	1	TAUROCHOLIC ACID	ESI	Orbitrap	isolated	MoNA	MoNA:MoNA038726	M+NH4	533.326	0.0	1	N/A	N/A	C[C@H](CC/C(=N/CCS(=O)(=O)O)/O)[C@H]1CC[C@H]2[C@H]3[C@H](C[C@@H]([C@]12C)O)[C@@]4(C)CC[C@H](C[C@H]4C[C@H]3O)O	"""InChI=1S/C26H45NO7S/c1-15(4-7-23(31)27-10-11-35(32,33)34)18-5-6-19-24-20(14-22(30)26(18,19)3)25(2)9-8-17(28)12-16(25)13-21(24)29/h15-22,24,28-30H,4-14H2,1-3H3,(H,27,31)(H,32,33,34)/t15-,16+,17-,18-,19+,20+,21-,22+,24+,25+,26-/m1/s1"""	N/A	3	positive	MONA	533.326	UPDATE-SINGLE-ANNOTATED-BRONZE	Bronze		C26H45NO7S	WBWWGRHZICKQGZ-HZAMXZRMSA-N	WBWWGRHZICKQGZ	Lipids and lipid-like molecules	Steroids and steroid derivatives	Bile acids, alcohols and derivatives	Steroids	Cholane steroids|Cholestane steroids	Terpenoids	mzspec:GNPS:GNPS-LIBRARY:CCMSLIB00006680127
CCMSLIB00006678144	555	specs_ms.mgf	GNPS-LIBRARY.mgf	0.722508	18011.5	1029.01	14.2453	11	0.00891113	625.56	1	temp/specs_ms.mgf555	1	OL (32:0)	LC-ESI	Orbitrap	Other	S Ding	Su Ding	M+H	625.551	0.0	1	N/A	N/A	N/A	N/A	N/A	3	Positive	GNPS-LIBRARY	625.551	UPDATE-SINGLE-ANNOTATED-BRONZE	Bronze		N/A	N/A	N/A	N/A	N/A	N/A	N/A	N/A	N/A	mzspec:GNPS:GNPS-LIBRARY:CCMSLIB00006678144
CCMSLIB00017432750	89	specs_ms.mgf	GNPS-ION-MOBILITY-LIBRARY.mgf	0.721143	18125.3	199.171	355.938	6	0.0484467	136.062	1	temp/specs_ms.mgf89	1	2,4,6-trimethylaniline [CCS=136.8988494873047]	LC-ESI	ToF	Crude	Pieter Dorrestein	victoriadeleray	[M+H]+	136.11	135.103	1	N/A	N/A	NC1=C(C)C=C(C)C=C1C	InChI=1S/C9H13N/c1-6-4-7(2)9(10)8(3)5-6/h4-5H,10H2,1-3H3	N/A	1	Positive	GNPS-ION-MOBILITY-LIBRARY	136.11	UPDATE-SINGLE-ANNOTATED-GOLD	Gold		C9H13N	KWVPRPSXBZNOHS-UHFFFAOYSA-N	KWVPRPSXBZNOHS	Benzenoids	Benzene and substituted derivatives	Aniline and substituted anilines				mzspec:GNPS:GNPS-LIBRARY:CCMSLIB00017432750
CCMSLIB00003136277	453	specs_ms.mgf	GNPS-NIST14-MATCHES.mgf	0.720366	12607.5	607.646	0.472867	14	0.000244141	516.299	1	temp/specs_ms.mgf453	1	Spectral Match to Taurocholic acid from NIST14	ESI	Q-TOF	Isolated	Data from Joshua Wollam	Data deposited by fevargas	M+H	516.299	0.0	1	81243	N/A	N/A	N/A	N/A	3	Positive	GNPS-NIST14-MATCHES	516.299	UPDATE-SINGLE-ANNOTATED-BRONZE	Bronze		N/A	N/A	N/A	N/A	N/A	N/A	N/A	N/A	N/A	mzspec:GNPS:GNPS-LIBRARY:CCMSLIB00003136277
CCMSLIB00004708389	367	specs_ms.mgf	MONA.mgf	0.71855	52882.6	444.064	297.442	7	0.12854	432.28	1	temp/specs_ms.mgf367	1	3-[3-[3,4-dihydroxy-5-(6-oxo-3H-purin-9-yl)oxolan-2-yl]propanoyl]benzoic acid	N/A	ESI-QFT	isolated	MoNA	MoNA:VF-NPL-QEHF017326	[M+NH4]+	432.151	0.0	1	N/A	N/A	O=C(O)c1cccc(C(=O)CCC2OC(n3cnc4c(O)ncnc43)C(O)C2O)c1	InChI=1S/C19H18N4O7/c24-11(9-2-1-3-10(6-9)19(28)29)4-5-12-14(25)15(26)18(30-12)23-8-22-13-16(23)20-7-21-17(13)27/h1-3,6-8,12,14-15,18,25-26H,4-5H2,(H,28,29)(H,20,21,27)	N/A	3	positive	MONA	432.151	UPDATE-SINGLE-ANNOTATED-BRONZE	Bronze		C19H18N4O7	VEDWXCWBMDQNCV-UHFFFAOYSA-N	VEDWXCWBMDQNCV	N/A	N/A	N/A	Nucleosides	Purine nucleos(t)ides	Carbohydrates	mzspec:GNPS:GNPS-LIBRARY:CCMSLIB00004708389
CCMSLIB00003139423	137	specs_ms.mgf	GNPS-NIST14-MATCHES.mgf	0.716784	20900.7	223.83	6379.59	7	1.02777	160.075	1	temp/specs_ms.mgf137	1	Spectral Match to 2-Propylbenzimidazole from NIST14	ESI	qTof	Isolated	Data from Kim Prather	Data deposited by mjmeehan	M+H	161.103	160.1	1	5465292	N/A	CCCC1=NC2=CC=CC=C2N1	InChI=1S/C10H12N2/c1-2-5-10-11-8-6-3-4-7-9(8)12-10/h3-4,6-7H,2,5H2,1H3,(H,11,12)	N/A	3	Positive	GNPS-NIST14-MATCHES	161.103	UPDATE-SINGLE-ANNOTATED-BRONZE	Bronze		C10H12N2	FBLJZPQLNMVEMR-UHFFFAOYSA-N	FBLJZPQLNMVEMR	N/A	N/A	N/A	Anthranilic acid alkaloids	Quinazoline alkaloids	Alkaloids	mzspec:GNPS:GNPS-LIBRARY:CCMSLIB00003139423
CCMSLIB00017432757	95	specs_ms.mgf	GNPS-ION-MOBILITY-LIBRARY.mgf	0.716005	6293.0	198.705	6884.78	6	0.937088	137.047	1	temp/specs_ms.mgf95	1	2,4,6-trimethylaniline [CCS=136.0012664794922]	LC-ESI	ToF	Crude	Pieter Dorrestein	victoriadeleray	[M+H]+	136.11	135.103	1	N/A	N/A	NC1=C(C)C=C(C)C=C1C	InChI=1S/C9H13N/c1-6-4-7(2)9(10)8(3)5-6/h4-5H,10H2,1-3H3	N/A	1	Positive	GNPS-ION-MOBILITY-LIBRARY	136.11	UPDATE-SINGLE-ANNOTATED-GOLD	Gold		C9H13N	KWVPRPSXBZNOHS-UHFFFAOYSA-N	KWVPRPSXBZNOHS	Benzenoids	Benzene and substituted derivatives	Aniline and substituted anilines				mzspec:GNPS:GNPS-LIBRARY:CCMSLIB00017432757
CCMSLIB00006683859	97	specs_ms.mgf	MONA.mgf	0.71329	9163.6	526.808	7360.4	6	1.00871	138.055	1	temp/specs_ms.mgf97	1	HYPOXANTHINE	ESI	qTof	isolated	MoNA	MoNA:MoNA033473	M+H	137.046	0.0	1	N/A	N/A	C1=NC2=C(N=CN=C2N1)O	"""InChI=1S/C5H4N4O/c10-5-3-4(7-1-6-3)8-2-9-5/h1-2H,(H2,6,7,8,9,10)"""	N/A	3	positive	MONA	137.046	UPDATE-SINGLE-ANNOTATED-BRONZE	Bronze		C5H4N4O	FDGQSTZJBFJUBT-UHFFFAOYSA-N	FDGQSTZJBFJUBT	Organoheterocyclic compounds	Imidazopyrimidines	Purines and purine derivatives	Pseudoalkaloids	pteridine alkaloids	Alkaloids	mzspec:GNPS:GNPS-LIBRARY:CCMSLIB00006683859
CCMSLIB00006112739	74	specs_ms.mgf	BIRMINGHAM-UHPLC-MS-POS.mgf	0.711356	25579.4	196.597	52.556	6	0.00694275	132.109	1	temp/specs_ms.mgf74	1	L-Alloisoleucine - 30.0 eV	ESI	Orbitrap	Isolated	PI	Data Collector	M+H	132.102	0.0	1		N/A	CC[C@@H](C)[C@@H](C(=O)O)N	InChI=1S/C6H13NO2/c1-3-4(2)5(7)6(8)9/h4-5H,3,7H2,1-2H3,(H,8,9)/t4-,5+/m1/s1	N/A	1	Positive	BIRMINGHAM-UHPLC-MS-POS	132.102	UPDATE-SINGLE-ANNOTATED-GOLD	Gold		C6H13NO2	AGPKZVBTJJNPAG-UHNVWZDZSA-N	AGPKZVBTJJNPAG	Organic acids and derivatives	Carboxylic acids and derivatives	Amino acids, peptides, and analogues	Small peptides	Aminoacids	Amino acids and Peptides	mzspec:GNPS:GNPS-LIBRARY:CCMSLIB00006112739
CCMSLIB00005743029	125	specs_ms.mgf	MASSBANK.mgf	0.710186	70515.3	203.759	0.688747	6	0.000106812	155.081	1	temp/specs_ms.mgf125	1	Massbank:PR300401 Cyclo-prolylglycine	ESI	qTof	Isolated	Massbank	Massbank	M+H	155.081	0.0	1	N/A	N/A	OC1=NCC(=O)N2CCC[C@@H]12	1S/C7H10N2O2/c10-6-4-8-7(11)5-2-1-3-9(5)6/h5H,1-4H2,(H,8,11)/t5-/m0/s1	N/A	3	Positive	MASSBANK	155.081	UPDATE-SINGLE-ANNOTATED-BRONZE	Bronze		C7H10N2O2	OWOHLURDBZHNGG-YFKPBYRVSA-N	OWOHLURDBZHNGG	Organic acids and derivatives	Carboxylic acids and derivatives	Amino acids, peptides, and analogues			Alkaloids|Amino acids and Peptides	mzspec:GNPS:GNPS-LIBRARY:CCMSLIB00005743029
CCMSLIB00005743029	126	specs_ms.mgf	MASSBANK.mgf	0.707388	25898.9	202.504	12.8894	6	0.0019989	155.083	1	temp/specs_ms.mgf126	1	Massbank:PR300401 Cyclo-prolylglycine	ESI	qTof	Isolated	Massbank	Massbank	M+H	155.081	0.0	1	N/A	N/A	OC1=NCC(=O)N2CCC[C@@H]12	1S/C7H10N2O2/c10-6-4-8-7(11)5-2-1-3-9(5)6/h5H,1-4H2,(H,8,11)/t5-/m0/s1	N/A	3	Positive	MASSBANK	155.081	UPDATE-SINGLE-ANNOTATED-BRONZE	Bronze		C7H10N2O2	OWOHLURDBZHNGG-YFKPBYRVSA-N	OWOHLURDBZHNGG	Organic acids and derivatives	Carboxylic acids and derivatives	Amino acids, peptides, and analogues			Alkaloids|Amino acids and Peptides	mzspec:GNPS:GNPS-LIBRARY:CCMSLIB00005743029
CCMSLIB00005435563	417	specs_ms.mgf	BILELIB19.mgf	0.706671	8580.2	604.155	2.98644	13	0.00143433	480.278	1	temp/specs_ms.mgf417	1	taurocholic acid	ESI	Orbitrap	commercial	Dorrestein	A. Jarmusch	M-2H2O+H	480.279	515.292	1	?81-24-3	N/A	C[C@H](CCC(=O)NCCS(=O)(=O)O)[C@H]1CC[C@@H]2[C@@]1([C@H](C[C@H]3[C@H]2[C@@H](C[C@H]4[C@@]3(CC[C@H](C4)O)C)O)O)C	1S/C26H45NO7S/c1-15(4-7-23(31)27-10-11-35(32,33)34)18-5-6-19-24-20(14-22(30)26(18,19)3)25(2)9-8-17(28)12-16(25)13-21(24)29/h15-22,24,28-30H,4-14H2,1-3H3,(H,27,31)(H,32,33,34)/t15?,16-,17+,18+,19-,20-,21+,22-,24-,25?,26?/m0/s1	N/A	1	Positive	BILELIB19	480.279	UPDATE-SINGLE-ANNOTATED-GOLD	Gold		C26H45NO7S	WBWWGRHZICKQGZ-HZAMXZRMSA-N	WBWWGRHZICKQGZ	Lipids and lipid-like molecules	Steroids and steroid derivatives	Bile acids, alcohols and derivatives	Steroids	Cholane steroids	Terpenoids	mzspec:GNPS:GNPS-LIBRARY:CCMSLIB00005435563
CCMSLIB00012870537	211	specs_ms.mgf	MSNLIB-POSITIVE.mgf	0.70663	23876.4	451.078	4398.48	6	0.99469	227.139	1	temp/specs_ms.mgf211	1	2-(Cyclopent-3-ene-1-carboxamido)-3,3-dimethylbutanoic acid	ESI	Orbitrap	Commercial	Tomas Pluskal	Corinna Brungs	[M+H]+	226.144	225.136	1	N/A	N/A	CC(C)(C)C(NC(=O)C1CC=CC1)C(=O)O	InChI=1S/C12H19NO3/c1-12(2,3)9(11(15)16)13-10(14)8-6-4-5-7-8/h4-5,8-9H,6-7H2,1-3H3,(H,13,14)(H,15,16)	NDNGILAHKUDFSW-UHFFFAOYSA-N	1	Positive	MSNLIB-POSITIVE	226.144	UPDATE-SINGLE-ANNOTATED-GOLD	Gold		C12H19NO3	NDNGILAHKUDFSW-UHFFFAOYSA-N	NDNGILAHKUDFSW	N/A	N/A	N/A	Small peptides		Amino acids and Peptides	mzspec:GNPS:GNPS-LIBRARY:CCMSLIB00012870537
CCMSLIB00010122719	325	specs_ms.mgf	BERKELEY-LAB.mgf	0.703424	8020.6	438.533	5126.19	6	1.91278	371.226	1	temp/specs_ms.mgf325	1	3-(4-hydroxyphenyl)-2-{2-[(phenylmethoxy)carbonylamino]acetylamino}propanoic a cid CollisionEnergy:205060	LC-ESI	Orbitrap	Commercial	Trent Northen	JGI	M+H	373.139	0.0	1	N/A	N/A	O=C(O)C(Cc1ccc(O)cc1)N=C(O)CN=C(O)OCc1ccccc1	"""InChI=1S/C19H20N2O6/c22-15-8-6-13(7-9-15)10-16(18(24)25)21-17(23)11-20-19(26)27-12-14-4-2-1-3-5-14/h1-9,16,22H,10-12H2,(H,20,26)(H,21,23)(H,24,25)"""	N/A	3	Positive	BERKELEY-LAB	373.139	UPDATE-SINGLE-ANNOTATED-BRONZE	Bronze		C19H20N2O6	YYPNBRMRXNXSDE-UHFFFAOYSA-N	YYPNBRMRXNXSDE	Organic acids and derivatives	Carboxylic acids and derivatives	Amino acids, peptides, and analogues			Shikimates and Phenylpropanoids	mzspec:GNPS:GNPS-LIBRARY:CCMSLIB00010122719
CCMSLIB00017432757	90	specs_ms.mgf	GNPS-ION-MOBILITY-LIBRARY.mgf	0.703418	21919.6	199.362	355.938	7	0.0484467	136.062	1	temp/specs_ms.mgf90	1	2,4,6-trimethylaniline [CCS=136.0012664794922]	LC-ESI	ToF	Crude	Pieter Dorrestein	victoriadeleray	[M+H]+	136.11	135.103	1	N/A	N/A	NC1=C(C)C=C(C)C=C1C	InChI=1S/C9H13N/c1-6-4-7(2)9(10)8(3)5-6/h4-5H,10H2,1-3H3	N/A	1	Positive	GNPS-ION-MOBILITY-LIBRARY	136.11	UPDATE-SINGLE-ANNOTATED-GOLD	Gold		C9H13N	KWVPRPSXBZNOHS-UHFFFAOYSA-N	KWVPRPSXBZNOHS	Benzenoids	Benzene and substituted derivatives	Aniline and substituted anilines				mzspec:GNPS:GNPS-LIBRARY:CCMSLIB00017432757
CCMSLIB00016224890	442	specs_ms.mgf	GNPS-ION-MOBILITY-LIBRARY.mgf	0.703067	11947.7	741.337	0.792975	16	0.000396729	500.304	1	temp/specs_ms.mgf442	1	TAURODEOXYCHOLIC ACID [CCS=211.46849060058594]	LC-ESI	ToF	Crude	Pieter Dorrestein	victoriadeleray	[M+H]+	500.304	499.296	1	NA	NA	CC(CCC(=O)NCCS(=O)(=O)O)C1CCC2C3CCC4CC(O)CCC4(C)C3CC(O)C12C	InChI=1S/C26H45NO6S/c1-16(4-9-24(30)27-12-13-34(31,32)33)20-7-8-21-19-6-5-17-14-18(28)10-11-25(17,2)22(19)15-23(29)26(20,21)3/h16-23,28-29H,4-15H2,1-3H3,(H,27,30)(H,31,32,33)	NA	1	Positive	GNPS-ION-MOBILITY-LIBRARY	500.304	UPDATE-SINGLE-ANNOTATED-GOLD	Gold		C26H45NO6S	AWDRATDZQPNJFN-UHFFFAOYSA-N	AWDRATDZQPNJFN	Lipids and lipid-like molecules	Steroids and steroid derivatives	Bile acids, alcohols and derivatives	Steroids	Cholane steroids	Terpenoids	mzspec:GNPS:GNPS-LIBRARY:CCMSLIB00016224890
