USI1,USI2,SMILES1,SpectrumID,Compound_Name,CLUSTERID1,CLUSTERID2
mzspec:GNPS:GNPS-LIBRARY:accession:CCMSLIB00004715668,mzspec:GNPS2:TASK-5d7dd02dcfa04e059be6022795cd4a36-nf_output/clustering/specs_ms.mgf:scan:466,COc1cccc2cc3c(c(O[C@@H]4O[C@H](CO[C@@H]5O[C@H](CO)[C@@H](O)[C@H](O)[C@H]5O)[C@@H](O)[C@H](O)[C@H]4O)c12)C(C)OC3=O,CCMSLIB00004715668,"5-methoxy-3-methyl-4-[(2S,3R,4S,5S,6R)-3,4,5-trihydroxy-6-[[(2R,3R,4S,5S,6R)-3,4,5-trihydroxy-6-(hydroxymethyl)oxan-2-yl]oxymethyl]oxan-2-yl]oxy-3H-benzo[f][2]benzofuran-1-one",511,466
mzspec:GNPS:GNPS-LIBRARY:accession:CCMSLIB00004715668,mzspec:GNPS2:TASK-5d7dd02dcfa04e059be6022795cd4a36-nf_output/clustering/specs_ms.mgf:scan:467,COc1cccc2cc3c(c(O[C@@H]4O[C@H](CO[C@@H]5O[C@H](CO)[C@@H](O)[C@H](O)[C@H]5O)[C@@H](O)[C@H](O)[C@H]4O)c12)C(C)OC3=O,CCMSLIB00004715668,"5-methoxy-3-methyl-4-[(2S,3R,4S,5S,6R)-3,4,5-trihydroxy-6-[[(2R,3R,4S,5S,6R)-3,4,5-trihydroxy-6-(hydroxymethyl)oxan-2-yl]oxymethyl]oxan-2-yl]oxy-3H-benzo[f][2]benzofuran-1-one",511,467
mzspec:GNPS:GNPS-LIBRARY:accession:CCMSLIB00004715668,mzspec:GNPS2:TASK-5d7dd02dcfa04e059be6022795cd4a36-nf_output/clustering/specs_ms.mgf:scan:512,COc1cccc2cc3c(c(O[C@@H]4O[C@H](CO[C@@H]5O[C@H](CO)[C@@H](O)[C@H](O)[C@H]5O)[C@@H](O)[C@H](O)[C@H]4O)c12)C(C)OC3=O,CCMSLIB00004715668,"5-methoxy-3-methyl-4-[(2S,3R,4S,5S,6R)-3,4,5-trihydroxy-6-[[(2R,3R,4S,5S,6R)-3,4,5-trihydroxy-6-(hydroxymethyl)oxan-2-yl]oxymethyl]oxan-2-yl]oxy-3H-benzo[f][2]benzofuran-1-one",511,512
mzspec:GNPS:GNPS-LIBRARY:accession:CCMSLIB00004715668,mzspec:GNPS2:TASK-5d7dd02dcfa04e059be6022795cd4a36-nf_output/clustering/specs_ms.mgf:scan:534,COc1cccc2cc3c(c(O[C@@H]4O[C@H](CO[C@@H]5O[C@H](CO)[C@@H](O)[C@H](O)[C@H]5O)[C@@H](O)[C@H](O)[C@H]4O)c12)C(C)OC3=O,CCMSLIB00004715668,"5-methoxy-3-methyl-4-[(2S,3R,4S,5S,6R)-3,4,5-trihydroxy-6-[[(2R,3R,4S,5S,6R)-3,4,5-trihydroxy-6-(hydroxymethyl)oxan-2-yl]oxymethyl]oxan-2-yl]oxy-3H-benzo[f][2]benzofuran-1-one",511,534
mzspec:GNPS:GNPS-LIBRARY:accession:CCMSLIB00004715668,mzspec:GNPS2:TASK-5d7dd02dcfa04e059be6022795cd4a36-nf_output/clustering/specs_ms.mgf:scan:545,COc1cccc2cc3c(c(O[C@@H]4O[C@H](CO[C@@H]5O[C@H](CO)[C@@H](O)[C@H](O)[C@H]5O)[C@@H](O)[C@H](O)[C@H]4O)c12)C(C)OC3=O,CCMSLIB00004715668,"5-methoxy-3-methyl-4-[(2S,3R,4S,5S,6R)-3,4,5-trihydroxy-6-[[(2R,3R,4S,5S,6R)-3,4,5-trihydroxy-6-(hydroxymethyl)oxan-2-yl]oxymethyl]oxan-2-yl]oxy-3H-benzo[f][2]benzofuran-1-one",511,545
mzspec:GNPS:GNPS-LIBRARY:accession:CCMSLIB00004715668,mzspec:GNPS2:TASK-5d7dd02dcfa04e059be6022795cd4a36-nf_output/clustering/specs_ms.mgf:scan:546,COc1cccc2cc3c(c(O[C@@H]4O[C@H](CO[C@@H]5O[C@H](CO)[C@@H](O)[C@H](O)[C@H]5O)[C@@H](O)[C@H](O)[C@H]4O)c12)C(C)OC3=O,CCMSLIB00004715668,"5-methoxy-3-methyl-4-[(2S,3R,4S,5S,6R)-3,4,5-trihydroxy-6-[[(2R,3R,4S,5S,6R)-3,4,5-trihydroxy-6-(hydroxymethyl)oxan-2-yl]oxymethyl]oxan-2-yl]oxy-3H-benzo[f][2]benzofuran-1-one",511,546
mzspec:GNPS:GNPS-LIBRARY:accession:CCMSLIB00004715668,mzspec:GNPS2:TASK-5d7dd02dcfa04e059be6022795cd4a36-nf_output/clustering/specs_ms.mgf:scan:570,COc1cccc2cc3c(c(O[C@@H]4O[C@H](CO[C@@H]5O[C@H](CO)[C@@H](O)[C@H](O)[C@H]5O)[C@@H](O)[C@H](O)[C@H]4O)c12)C(C)OC3=O,CCMSLIB00004715668,"5-methoxy-3-methyl-4-[(2S,3R,4S,5S,6R)-3,4,5-trihydroxy-6-[[(2R,3R,4S,5S,6R)-3,4,5-trihydroxy-6-(hydroxymethyl)oxan-2-yl]oxymethyl]oxan-2-yl]oxy-3H-benzo[f][2]benzofuran-1-one",511,570
mzspec:GNPS:GNPS-LIBRARY:accession:CCMSLIB00004715668,mzspec:GNPS2:TASK-5d7dd02dcfa04e059be6022795cd4a36-nf_output/clustering/specs_ms.mgf:scan:571,COc1cccc2cc3c(c(O[C@@H]4O[C@H](CO[C@@H]5O[C@H](CO)[C@@H](O)[C@H](O)[C@H]5O)[C@@H](O)[C@H](O)[C@H]4O)c12)C(C)OC3=O,CCMSLIB00004715668,"5-methoxy-3-methyl-4-[(2S,3R,4S,5S,6R)-3,4,5-trihydroxy-6-[[(2R,3R,4S,5S,6R)-3,4,5-trihydroxy-6-(hydroxymethyl)oxan-2-yl]oxymethyl]oxan-2-yl]oxy-3H-benzo[f][2]benzofuran-1-one",511,571
mzspec:GNPS:GNPS-LIBRARY:accession:CCMSLIB00004715668,mzspec:GNPS2:TASK-5d7dd02dcfa04e059be6022795cd4a36-nf_output/clustering/specs_ms.mgf:scan:589,COc1cccc2cc3c(c(O[C@@H]4O[C@H](CO[C@@H]5O[C@H](CO)[C@@H](O)[C@H](O)[C@H]5O)[C@@H](O)[C@H](O)[C@H]4O)c12)C(C)OC3=O,CCMSLIB00004715668,"5-methoxy-3-methyl-4-[(2S,3R,4S,5S,6R)-3,4,5-trihydroxy-6-[[(2R,3R,4S,5S,6R)-3,4,5-trihydroxy-6-(hydroxymethyl)oxan-2-yl]oxymethyl]oxan-2-yl]oxy-3H-benzo[f][2]benzofuran-1-one",511,589
mzspec:GNPS:GNPS-LIBRARY:accession:CCMSLIB00004715668,mzspec:GNPS2:TASK-5d7dd02dcfa04e059be6022795cd4a36-nf_output/clustering/specs_ms.mgf:scan:590,COc1cccc2cc3c(c(O[C@@H]4O[C@H](CO[C@@H]5O[C@H](CO)[C@@H](O)[C@H](O)[C@H]5O)[C@@H](O)[C@H](O)[C@H]4O)c12)C(C)OC3=O,CCMSLIB00004715668,"5-methoxy-3-methyl-4-[(2S,3R,4S,5S,6R)-3,4,5-trihydroxy-6-[[(2R,3R,4S,5S,6R)-3,4,5-trihydroxy-6-(hydroxymethyl)oxan-2-yl]oxymethyl]oxan-2-yl]oxy-3H-benzo[f][2]benzofuran-1-one",511,590
mzspec:GNPS:GNPS-LIBRARY:accession:CCMSLIB00017431222,mzspec:GNPS2:TASK-5d7dd02dcfa04e059be6022795cd4a36-nf_output/clustering/specs_ms.mgf:scan:3,O=CC1=CC=CC(O)=C1,CCMSLIB00017431222,3-hydroxybenzaldehyde [CCS=112.9464111328125],1,3
mzspec:GNPS:GNPS-LIBRARY:accession:CCMSLIB00003134584,mzspec:GNPS2:TASK-5d7dd02dcfa04e059be6022795cd4a36-nf_output/clustering/specs_ms.mgf:scan:205,C1=CC=C(C=C1)CC(C(=O)O)N,CCMSLIB00003134584,Spectral Match to DL-Phenylalanine from NIST14,145,205
mzspec:GNPS:GNPS-LIBRARY:accession:CCMSLIB00003134604,mzspec:GNPS2:TASK-5d7dd02dcfa04e059be6022795cd4a36-nf_output/clustering/specs_ms.mgf:scan:34,C1=CC=C(C=C1)C(=O)O,CCMSLIB00003134604,Spectral Match to Benzoic acid from NIST14,38,34
mzspec:GNPS:GNPS-LIBRARY:accession:CCMSLIB00017432750,mzspec:GNPS2:TASK-5d7dd02dcfa04e059be6022795cd4a36-nf_output/clustering/specs_ms.mgf:scan:34,NC1=C(C)C=C(C)C=C1C,CCMSLIB00017432750,"2,4,6-trimethylaniline [CCS=136.8988494873047]",98,34
mzspec:GNPS:GNPS-LIBRARY:accession:CCMSLIB00000426130,mzspec:GNPS2:TASK-5d7dd02dcfa04e059be6022795cd4a36-nf_output/clustering/specs_ms.mgf:scan:34,N[C@@H](CC1=CC=CC=C1)C(O)=O,CCMSLIB00000426130,HMDB:HMDB00159-250 L-Phenylalanine,147,34
mzspec:GNPS:GNPS-LIBRARY:accession:CCMSLIB00013639998,mzspec:GNPS2:TASK-5d7dd02dcfa04e059be6022795cd4a36-nf_output/clustering/specs_ms.mgf:scan:34,C([C@@H](C(O)=O)N)C1=CC=CC=C1,CCMSLIB00013639998,Phenylalanine_(L-)_30EV,148,34
mzspec:GNPS:GNPS-LIBRARY:accession:CCMSLIB00006112739,mzspec:GNPS2:TASK-5d7dd02dcfa04e059be6022795cd4a36-nf_output/clustering/specs_ms.mgf:scan:25,CC[C@@H](C)[C@@H](C(=O)O)N,CCMSLIB00006112739,L-Alloisoleucine - 30.0 eV,74,25
mzspec:GNPS:GNPS-LIBRARY:accession:CCMSLIB00006113094,mzspec:GNPS2:TASK-5d7dd02dcfa04e059be6022795cd4a36-nf_output/clustering/specs_ms.mgf:scan:25,CC[C@H](C)[C@@H](C(=O)O)N,CCMSLIB00006113094,L-(+)-Isoleucine - 40.0 eV,80,25
mzspec:GNPS:GNPS-LIBRARY:accession:CCMSLIB00017432750,mzspec:GNPS2:TASK-5d7dd02dcfa04e059be6022795cd4a36-nf_output/clustering/specs_ms.mgf:scan:30,NC1=C(C)C=C(C)C=C1C,CCMSLIB00017432750,"2,4,6-trimethylaniline [CCS=136.8988494873047]",99,30
mzspec:GNPS:GNPS-LIBRARY:accession:CCMSLIB00017432750,mzspec:GNPS2:TASK-5d7dd02dcfa04e059be6022795cd4a36-nf_output/clustering/specs_ms.mgf:scan:31,NC1=C(C)C=C(C)C=C1C,CCMSLIB00017432750,"2,4,6-trimethylaniline [CCS=136.8988494873047]",99,31
mzspec:GNPS:GNPS-LIBRARY:accession:CCMSLIB00017432750,mzspec:GNPS2:TASK-5d7dd02dcfa04e059be6022795cd4a36-nf_output/clustering/specs_ms.mgf:scan:32,NC1=C(C)C=C(C)C=C1C,CCMSLIB00017432750,"2,4,6-trimethylaniline [CCS=136.8988494873047]",99,32
mzspec:GNPS:GNPS-LIBRARY:accession:CCMSLIB00017432750,mzspec:GNPS2:TASK-5d7dd02dcfa04e059be6022795cd4a36-nf_output/clustering/specs_ms.mgf:scan:69,NC1=C(C)C=C(C)C=C1C,CCMSLIB00017432750,"2,4,6-trimethylaniline [CCS=136.8988494873047]",99,69
mzspec:GNPS:GNPS-LIBRARY:accession:CCMSLIB00006112739,mzspec:GNPS2:TASK-5d7dd02dcfa04e059be6022795cd4a36-nf_output/clustering/specs_ms.mgf:scan:83,CC[C@@H](C)[C@@H](C(=O)O)N,CCMSLIB00006112739,L-Alloisoleucine - 30.0 eV,74,83
mzspec:GNPS:GNPS-LIBRARY:accession:CCMSLIB00003134584,mzspec:GNPS2:TASK-5d7dd02dcfa04e059be6022795cd4a36-nf_output/clustering/specs_ms.mgf:scan:146,C1=CC=C(C=C1)CC(C(=O)O)N,CCMSLIB00003134584,Spectral Match to DL-Phenylalanine from NIST14,145,146
mzspec:GNPS:GNPS-LIBRARY:accession:CCMSLIB00000426130,mzspec:GNPS2:TASK-5d7dd02dcfa04e059be6022795cd4a36-nf_output/clustering/specs_ms.mgf:scan:146,N[C@@H](CC1=CC=CC=C1)C(O)=O,CCMSLIB00000426130,HMDB:HMDB00159-250 L-Phenylalanine,147,146
mzspec:GNPS:GNPS-LIBRARY:accession:CCMSLIB00003134584,mzspec:GNPS2:TASK-5d7dd02dcfa04e059be6022795cd4a36-nf_output/clustering/specs_ms.mgf:scan:75,C1=CC=C(C=C1)CC(C(=O)O)N,CCMSLIB00003134584,Spectral Match to DL-Phenylalanine from NIST14,145,75
mzspec:GNPS:GNPS-LIBRARY:accession:CCMSLIB00006113094,mzspec:GNPS2:TASK-5d7dd02dcfa04e059be6022795cd4a36-nf_output/clustering/specs_ms.mgf:scan:60,CC[C@H](C)[C@@H](C(=O)O)N,CCMSLIB00006113094,L-(+)-Isoleucine - 40.0 eV,80,60
mzspec:GNPS:GNPS-LIBRARY:accession:CCMSLIB00006113094,mzspec:GNPS2:TASK-5d7dd02dcfa04e059be6022795cd4a36-nf_output/clustering/specs_ms.mgf:scan:81,CC[C@H](C)[C@@H](C(=O)O)N,CCMSLIB00006113094,L-(+)-Isoleucine - 40.0 eV,80,81
mzspec:GNPS:GNPS-LIBRARY:accession:CCMSLIB00006113094,mzspec:GNPS2:TASK-5d7dd02dcfa04e059be6022795cd4a36-nf_output/clustering/specs_ms.mgf:scan:82,CC[C@H](C)[C@@H](C(=O)O)N,CCMSLIB00006113094,L-(+)-Isoleucine - 40.0 eV,80,82
mzspec:GNPS:GNPS-LIBRARY:accession:CCMSLIB00003134604,mzspec:GNPS2:TASK-5d7dd02dcfa04e059be6022795cd4a36-nf_output/clustering/specs_ms.mgf:scan:33,C1=CC=C(C=C1)C(=O)O,CCMSLIB00003134604,Spectral Match to Benzoic acid from NIST14,38,33
mzspec:GNPS:GNPS-LIBRARY:accession:CCMSLIB00000426130,mzspec:GNPS2:TASK-5d7dd02dcfa04e059be6022795cd4a36-nf_output/clustering/specs_ms.mgf:scan:33,N[C@@H](CC1=CC=CC=C1)C(O)=O,CCMSLIB00000426130,HMDB:HMDB00159-250 L-Phenylalanine,147,33
mzspec:GNPS:GNPS-LIBRARY:accession:CCMSLIB00013639998,mzspec:GNPS2:TASK-5d7dd02dcfa04e059be6022795cd4a36-nf_output/clustering/specs_ms.mgf:scan:33,C([C@@H](C(O)=O)N)C1=CC=CC=C1,CCMSLIB00013639998,Phenylalanine_(L-)_30EV,148,33
mzspec:GNPS:GNPS-LIBRARY:accession:CCMSLIB00017432757,mzspec:GNPS2:TASK-5d7dd02dcfa04e059be6022795cd4a36-nf_output/clustering/specs_ms.mgf:scan:31,NC1=C(C)C=C(C)C=C1C,CCMSLIB00017432757,"2,4,6-trimethylaniline [CCS=136.0012664794922]",95,31
mzspec:GNPS:GNPS-LIBRARY:accession:CCMSLIB00017431222,mzspec:GNPS2:TASK-5d7dd02dcfa04e059be6022795cd4a36-nf_output/clustering/specs_ms.mgf:scan:2,O=CC1=CC=CC(O)=C1,CCMSLIB00017431222,3-hydroxybenzaldehyde [CCS=112.9464111328125],1,2
mzspec:GNPS:GNPS-LIBRARY:accession:CCMSLIB00017432757,mzspec:GNPS2:TASK-5d7dd02dcfa04e059be6022795cd4a36-nf_output/clustering/specs_ms.mgf:scan:31,NC1=C(C)C=C(C)C=C1C,CCMSLIB00017432757,"2,4,6-trimethylaniline [CCS=136.0012664794922]",90,31
mzspec:GNPS:GNPS-LIBRARY:accession:CCMSLIB00017432757,mzspec:GNPS2:TASK-5d7dd02dcfa04e059be6022795cd4a36-nf_output/clustering/specs_ms.mgf:scan:32,NC1=C(C)C=C(C)C=C1C,CCMSLIB00017432757,"2,4,6-trimethylaniline [CCS=136.0012664794922]",90,32
mzspec:GNPS:GNPS-LIBRARY:accession:CCMSLIB00003134584,mzspec:GNPS2:TASK-5d7dd02dcfa04e059be6022795cd4a36-nf_output/clustering/specs_ms.mgf:scan:144,C1=CC=C(C=C1)CC(C(=O)O)N,CCMSLIB00003134584,Spectral Match to DL-Phenylalanine from NIST14,145,144
mzspec:GNPS:GNPS-LIBRARY:accession:CCMSLIB00000426130,mzspec:GNPS2:TASK-5d7dd02dcfa04e059be6022795cd4a36-nf_output/clustering/specs_ms.mgf:scan:144,N[C@@H](CC1=CC=CC=C1)C(O)=O,CCMSLIB00000426130,HMDB:HMDB00159-250 L-Phenylalanine,147,144
mzspec:GNPS:GNPS-LIBRARY:accession:CCMSLIB00013639998,mzspec:GNPS2:TASK-5d7dd02dcfa04e059be6022795cd4a36-nf_output/clustering/specs_ms.mgf:scan:144,C([C@@H](C(O)=O)N)C1=CC=CC=C1,CCMSLIB00013639998,Phenylalanine_(L-)_30EV,148,144
mzspec:GNPS:GNPS-LIBRARY:accession:CCMSLIB00006121006,mzspec:GNPS2:TASK-5d7dd02dcfa04e059be6022795cd4a36-nf_output/clustering/specs_ms.mgf:scan:20,C[N+](C)(C)CC(=O)O,CCMSLIB00006121006,"Carboxy-N,N,N-trimethylmethanaminium - 40.0 eV",19,20
mzspec:GNPS:GNPS-LIBRARY:accession:CCMSLIB00003134584,mzspec:GNPS2:TASK-5d7dd02dcfa04e059be6022795cd4a36-nf_output/clustering/specs_ms.mgf:scan:77,C1=CC=C(C=C1)CC(C(=O)O)N,CCMSLIB00003134584,Spectral Match to DL-Phenylalanine from NIST14,145,77
mzspec:GNPS:GNPS-LIBRARY:accession:CCMSLIB00017431222,mzspec:GNPS2:TASK-5d7dd02dcfa04e059be6022795cd4a36-nf_output/clustering/specs_ms.mgf:scan:30,O=CC1=CC=CC(O)=C1,CCMSLIB00017431222,3-hydroxybenzaldehyde [CCS=112.9464111328125],1,30
mzspec:GNPS:GNPS-LIBRARY:accession:CCMSLIB00017431222,mzspec:GNPS2:TASK-5d7dd02dcfa04e059be6022795cd4a36-nf_output/clustering/specs_ms.mgf:scan:32,O=CC1=CC=CC(O)=C1,CCMSLIB00017431222,3-hydroxybenzaldehyde [CCS=112.9464111328125],1,32
mzspec:GNPS:GNPS-LIBRARY:accession:CCMSLIB00003134604,mzspec:GNPS2:TASK-5d7dd02dcfa04e059be6022795cd4a36-nf_output/clustering/specs_ms.mgf:scan:32,C1=CC=C(C=C1)C(=O)O,CCMSLIB00003134604,Spectral Match to Benzoic acid from NIST14,38,32
mzspec:GNPS:GNPS-LIBRARY:accession:CCMSLIB00003134604,mzspec:GNPS2:TASK-5d7dd02dcfa04e059be6022795cd4a36-nf_output/clustering/specs_ms.mgf:scan:31,C1=CC=C(C=C1)C(=O)O,CCMSLIB00003134604,Spectral Match to Benzoic acid from NIST14,38,31
mzspec:GNPS:GNPS-LIBRARY:accession:CCMSLIB00003134604,mzspec:GNPS2:TASK-5d7dd02dcfa04e059be6022795cd4a36-nf_output/clustering/specs_ms.mgf:scan:35,C1=CC=C(C=C1)C(=O)O,CCMSLIB00003134604,Spectral Match to Benzoic acid from NIST14,38,35
mzspec:GNPS:GNPS-LIBRARY:accession:CCMSLIB00000426130,mzspec:GNPS2:TASK-5d7dd02dcfa04e059be6022795cd4a36-nf_output/clustering/specs_ms.mgf:scan:35,N[C@@H](CC1=CC=CC=C1)C(O)=O,CCMSLIB00000426130,HMDB:HMDB00159-250 L-Phenylalanine,147,35
mzspec:GNPS:GNPS-LIBRARY:accession:CCMSLIB00013639998,mzspec:GNPS2:TASK-5d7dd02dcfa04e059be6022795cd4a36-nf_output/clustering/specs_ms.mgf:scan:35,C([C@@H](C(O)=O)N)C1=CC=CC=C1,CCMSLIB00013639998,Phenylalanine_(L-)_30EV,148,35
mzspec:GNPS:GNPS-LIBRARY:accession:CCMSLIB00003134604,mzspec:GNPS2:TASK-5d7dd02dcfa04e059be6022795cd4a36-nf_output/clustering/specs_ms.mgf:scan:69,C1=CC=C(C=C1)C(=O)O,CCMSLIB00003134604,Spectral Match to Benzoic acid from NIST14,38,69
mzspec:GNPS:GNPS-LIBRARY:accession:CCMSLIB00003134584,mzspec:GNPS2:TASK-5d7dd02dcfa04e059be6022795cd4a36-nf_output/clustering/specs_ms.mgf:scan:149,C1=CC=C(C=C1)CC(C(=O)O)N,CCMSLIB00003134584,Spectral Match to DL-Phenylalanine from NIST14,145,149
mzspec:GNPS:GNPS-LIBRARY:accession:CCMSLIB00000426130,mzspec:GNPS2:TASK-5d7dd02dcfa04e059be6022795cd4a36-nf_output/clustering/specs_ms.mgf:scan:149,N[C@@H](CC1=CC=CC=C1)C(O)=O,CCMSLIB00000426130,HMDB:HMDB00159-250 L-Phenylalanine,147,149
mzspec:GNPS:GNPS-LIBRARY:accession:CCMSLIB00013639998,mzspec:GNPS2:TASK-5d7dd02dcfa04e059be6022795cd4a36-nf_output/clustering/specs_ms.mgf:scan:149,C([C@@H](C(O)=O)N)C1=CC=CC=C1,CCMSLIB00013639998,Phenylalanine_(L-)_30EV,148,149
mzspec:GNPS:GNPS-LIBRARY:accession:CCMSLIB00003134604,mzspec:GNPS2:TASK-5d7dd02dcfa04e059be6022795cd4a36-nf_output/clustering/specs_ms.mgf:scan:30,C1=CC=C(C=C1)C(=O)O,CCMSLIB00003134604,Spectral Match to Benzoic acid from NIST14,38,30
mzspec:GNPS:GNPS-LIBRARY:accession:CCMSLIB00003134584,mzspec:GNPS2:TASK-5d7dd02dcfa04e059be6022795cd4a36-nf_output/clustering/specs_ms.mgf:scan:76,C1=CC=C(C=C1)CC(C(=O)O)N,CCMSLIB00003134584,Spectral Match to DL-Phenylalanine from NIST14,145,76
mzspec:GNPS:GNPS-LIBRARY:accession:CCMSLIB00013639998,mzspec:GNPS2:TASK-5d7dd02dcfa04e059be6022795cd4a36-nf_output/clustering/specs_ms.mgf:scan:143,C([C@@H](C(O)=O)N)C1=CC=CC=C1,CCMSLIB00013639998,Phenylalanine_(L-)_30EV,148,143
mzspec:GNPS:GNPS-LIBRARY:accession:CCMSLIB00000426130,mzspec:GNPS2:TASK-5d7dd02dcfa04e059be6022795cd4a36-nf_output/clustering/specs_ms.mgf:scan:143,N[C@@H](CC1=CC=CC=C1)C(O)=O,CCMSLIB00000426130,HMDB:HMDB00159-250 L-Phenylalanine,147,143
mzspec:GNPS:GNPS-LIBRARY:accession:CCMSLIB00005738045,mzspec:GNPS2:TASK-5d7dd02dcfa04e059be6022795cd4a36-nf_output/clustering/specs_ms.mgf:scan:391,C[C@H](CCC(=O)NCC(=O)O)[C@H]1CC[C@@H]2[C@@]1([C@H](C[C@H]3[C@H]2CCC4[C@@]3(CC[C@H](C4)O)C)O)C,CCMSLIB00005738045,"Massbank:RP005403 Glycodeoxycholic acid|2-[[(4R)-4-[(3R,8R,9S,10S,12S,13R,14S,17R)-3,12-dihydroxy-10,13-dimethyl-2,3,4,5,6,7,8,9,11,12,14,15,16,17-tetradecahydro-1H-cyclopenta[a]phenanthren-17-yl]pentanoyl]amino]acetic",398,391
mzspec:GNPS:GNPS-LIBRARY:accession:CCMSLIB00005435563,mzspec:GNPS2:TASK-5d7dd02dcfa04e059be6022795cd4a36-nf_output/clustering/specs_ms.mgf:scan:452,C[C@H](CCC(=O)NCCS(=O)(=O)O)[C@H]1CC[C@@H]2[C@@]1([C@H](C[C@H]3[C@H]2[C@@H](C[C@H]4[C@@]3(CC[C@H](C4)O)C)O)O)C,CCMSLIB00005435563,taurocholic acid,417,452
mzspec:GNPS:GNPS-LIBRARY:accession:CCMSLIB00011429941,mzspec:GNPS2:TASK-5d7dd02dcfa04e059be6022795cd4a36-nf_output/clustering/specs_ms.mgf:scan:452,O=S(O)(CCNC(CC[C@@H](C)C1CC[C@@]2([H])[C@]3([H])[C@H](O)CC4C[C@H](O)CC[C@]4(C)[C@@]3([H])C[C@@H](O)[C@]12C)=O)=O,CCMSLIB00011429941,"(((3a,7a,12b)-3,7,12-trihydroxy-24-oxocholan-24-yl)amino)ethanesulfonic acid",437,452
mzspec:GNPS:GNPS-LIBRARY:accession:CCMSLIB00006113073,mzspec:GNPS2:TASK-5d7dd02dcfa04e059be6022795cd4a36-nf_output/clustering/specs_ms.mgf:scan:452,C[C@H](CCC(=O)NCCS(=O)(=O)[O-])[C@H]1CC[C@@H]2[C@@]1(CC[C@H]3[C@H]2[C@@H](C[C@H]4[C@@]3(CC[C@H](C4)O)C)O)C.[Na+],CCMSLIB00006113073,Sodium taurochenodeoxycholate - 40.0 eV,441,452
mzspec:GNPS:GNPS-LIBRARY:accession:CCMSLIB00011429876,mzspec:GNPS2:TASK-5d7dd02dcfa04e059be6022795cd4a36-nf_output/clustering/specs_ms.mgf:scan:452,O=S(O)(CCNC(CC[C@@H](C)C1CC[C@@]2([H])[C@]3([H])[C@H](O)CC4C[C@H](O)CC[C@]4(C)[C@@]3([H])C[C@H](O)[C@]12C)=O)=O,CCMSLIB00011429876,"(((3a,7a,12a)-3,7,12-trihydroxy-24-oxocholan-24-yl)amino)ethanesulfonic acid",480,452
mzspec:GNPS:GNPS-LIBRARY:accession:CCMSLIB00012361803,mzspec:GNPS2:TASK-5d7dd02dcfa04e059be6022795cd4a36-nf_output/clustering/specs_ms.mgf:scan:314,C[C@H](CCC(=O)O)[C@H]1CC[C@H]2[C@@H]3[C@H](O)C[C@@H]4C[C@H](O)CC[C@]4(C)[C@H]3C[C@H](O)[C@]12C,CCMSLIB00012361803,cholic acid,328,314
mzspec:GNPS:GNPS-LIBRARY:accession:CCMSLIB00004716316,mzspec:GNPS2:TASK-5d7dd02dcfa04e059be6022795cd4a36-nf_output/clustering/specs_ms.mgf:scan:451,C[C@H](CCC(O)=NCC(=O)O)[C@H]1CC[C@H]2[C@@H]3[C@H](O)C[C@@H]4C[C@H](O)CC[C@]4(C)[C@H]3C[C@H](O)[C@]12C,CCMSLIB00004716316,Glycocholic Acid,408,451
mzspec:GNPS:GNPS-LIBRARY:accession:CCMSLIB00005435563,mzspec:GNPS2:TASK-5d7dd02dcfa04e059be6022795cd4a36-nf_output/clustering/specs_ms.mgf:scan:451,C[C@H](CCC(=O)NCCS(=O)(=O)O)[C@H]1CC[C@@H]2[C@@]1([C@H](C[C@H]3[C@H]2[C@@H](C[C@H]4[C@@]3(CC[C@H](C4)O)C)O)O)C,CCMSLIB00005435563,taurocholic acid,417,451
mzspec:GNPS:GNPS-LIBRARY:accession:CCMSLIB00005465772,mzspec:GNPS2:TASK-5d7dd02dcfa04e059be6022795cd4a36-nf_output/clustering/specs_ms.mgf:scan:451,C[C@@H]([C@H]1CC[C@]2([H])[C@]1(C)[C@@H](O)C[C@@]3([H])[C@@]2([H])[C@@H](O)C[C@@]4([H])[C@]3(C)CC[C@@H](O)C4)CCC(NCCS(O)(=O)=O)=O,CCMSLIB00005465772,"""2-((R)-4-((3R,5S,7S,8R,9S,10S,12S,13R,14S,17R)-3,7,12-trihydroxy-10,13-dimethylhexadecahydro-1H-cyclopenta[a]phenanthren-17-yl)pentanamido)ethane-1-sulfonic acid""",436,451
mzspec:GNPS:GNPS-LIBRARY:accession:CCMSLIB00006680127,mzspec:GNPS2:TASK-5d7dd02dcfa04e059be6022795cd4a36-nf_output/clustering/specs_ms.mgf:scan:451,C[C@H](CC/C(=N/CCS(=O)(=O)O)/O)[C@H]1CC[C@H]2[C@H]3[C@H](C[C@@H]([C@]12C)O)[C@@]4(C)CC[C@H](C[C@H]4C[C@H]3O)O,CCMSLIB00006680127,TAUROCHOLIC ACID,479,451
mzspec:GNPS:GNPS-LIBRARY:accession:CCMSLIB00011429876,mzspec:GNPS2:TASK-5d7dd02dcfa04e059be6022795cd4a36-nf_output/clustering/specs_ms.mgf:scan:451,O=S(O)(CCNC(CC[C@@H](C)C1CC[C@@]2([H])[C@]3([H])[C@H](O)CC4C[C@H](O)CC[C@]4(C)[C@@]3([H])C[C@H](O)[C@]12C)=O)=O,CCMSLIB00011429876,"(((3a,7a,12a)-3,7,12-trihydroxy-24-oxocholan-24-yl)amino)ethanesulfonic acid",480,451
mzspec:GNPS:GNPS-LIBRARY:accession:CCMSLIB00004716316,mzspec:GNPS2:TASK-5d7dd02dcfa04e059be6022795cd4a36-nf_output/clustering/specs_ms.mgf:scan:391,C[C@H](CCC(O)=NCC(=O)O)[C@H]1CC[C@H]2[C@@H]3[C@H](O)C[C@@H]4C[C@H](O)CC[C@]4(C)[C@H]3C[C@H](O)[C@]12C,CCMSLIB00004716316,Glycocholic Acid,408,391
mzspec:GNPS:GNPS-LIBRARY:accession:CCMSLIB00004716316,mzspec:GNPS2:TASK-5d7dd02dcfa04e059be6022795cd4a36-nf_output/clustering/specs_ms.mgf:scan:453,C[C@H](CCC(O)=NCC(=O)O)[C@H]1CC[C@H]2[C@@H]3[C@H](O)C[C@@H]4C[C@H](O)CC[C@]4(C)[C@H]3C[C@H](O)[C@]12C,CCMSLIB00004716316,Glycocholic Acid,408,453
mzspec:GNPS:GNPS-LIBRARY:accession:CCMSLIB00005435563,mzspec:GNPS2:TASK-5d7dd02dcfa04e059be6022795cd4a36-nf_output/clustering/specs_ms.mgf:scan:453,C[C@H](CCC(=O)NCCS(=O)(=O)O)[C@H]1CC[C@@H]2[C@@]1([C@H](C[C@H]3[C@H]2[C@@H](C[C@H]4[C@@]3(CC[C@H](C4)O)C)O)O)C,CCMSLIB00005435563,taurocholic acid,417,453
mzspec:GNPS:GNPS-LIBRARY:accession:CCMSLIB00005465772,mzspec:GNPS2:TASK-5d7dd02dcfa04e059be6022795cd4a36-nf_output/clustering/specs_ms.mgf:scan:453,C[C@@H]([C@H]1CC[C@]2([H])[C@]1(C)[C@@H](O)C[C@@]3([H])[C@@]2([H])[C@@H](O)C[C@@]4([H])[C@]3(C)CC[C@@H](O)C4)CCC(NCCS(O)(=O)=O)=O,CCMSLIB00005465772,"""2-((R)-4-((3R,5S,7S,8R,9S,10S,12S,13R,14S,17R)-3,7,12-trihydroxy-10,13-dimethylhexadecahydro-1H-cyclopenta[a]phenanthren-17-yl)pentanamido)ethane-1-sulfonic acid""",436,453
mzspec:GNPS:GNPS-LIBRARY:accession:CCMSLIB00006680127,mzspec:GNPS2:TASK-5d7dd02dcfa04e059be6022795cd4a36-nf_output/clustering/specs_ms.mgf:scan:453,C[C@H](CC/C(=N/CCS(=O)(=O)O)/O)[C@H]1CC[C@H]2[C@H]3[C@H](C[C@@H]([C@]12C)O)[C@@]4(C)CC[C@H](C[C@H]4C[C@H]3O)O,CCMSLIB00006680127,TAUROCHOLIC ACID,479,453
mzspec:GNPS:GNPS-LIBRARY:accession:CCMSLIB00011429876,mzspec:GNPS2:TASK-5d7dd02dcfa04e059be6022795cd4a36-nf_output/clustering/specs_ms.mgf:scan:453,O=S(O)(CCNC(CC[C@@H](C)C1CC[C@@]2([H])[C@]3([H])[C@H](O)CC4C[C@H](O)CC[C@]4(C)[C@@]3([H])C[C@H](O)[C@]12C)=O)=O,CCMSLIB00011429876,"(((3a,7a,12a)-3,7,12-trihydroxy-24-oxocholan-24-yl)amino)ethanesulfonic acid",480,453
mzspec:GNPS:GNPS-LIBRARY:accession:CCMSLIB00011429941,mzspec:GNPS2:TASK-5d7dd02dcfa04e059be6022795cd4a36-nf_output/clustering/specs_ms.mgf:scan:391,O=S(O)(CCNC(CC[C@@H](C)C1CC[C@@]2([H])[C@]3([H])[C@H](O)CC4C[C@H](O)CC[C@]4(C)[C@@]3([H])C[C@@H](O)[C@]12C)=O)=O,CCMSLIB00011429941,"(((3a,7a,12b)-3,7,12-trihydroxy-24-oxocholan-24-yl)amino)ethanesulfonic acid",437,391
mzspec:GNPS:GNPS-LIBRARY:accession:CCMSLIB00011429941,mzspec:GNPS2:TASK-5d7dd02dcfa04e059be6022795cd4a36-nf_output/clustering/specs_ms.mgf:scan:418,O=S(O)(CCNC(CC[C@@H](C)C1CC[C@@]2([H])[C@]3([H])[C@H](O)CC4C[C@H](O)CC[C@]4(C)[C@@]3([H])C[C@@H](O)[C@]12C)=O)=O,CCMSLIB00011429941,"(((3a,7a,12b)-3,7,12-trihydroxy-24-oxocholan-24-yl)amino)ethanesulfonic acid",437,418
mzspec:GNPS:GNPS-LIBRARY:accession:CCMSLIB00012361811,mzspec:GNPS2:TASK-5d7dd02dcfa04e059be6022795cd4a36-nf_output/clustering/specs_ms.mgf:scan:313,C[C@H](CCC(=O)O)[C@H]1CC[C@H]2[C@@H]3[C@H](O)C[C@@H]4C[C@H](O)CC[C@]4(C)[C@H]3C[C@H](O)[C@]12C,CCMSLIB00012361811,cholic acid,357,313
mzspec:GNPS:GNPS-LIBRARY:accession:CCMSLIB00012361811,mzspec:GNPS2:TASK-5d7dd02dcfa04e059be6022795cd4a36-nf_output/clustering/specs_ms.mgf:scan:314,C[C@H](CCC(=O)O)[C@H]1CC[C@H]2[C@@H]3[C@H](O)C[C@@H]4C[C@H](O)CC[C@]4(C)[C@H]3C[C@H](O)[C@]12C,CCMSLIB00012361811,cholic acid,357,314
mzspec:GNPS:GNPS-LIBRARY:accession:CCMSLIB00012361811,mzspec:GNPS2:TASK-5d7dd02dcfa04e059be6022795cd4a36-nf_output/clustering/specs_ms.mgf:scan:363,C[C@H](CCC(=O)O)[C@H]1CC[C@H]2[C@@H]3[C@H](O)C[C@@H]4C[C@H](O)CC[C@]4(C)[C@H]3C[C@H](O)[C@]12C,CCMSLIB00012361811,cholic acid,357,363
mzspec:GNPS:GNPS-LIBRARY:accession:CCMSLIB00012361811,mzspec:GNPS2:TASK-5d7dd02dcfa04e059be6022795cd4a36-nf_output/clustering/specs_ms.mgf:scan:391,C[C@H](CCC(=O)O)[C@H]1CC[C@H]2[C@@H]3[C@H](O)C[C@@H]4C[C@H](O)CC[C@]4(C)[C@H]3C[C@H](O)[C@]12C,CCMSLIB00012361811,cholic acid,357,391
mzspec:GNPS:GNPS-LIBRARY:accession:CCMSLIB00012361811,mzspec:GNPS2:TASK-5d7dd02dcfa04e059be6022795cd4a36-nf_output/clustering/specs_ms.mgf:scan:397,C[C@H](CCC(=O)O)[C@H]1CC[C@H]2[C@@H]3[C@H](O)C[C@@H]4C[C@H](O)CC[C@]4(C)[C@H]3C[C@H](O)[C@]12C,CCMSLIB00012361811,cholic acid,357,397
mzspec:GNPS:GNPS-LIBRARY:accession:CCMSLIB00013047420,mzspec:GNPS2:TASK-5d7dd02dcfa04e059be6022795cd4a36-nf_output/clustering/specs_ms.mgf:scan:363,C[C@H](CCC(=O)O)[C@H]1CC[C@H]2[C@@H]3[C@H](O)C[C@@H]4C[C@H](O)CC[C@]4(C)[C@H]3C[C@H](O)[C@]12C,CCMSLIB00013047420,cholic acid,327,363
mzspec:GNPS:GNPS-LIBRARY:accession:CCMSLIB00005435514,mzspec:GNPS2:TASK-5d7dd02dcfa04e059be6022795cd4a36-nf_output/clustering/specs_ms.mgf:scan:363,C[C@H](CCC(=O)NCC(=O)O)[C@H]1CC[C@@H]2[C@@]1([C@H](C[C@H]3[C@H]2[C@@H](C[C@H]4[C@@]3(CC[C@H](C4)O)C)O)O)C,CCMSLIB00005435514,glycocholic acid,393,363
mzspec:GNPS:GNPS-LIBRARY:accession:CCMSLIB00010135640,mzspec:GNPS2:TASK-5d7dd02dcfa04e059be6022795cd4a36-nf_output/clustering/specs_ms.mgf:scan:363,C[C@H](CCC(=O)NCC(=O)O)[C@H]1CC[C@H]2[C@@H]3[C@@H](O)C[C@@H]4C[C@H](O)CC[C@]4(C)[C@H]3CC[C@]12C,CCMSLIB00010135640,Glycoursodeoxycholic acid,395,363
mzspec:GNPS:GNPS-LIBRARY:accession:CCMSLIB00005738045,mzspec:GNPS2:TASK-5d7dd02dcfa04e059be6022795cd4a36-nf_output/clustering/specs_ms.mgf:scan:363,C[C@H](CCC(=O)NCC(=O)O)[C@H]1CC[C@@H]2[C@@]1([C@H](C[C@H]3[C@H]2CCC4[C@@]3(CC[C@H](C4)O)C)O)C,CCMSLIB00005738045,"Massbank:RP005403 Glycodeoxycholic acid|2-[[(4R)-4-[(3R,8R,9S,10S,12S,13R,14S,17R)-3,12-dihydroxy-10,13-dimethyl-2,3,4,5,6,7,8,9,11,12,14,15,16,17-tetradecahydro-1H-cyclopenta[a]phenanthren-17-yl]pentanoyl]amino]acetic",396,363
mzspec:GNPS:GNPS-LIBRARY:accession:CCMSLIB00010133706,mzspec:GNPS2:TASK-5d7dd02dcfa04e059be6022795cd4a36-nf_output/clustering/specs_ms.mgf:scan:363,C[C@H](CCC(=O)NCC(=O)O)[C@H]1CC[C@H]2[C@@H]3[C@H](O)C[C@@H]4C[C@H](O)CC[C@]4(C)[C@H]3C[C@H](O)[C@]12C,CCMSLIB00010133706,Glycocholic acid,407,363
mzspec:GNPS:GNPS-LIBRARY:accession:CCMSLIB00004691588,mzspec:GNPS2:TASK-5d7dd02dcfa04e059be6022795cd4a36-nf_output/clustering/specs_ms.mgf:scan:314,C[C@H](CCC(=O)O)[C@H]1CC[C@H]2[C@@H]3[C@H](O)C[C@@H]4C[C@H](O)CC[C@]4(C)[C@H]3C[C@H](O)[C@]12C,CCMSLIB00004691588,Cholic Acid,356,314
mzspec:GNPS:GNPS-LIBRARY:accession:CCMSLIB00006113073,mzspec:GNPS2:TASK-5d7dd02dcfa04e059be6022795cd4a36-nf_output/clustering/specs_ms.mgf:scan:397,C[C@H](CCC(=O)NCCS(=O)(=O)[O-])[C@H]1CC[C@@H]2[C@@]1(CC[C@H]3[C@H]2[C@@H](C[C@H]4[C@@]3(CC[C@H](C4)O)C)O)C.[Na+],CCMSLIB00006113073,Sodium taurochenodeoxycholate - 40.0 eV,441,397
mzspec:GNPS:GNPS-LIBRARY:accession:CCMSLIB00006113073,mzspec:GNPS2:TASK-5d7dd02dcfa04e059be6022795cd4a36-nf_output/clustering/specs_ms.mgf:scan:418,C[C@H](CCC(=O)NCCS(=O)(=O)[O-])[C@H]1CC[C@@H]2[C@@]1(CC[C@H]3[C@H]2[C@@H](C[C@H]4[C@@]3(CC[C@H](C4)O)C)O)C.[Na+],CCMSLIB00006113073,Sodium taurochenodeoxycholate - 40.0 eV,441,418
mzspec:GNPS:GNPS-LIBRARY:accession:CCMSLIB00011429876,mzspec:GNPS2:TASK-5d7dd02dcfa04e059be6022795cd4a36-nf_output/clustering/specs_ms.mgf:scan:418,O=S(O)(CCNC(CC[C@@H](C)C1CC[C@@]2([H])[C@]3([H])[C@H](O)CC4C[C@H](O)CC[C@]4(C)[C@@]3([H])C[C@H](O)[C@]12C)=O)=O,CCMSLIB00011429876,"(((3a,7a,12a)-3,7,12-trihydroxy-24-oxocholan-24-yl)amino)ethanesulfonic acid",480,418
mzspec:GNPS:GNPS-LIBRARY:accession:CCMSLIB00013047420,mzspec:GNPS2:TASK-5d7dd02dcfa04e059be6022795cd4a36-nf_output/clustering/specs_ms.mgf:scan:314,C[C@H](CCC(=O)O)[C@H]1CC[C@H]2[C@@H]3[C@H](O)C[C@@H]4C[C@H](O)CC[C@]4(C)[C@H]3C[C@H](O)[C@]12C,CCMSLIB00013047420,cholic acid,327,314
mzspec:GNPS:GNPS-LIBRARY:accession:CCMSLIB00010133706,mzspec:GNPS2:TASK-5d7dd02dcfa04e059be6022795cd4a36-nf_output/clustering/specs_ms.mgf:scan:314,C[C@H](CCC(=O)NCC(=O)O)[C@H]1CC[C@H]2[C@@H]3[C@H](O)C[C@@H]4C[C@H](O)CC[C@]4(C)[C@H]3C[C@H](O)[C@]12C,CCMSLIB00010133706,Glycocholic acid,407,314
mzspec:GNPS:GNPS-LIBRARY:accession:CCMSLIB00013047420,mzspec:GNPS2:TASK-5d7dd02dcfa04e059be6022795cd4a36-nf_output/clustering/specs_ms.mgf:scan:313,C[C@H](CCC(=O)O)[C@H]1CC[C@H]2[C@@H]3[C@H](O)C[C@@H]4C[C@H](O)CC[C@]4(C)[C@H]3C[C@H](O)[C@]12C,CCMSLIB00013047420,cholic acid,327,313
mzspec:GNPS:GNPS-LIBRARY:accession:CCMSLIB00010135640,mzspec:GNPS2:TASK-5d7dd02dcfa04e059be6022795cd4a36-nf_output/clustering/specs_ms.mgf:scan:391,C[C@H](CCC(=O)NCC(=O)O)[C@H]1CC[C@H]2[C@@H]3[C@@H](O)C[C@@H]4C[C@H](O)CC[C@]4(C)[C@H]3CC[C@]12C,CCMSLIB00010135640,Glycoursodeoxycholic acid,395,391
mzspec:GNPS:GNPS-LIBRARY:accession:CCMSLIB00010135640,mzspec:GNPS2:TASK-5d7dd02dcfa04e059be6022795cd4a36-nf_output/clustering/specs_ms.mgf:scan:397,C[C@H](CCC(=O)NCC(=O)O)[C@H]1CC[C@H]2[C@@H]3[C@@H](O)C[C@@H]4C[C@H](O)CC[C@]4(C)[C@H]3CC[C@]12C,CCMSLIB00010135640,Glycoursodeoxycholic acid,395,397
mzspec:GNPS:GNPS-LIBRARY:accession:CCMSLIB00013047420,mzspec:GNPS2:TASK-5d7dd02dcfa04e059be6022795cd4a36-nf_output/clustering/specs_ms.mgf:scan:391,C[C@H](CCC(=O)O)[C@H]1CC[C@H]2[C@@H]3[C@H](O)C[C@@H]4C[C@H](O)CC[C@]4(C)[C@H]3C[C@H](O)[C@]12C,CCMSLIB00013047420,cholic acid,327,391
mzspec:GNPS:GNPS-LIBRARY:accession:CCMSLIB00013047420,mzspec:GNPS2:TASK-5d7dd02dcfa04e059be6022795cd4a36-nf_output/clustering/specs_ms.mgf:scan:397,C[C@H](CCC(=O)O)[C@H]1CC[C@H]2[C@@H]3[C@H](O)C[C@@H]4C[C@H](O)CC[C@]4(C)[C@H]3C[C@H](O)[C@]12C,CCMSLIB00013047420,cholic acid,327,397
mzspec:GNPS:GNPS-LIBRARY:accession:CCMSLIB00010133706,mzspec:GNPS2:TASK-5d7dd02dcfa04e059be6022795cd4a36-nf_output/clustering/specs_ms.mgf:scan:391,C[C@H](CCC(=O)NCC(=O)O)[C@H]1CC[C@H]2[C@@H]3[C@H](O)C[C@@H]4C[C@H](O)CC[C@]4(C)[C@H]3C[C@H](O)[C@]12C,CCMSLIB00010133706,Glycocholic acid,407,391
mzspec:GNPS:GNPS-LIBRARY:accession:CCMSLIB00005738045,mzspec:GNPS2:TASK-5d7dd02dcfa04e059be6022795cd4a36-nf_output/clustering/specs_ms.mgf:scan:391,C[C@H](CCC(=O)NCC(=O)O)[C@H]1CC[C@@H]2[C@@]1([C@H](C[C@H]3[C@H]2CCC4[C@@]3(CC[C@H](C4)O)C)O)C,CCMSLIB00005738045,"Massbank:RP005403 Glycodeoxycholic acid|2-[[(4R)-4-[(3R,8R,9S,10S,12S,13R,14S,17R)-3,12-dihydroxy-10,13-dimethyl-2,3,4,5,6,7,8,9,11,12,14,15,16,17-tetradecahydro-1H-cyclopenta[a]phenanthren-17-yl]pentanoyl]amino]acetic",396,391
mzspec:GNPS:GNPS-LIBRARY:accession:CCMSLIB00005435514,mzspec:GNPS2:TASK-5d7dd02dcfa04e059be6022795cd4a36-nf_output/clustering/specs_ms.mgf:scan:397,C[C@H](CCC(=O)NCC(=O)O)[C@H]1CC[C@@H]2[C@@]1([C@H](C[C@H]3[C@H]2[C@@H](C[C@H]4[C@@]3(CC[C@H](C4)O)C)O)O)C,CCMSLIB00005435514,glycocholic acid,390,397
mzspec:GNPS:GNPS-LIBRARY:accession:CCMSLIB00016349923,mzspec:GNPS2:TASK-5d7dd02dcfa04e059be6022795cd4a36-nf_output/clustering/specs_ms.mgf:scan:262,CCCCCCCCCCCCCCCCCCNCCSC,CCMSLIB00016349923,Methylthioethylamine_Octadecanal (known isomers: 0; isobaric peaks in run: 1),309,262
mzspec:GNPS:GNPS-LIBRARY:accession:CCMSLIB00016349923,mzspec:GNPS2:TASK-5d7dd02dcfa04e059be6022795cd4a36-nf_output/clustering/specs_ms.mgf:scan:16,CCCCCCCCCCCCCCCCCCNCCSC,CCMSLIB00016349923,Methylthioethylamine_Octadecanal (known isomers: 0; isobaric peaks in run: 1),309,16
mzspec:GNPS:GNPS-LIBRARY:accession:CCMSLIB00016349923,mzspec:GNPS2:TASK-5d7dd02dcfa04e059be6022795cd4a36-nf_output/clustering/specs_ms.mgf:scan:281,CCCCCCCCCCCCCCCCCCNCCSC,CCMSLIB00016349923,Methylthioethylamine_Octadecanal (known isomers: 0; isobaric peaks in run: 1),309,281
mzspec:GNPS:GNPS-LIBRARY:accession:CCMSLIB00016349923,mzspec:GNPS2:TASK-5d7dd02dcfa04e059be6022795cd4a36-nf_output/clustering/specs_ms.mgf:scan:15,CCCCCCCCCCCCCCCCCCNCCSC,CCMSLIB00016349923,Methylthioethylamine_Octadecanal (known isomers: 0; isobaric peaks in run: 1),309,15
mzspec:GNPS:GNPS-LIBRARY:accession:CCMSLIB00016349923,mzspec:GNPS2:TASK-5d7dd02dcfa04e059be6022795cd4a36-nf_output/clustering/specs_ms.mgf:scan:11,CCCCCCCCCCCCCCCCCCNCCSC,CCMSLIB00016349923,Methylthioethylamine_Octadecanal (known isomers: 0; isobaric peaks in run: 1),309,11
mzspec:GNPS:GNPS-LIBRARY:accession:CCMSLIB00016349923,mzspec:GNPS2:TASK-5d7dd02dcfa04e059be6022795cd4a36-nf_output/clustering/specs_ms.mgf:scan:18,CCCCCCCCCCCCCCCCCCNCCSC,CCMSLIB00016349923,Methylthioethylamine_Octadecanal (known isomers: 0; isobaric peaks in run: 1),309,18
mzspec:GNPS:GNPS-LIBRARY:accession:CCMSLIB00016349923,mzspec:GNPS2:TASK-5d7dd02dcfa04e059be6022795cd4a36-nf_output/clustering/specs_ms.mgf:scan:259,CCCCCCCCCCCCCCCCCCNCCSC,CCMSLIB00016349923,Methylthioethylamine_Octadecanal (known isomers: 0; isobaric peaks in run: 1),309,259
mzspec:GNPS:GNPS-LIBRARY:accession:CCMSLIB00016349923,mzspec:GNPS2:TASK-5d7dd02dcfa04e059be6022795cd4a36-nf_output/clustering/specs_ms.mgf:scan:294,CCCCCCCCCCCCCCCCCCNCCSC,CCMSLIB00016349923,Methylthioethylamine_Octadecanal (known isomers: 0; isobaric peaks in run: 1),309,294
mzspec:GNPS:GNPS-LIBRARY:accession:CCMSLIB00016349923,mzspec:GNPS2:TASK-5d7dd02dcfa04e059be6022795cd4a36-nf_output/clustering/specs_ms.mgf:scan:297,CCCCCCCCCCCCCCCCCCNCCSC,CCMSLIB00016349923,Methylthioethylamine_Octadecanal (known isomers: 0; isobaric peaks in run: 1),309,297
mzspec:GNPS:GNPS-LIBRARY:accession:CCMSLIB00016349923,mzspec:GNPS2:TASK-5d7dd02dcfa04e059be6022795cd4a36-nf_output/clustering/specs_ms.mgf:scan:299,CCCCCCCCCCCCCCCCCCNCCSC,CCMSLIB00016349923,Methylthioethylamine_Octadecanal (known isomers: 0; isobaric peaks in run: 1),309,299
mzspec:GNPS:GNPS-LIBRARY:accession:CCMSLIB00012315475,mzspec:GNPS2:TASK-5d7dd02dcfa04e059be6022795cd4a36-nf_output/clustering/specs_ms.mgf:scan:382,Cc1c(C(=O)Nc2ccc(-n3nc(C(F)(F)F)cc3C(F)(F)F)cc2)snn1,CCMSLIB00012315475,223499-30-7,353,382
mzspec:GNPS:GNPS-LIBRARY:accession:CCMSLIB00012315475,mzspec:GNPS2:TASK-5d7dd02dcfa04e059be6022795cd4a36-nf_output/clustering/specs_ms.mgf:scan:326,Cc1c(C(=O)Nc2ccc(-n3nc(C(F)(F)F)cc3C(F)(F)F)cc2)snn1,CCMSLIB00012315475,223499-30-7,353,326
mzspec:GNPS:GNPS-LIBRARY:accession:CCMSLIB00003138079,mzspec:GNPS2:TASK-5d7dd02dcfa04e059be6022795cd4a36-nf_output/clustering/specs_ms.mgf:scan:150,CC1=NC=CC2=C1NC3=CC=CC=C23,CCMSLIB00003138079,Spectral Match to Harmane from NIST14,167,150
mzspec:GNPS:GNPS-LIBRARY:accession:CCMSLIB00003138079,mzspec:GNPS2:TASK-5d7dd02dcfa04e059be6022795cd4a36-nf_output/clustering/specs_ms.mgf:scan:169,CC1=NC=CC2=C1NC3=CC=CC=C23,CCMSLIB00003138079,Spectral Match to Harmane from NIST14,167,169
mzspec:GNPS:GNPS-LIBRARY:accession:CCMSLIB00005743029,mzspec:GNPS2:TASK-5d7dd02dcfa04e059be6022795cd4a36-nf_output/clustering/specs_ms.mgf:scan:123,OC1=NCC(=O)N2CCC[C@@H]12,CCMSLIB00005743029,Massbank:PR300401 Cyclo-prolylglycine,125,123
mzspec:GNPS:GNPS-LIBRARY:accession:CCMSLIB00005743029,mzspec:GNPS2:TASK-5d7dd02dcfa04e059be6022795cd4a36-nf_output/clustering/specs_ms.mgf:scan:124,OC1=NCC(=O)N2CCC[C@@H]12,CCMSLIB00005743029,Massbank:PR300401 Cyclo-prolylglycine,125,124
mzspec:GNPS:GNPS-LIBRARY:accession:CCMSLIB00005743029,mzspec:GNPS2:TASK-5d7dd02dcfa04e059be6022795cd4a36-nf_output/clustering/specs_ms.mgf:scan:127,OC1=NCC(=O)N2CCC[C@@H]12,CCMSLIB00005743029,Massbank:PR300401 Cyclo-prolylglycine,125,127
mzspec:GNPS:GNPS-LIBRARY:accession:CCMSLIB00005743029,mzspec:GNPS2:TASK-5d7dd02dcfa04e059be6022795cd4a36-nf_output/clustering/specs_ms.mgf:scan:128,OC1=NCC(=O)N2CCC[C@@H]12,CCMSLIB00005743029,Massbank:PR300401 Cyclo-prolylglycine,125,128
mzspec:GNPS:GNPS-LIBRARY:accession:CCMSLIB00005743029,mzspec:GNPS2:TASK-5d7dd02dcfa04e059be6022795cd4a36-nf_output/clustering/specs_ms.mgf:scan:129,OC1=NCC(=O)N2CCC[C@@H]12,CCMSLIB00005743029,Massbank:PR300401 Cyclo-prolylglycine,126,129
mzspec:GNPS:GNPS-LIBRARY:accession:CCMSLIB00005743029,mzspec:GNPS2:TASK-5d7dd02dcfa04e059be6022795cd4a36-nf_output/clustering/specs_ms.mgf:scan:127,OC1=NCC(=O)N2CCC[C@@H]12,CCMSLIB00005743029,Massbank:PR300401 Cyclo-prolylglycine,126,127
mzspec:GNPS:GNPS-LIBRARY:accession:CCMSLIB00005743029,mzspec:GNPS2:TASK-5d7dd02dcfa04e059be6022795cd4a36-nf_output/clustering/specs_ms.mgf:scan:123,OC1=NCC(=O)N2CCC[C@@H]12,CCMSLIB00005743029,Massbank:PR300401 Cyclo-prolylglycine,126,123
mzspec:GNPS:GNPS-LIBRARY:accession:CCMSLIB00005743029,mzspec:GNPS2:TASK-5d7dd02dcfa04e059be6022795cd4a36-nf_output/clustering/specs_ms.mgf:scan:124,OC1=NCC(=O)N2CCC[C@@H]12,CCMSLIB00005743029,Massbank:PR300401 Cyclo-prolylglycine,126,124
mzspec:GNPS:GNPS-LIBRARY:accession:CCMSLIB00005743029,mzspec:GNPS2:TASK-5d7dd02dcfa04e059be6022795cd4a36-nf_output/clustering/specs_ms.mgf:scan:128,OC1=NCC(=O)N2CCC[C@@H]12,CCMSLIB00005743029,Massbank:PR300401 Cyclo-prolylglycine,126,128
mzspec:GNPS:GNPS-LIBRARY:accession:CCMSLIB00004693103,mzspec:GNPS2:TASK-5d7dd02dcfa04e059be6022795cd4a36-nf_output/clustering/specs_ms.mgf:scan:577,CC(C)CC1OC(=O)C2C(C)CCN2C(=O)CCN=C(O)C(Cc2ccccc2)N=C(O)C(C(C)C)N(C)C(=O)C(C(C)C)N(C)C1=O,CCMSLIB00004693103,"7-benzyl-11,14,20-trimethyl-16-(2-methylpropyl)-10,13-di(propan-2-yl)-17-oxa-1,5,8,11,14-pentazabicyclo[17.3.0]docosane-2,6,9,12,15,18-hexone",575,577
mzspec:GNPS:GNPS-LIBRARY:accession:CCMSLIB00012350786,mzspec:GNPS2:TASK-5d7dd02dcfa04e059be6022795cd4a36-nf_output/clustering/specs_ms.mgf:scan:301,CCCCCCCCCCCC[N+](C)(C)Cc1ccccc1,CCMSLIB00012350786,Benzododecinium,282,301
mzspec:GNPS:GNPS-LIBRARY:accession:CCMSLIB00012350786,mzspec:GNPS2:TASK-5d7dd02dcfa04e059be6022795cd4a36-nf_output/clustering/specs_ms.mgf:scan:302,CCCCCCCCCCCC[N+](C)(C)Cc1ccccc1,CCMSLIB00012350786,Benzododecinium,282,302
mzspec:GNPS:GNPS-LIBRARY:accession:CCMSLIB00012350786,mzspec:GNPS2:TASK-5d7dd02dcfa04e059be6022795cd4a36-nf_output/clustering/specs_ms.mgf:scan:303,CCCCCCCCCCCC[N+](C)(C)Cc1ccccc1,CCMSLIB00012350786,Benzododecinium,282,303
mzspec:GNPS:GNPS-LIBRARY:accession:CCMSLIB00012338206,mzspec:GNPS2:TASK-5d7dd02dcfa04e059be6022795cd4a36-nf_output/clustering/specs_ms.mgf:scan:301,CCCCCCCCCCCCCCCC[N+](C)(C)Cc1ccccc1,CCMSLIB00012338206,Cetalkonium,320,301
mzspec:GNPS:GNPS-LIBRARY:accession:CCMSLIB00012338206,mzspec:GNPS2:TASK-5d7dd02dcfa04e059be6022795cd4a36-nf_output/clustering/specs_ms.mgf:scan:302,CCCCCCCCCCCCCCCC[N+](C)(C)Cc1ccccc1,CCMSLIB00012338206,Cetalkonium,320,302
mzspec:GNPS:GNPS-LIBRARY:accession:CCMSLIB00012338206,mzspec:GNPS2:TASK-5d7dd02dcfa04e059be6022795cd4a36-nf_output/clustering/specs_ms.mgf:scan:303,CCCCCCCCCCCCCCCC[N+](C)(C)Cc1ccccc1,CCMSLIB00012338206,Cetalkonium,320,303
mzspec:GNPS:GNPS-LIBRARY:accession:CCMSLIB00010115561,mzspec:GNPS2:TASK-5d7dd02dcfa04e059be6022795cd4a36-nf_output/clustering/specs_ms.mgf:scan:301,COc1cccc(-c2oc3ccccc3c(=O)c2OC)c1,CCMSLIB00010115561,"""3,3'-Dimethoxyflavone CollisionEnergy:205060""",283,301
mzspec:GNPS:GNPS-LIBRARY:accession:CCMSLIB00010115561,mzspec:GNPS2:TASK-5d7dd02dcfa04e059be6022795cd4a36-nf_output/clustering/specs_ms.mgf:scan:302,COc1cccc(-c2oc3ccccc3c(=O)c2OC)c1,CCMSLIB00010115561,"""3,3'-Dimethoxyflavone CollisionEnergy:205060""",283,302
mzspec:GNPS:GNPS-LIBRARY:accession:CCMSLIB00010115561,mzspec:GNPS2:TASK-5d7dd02dcfa04e059be6022795cd4a36-nf_output/clustering/specs_ms.mgf:scan:303,COc1cccc(-c2oc3ccccc3c(=O)c2OC)c1,CCMSLIB00010115561,"""3,3'-Dimethoxyflavone CollisionEnergy:205060""",283,303
mzspec:GNPS:GNPS-LIBRARY:accession:CCMSLIB00010122719,mzspec:GNPS2:TASK-5d7dd02dcfa04e059be6022795cd4a36-nf_output/clustering/specs_ms.mgf:scan:414,O=C(O)C(Cc1ccc(O)cc1)N=C(O)CN=C(O)OCc1ccccc1,CCMSLIB00010122719,3-(4-hydroxyphenyl)-2-{2-[(phenylmethoxy)carbonylamino]acetylamino}propanoic a cid CollisionEnergy:205060,325,414
mzspec:GNPS:GNPS-LIBRARY:accession:CCMSLIB00004721221,mzspec:GNPS2:TASK-5d7dd02dcfa04e059be6022795cd4a36-nf_output/clustering/specs_ms.mgf:scan:414,Br.COc1ccc2c3c1OC1CC(O)C=CC31CCN(C)C2,CCMSLIB00004721221,GALANTHAMINE HYDROBROMIDE,332,414
mzspec:GNPS:GNPS-LIBRARY:accession:CCMSLIB00004708389,mzspec:GNPS2:TASK-5d7dd02dcfa04e059be6022795cd4a36-nf_output/clustering/specs_ms.mgf:scan:414,O=C(O)c1cccc(C(=O)CCC2OC(n3cnc4c(O)ncnc43)C(O)C2O)c1,CCMSLIB00004708389,"3-[3-[3,4-dihydroxy-5-(6-oxo-3H-purin-9-yl)oxolan-2-yl]propanoyl]benzoic acid",367,414
mzspec:GNPS:GNPS-LIBRARY:accession:CCMSLIB00004698561,mzspec:GNPS2:TASK-5d7dd02dcfa04e059be6022795cd4a36-nf_output/clustering/specs_ms.mgf:scan:414,O=C1CCC(O)=NCCCCCN=C(O)CCC(O)=NCCCCCN(O)C(=O)CCC(O)=NCCCCCN1O,CCMSLIB00004698561,dehydroxynocardamine,537,414
mzspec:GNPS:GNPS-LIBRARY:accession:CCMSLIB00010122719,mzspec:GNPS2:TASK-5d7dd02dcfa04e059be6022795cd4a36-nf_output/clustering/specs_ms.mgf:scan:275,O=C(O)C(Cc1ccc(O)cc1)N=C(O)CN=C(O)OCc1ccccc1,CCMSLIB00010122719,3-(4-hydroxyphenyl)-2-{2-[(phenylmethoxy)carbonylamino]acetylamino}propanoic a cid CollisionEnergy:205060,325,275
mzspec:GNPS:GNPS-LIBRARY:accession:CCMSLIB00004721221,mzspec:GNPS2:TASK-5d7dd02dcfa04e059be6022795cd4a36-nf_output/clustering/specs_ms.mgf:scan:456,Br.COc1ccc2c3c1OC1CC(O)C=CC31CCN(C)C2,CCMSLIB00004721221,GALANTHAMINE HYDROBROMIDE,332,456
mzspec:GNPS:GNPS-LIBRARY:accession:CCMSLIB00004708389,mzspec:GNPS2:TASK-5d7dd02dcfa04e059be6022795cd4a36-nf_output/clustering/specs_ms.mgf:scan:456,O=C(O)c1cccc(C(=O)CCC2OC(n3cnc4c(O)ncnc43)C(O)C2O)c1,CCMSLIB00004708389,"3-[3-[3,4-dihydroxy-5-(6-oxo-3H-purin-9-yl)oxolan-2-yl]propanoyl]benzoic acid",367,456
mzspec:GNPS:GNPS-LIBRARY:accession:CCMSLIB00004698561,mzspec:GNPS2:TASK-5d7dd02dcfa04e059be6022795cd4a36-nf_output/clustering/specs_ms.mgf:scan:456,O=C1CCC(O)=NCCCCCN=C(O)CCC(O)=NCCCCCN(O)C(=O)CCC(O)=NCCCCCN1O,CCMSLIB00004698561,dehydroxynocardamine,537,456
mzspec:GNPS:GNPS-LIBRARY:accession:CCMSLIB00004698561,mzspec:GNPS2:TASK-5d7dd02dcfa04e059be6022795cd4a36-nf_output/clustering/specs_ms.mgf:scan:500,O=C1CCC(O)=NCCCCCN=C(O)CCC(O)=NCCCCCN(O)C(=O)CCC(O)=NCCCCCN1O,CCMSLIB00004698561,dehydroxynocardamine,537,500
mzspec:GNPS:GNPS-LIBRARY:accession:CCMSLIB00004698561,mzspec:GNPS2:TASK-5d7dd02dcfa04e059be6022795cd4a36-nf_output/clustering/specs_ms.mgf:scan:501,O=C1CCC(O)=NCCCCCN=C(O)CCC(O)=NCCCCCN(O)C(=O)CCC(O)=NCCCCCN1O,CCMSLIB00004698561,dehydroxynocardamine,537,501
mzspec:GNPS:GNPS-LIBRARY:accession:CCMSLIB00004698561,mzspec:GNPS2:TASK-5d7dd02dcfa04e059be6022795cd4a36-nf_output/clustering/specs_ms.mgf:scan:565,O=C1CCC(O)=NCCCCCN=C(O)CCC(O)=NCCCCCN(O)C(=O)CCC(O)=NCCCCCN1O,CCMSLIB00004698561,dehydroxynocardamine,537,565
mzspec:GNPS:GNPS-LIBRARY:accession:CCMSLIB00004698561,mzspec:GNPS2:TASK-5d7dd02dcfa04e059be6022795cd4a36-nf_output/clustering/specs_ms.mgf:scan:588,O=C1CCC(O)=NCCCCCN=C(O)CCC(O)=NCCCCCN(O)C(=O)CCC(O)=NCCCCCN1O,CCMSLIB00004698561,dehydroxynocardamine,537,588
mzspec:GNPS:GNPS-LIBRARY:accession:CCMSLIB00004698561,mzspec:GNPS2:TASK-5d7dd02dcfa04e059be6022795cd4a36-nf_output/clustering/specs_ms.mgf:scan:598,O=C1CCC(O)=NCCCCCN=C(O)CCC(O)=NCCCCCN(O)C(=O)CCC(O)=NCCCCCN1O,CCMSLIB00004698561,dehydroxynocardamine,537,598
mzspec:GNPS:GNPS-LIBRARY:accession:CCMSLIB00004698561,mzspec:GNPS2:TASK-5d7dd02dcfa04e059be6022795cd4a36-nf_output/clustering/specs_ms.mgf:scan:619,O=C1CCC(O)=NCCCCCN=C(O)CCC(O)=NCCCCCN(O)C(=O)CCC(O)=NCCCCCN1O,CCMSLIB00004698561,dehydroxynocardamine,537,619
mzspec:GNPS:GNPS-LIBRARY:accession:CCMSLIB00010122719,mzspec:GNPS2:TASK-5d7dd02dcfa04e059be6022795cd4a36-nf_output/clustering/specs_ms.mgf:scan:293,O=C(O)C(Cc1ccc(O)cc1)N=C(O)CN=C(O)OCc1ccccc1,CCMSLIB00010122719,3-(4-hydroxyphenyl)-2-{2-[(phenylmethoxy)carbonylamino]acetylamino}propanoic a cid CollisionEnergy:205060,325,293
mzspec:GNPS:GNPS-LIBRARY:accession:CCMSLIB00010122719,mzspec:GNPS2:TASK-5d7dd02dcfa04e059be6022795cd4a36-nf_output/clustering/specs_ms.mgf:scan:307,O=C(O)C(Cc1ccc(O)cc1)N=C(O)CN=C(O)OCc1ccccc1,CCMSLIB00010122719,3-(4-hydroxyphenyl)-2-{2-[(phenylmethoxy)carbonylamino]acetylamino}propanoic a cid CollisionEnergy:205060,325,307
mzspec:GNPS:GNPS-LIBRARY:accession:CCMSLIB00004721221,mzspec:GNPS2:TASK-5d7dd02dcfa04e059be6022795cd4a36-nf_output/clustering/specs_ms.mgf:scan:293,Br.COc1ccc2c3c1OC1CC(O)C=CC31CCN(C)C2,CCMSLIB00004721221,GALANTHAMINE HYDROBROMIDE,332,293
mzspec:GNPS:GNPS-LIBRARY:accession:CCMSLIB00004708389,mzspec:GNPS2:TASK-5d7dd02dcfa04e059be6022795cd4a36-nf_output/clustering/specs_ms.mgf:scan:293,O=C(O)c1cccc(C(=O)CCC2OC(n3cnc4c(O)ncnc43)C(O)C2O)c1,CCMSLIB00004708389,"3-[3-[3,4-dihydroxy-5-(6-oxo-3H-purin-9-yl)oxolan-2-yl]propanoyl]benzoic acid",367,293
mzspec:GNPS:GNPS-LIBRARY:accession:CCMSLIB00004721221,mzspec:GNPS2:TASK-5d7dd02dcfa04e059be6022795cd4a36-nf_output/clustering/specs_ms.mgf:scan:565,Br.COc1ccc2c3c1OC1CC(O)C=CC31CCN(C)C2,CCMSLIB00004721221,GALANTHAMINE HYDROBROMIDE,332,565
mzspec:GNPS:GNPS-LIBRARY:accession:CCMSLIB00004708389,mzspec:GNPS2:TASK-5d7dd02dcfa04e059be6022795cd4a36-nf_output/clustering/specs_ms.mgf:scan:565,O=C(O)c1cccc(C(=O)CCC2OC(n3cnc4c(O)ncnc43)C(O)C2O)c1,CCMSLIB00004708389,"3-[3-[3,4-dihydroxy-5-(6-oxo-3H-purin-9-yl)oxolan-2-yl]propanoyl]benzoic acid",367,565
mzspec:GNPS:GNPS-LIBRARY:accession:CCMSLIB00004721221,mzspec:GNPS2:TASK-5d7dd02dcfa04e059be6022795cd4a36-nf_output/clustering/specs_ms.mgf:scan:501,Br.COc1ccc2c3c1OC1CC(O)C=CC31CCN(C)C2,CCMSLIB00004721221,GALANTHAMINE HYDROBROMIDE,332,501
mzspec:GNPS:GNPS-LIBRARY:accession:CCMSLIB00004708389,mzspec:GNPS2:TASK-5d7dd02dcfa04e059be6022795cd4a36-nf_output/clustering/specs_ms.mgf:scan:501,O=C(O)c1cccc(C(=O)CCC2OC(n3cnc4c(O)ncnc43)C(O)C2O)c1,CCMSLIB00004708389,"3-[3-[3,4-dihydroxy-5-(6-oxo-3H-purin-9-yl)oxolan-2-yl]propanoyl]benzoic acid",367,501
mzspec:GNPS:GNPS-LIBRARY:accession:CCMSLIB00004708389,mzspec:GNPS2:TASK-5d7dd02dcfa04e059be6022795cd4a36-nf_output/clustering/specs_ms.mgf:scan:588,O=C(O)c1cccc(C(=O)CCC2OC(n3cnc4c(O)ncnc43)C(O)C2O)c1,CCMSLIB00004708389,"3-[3-[3,4-dihydroxy-5-(6-oxo-3H-purin-9-yl)oxolan-2-yl]propanoyl]benzoic acid",367,588
mzspec:GNPS:GNPS-LIBRARY:accession:CCMSLIB00004721221,mzspec:GNPS2:TASK-5d7dd02dcfa04e059be6022795cd4a36-nf_output/clustering/specs_ms.mgf:scan:307,Br.COc1ccc2c3c1OC1CC(O)C=CC31CCN(C)C2,CCMSLIB00004721221,GALANTHAMINE HYDROBROMIDE,332,307
mzspec:GNPS:GNPS-LIBRARY:accession:CCMSLIB00004721221,mzspec:GNPS2:TASK-5d7dd02dcfa04e059be6022795cd4a36-nf_output/clustering/specs_ms.mgf:scan:500,Br.COc1ccc2c3c1OC1CC(O)C=CC31CCN(C)C2,CCMSLIB00004721221,GALANTHAMINE HYDROBROMIDE,332,500
mzspec:GNPS:GNPS-LIBRARY:accession:CCMSLIB00004708389,mzspec:GNPS2:TASK-5d7dd02dcfa04e059be6022795cd4a36-nf_output/clustering/specs_ms.mgf:scan:500,O=C(O)c1cccc(C(=O)CCC2OC(n3cnc4c(O)ncnc43)C(O)C2O)c1,CCMSLIB00004708389,"3-[3-[3,4-dihydroxy-5-(6-oxo-3H-purin-9-yl)oxolan-2-yl]propanoyl]benzoic acid",367,500
mzspec:GNPS:GNPS-LIBRARY:accession:CCMSLIB00004708389,mzspec:GNPS2:TASK-5d7dd02dcfa04e059be6022795cd4a36-nf_output/clustering/specs_ms.mgf:scan:619,O=C(O)c1cccc(C(=O)CCC2OC(n3cnc4c(O)ncnc43)C(O)C2O)c1,CCMSLIB00004708389,"3-[3-[3,4-dihydroxy-5-(6-oxo-3H-purin-9-yl)oxolan-2-yl]propanoyl]benzoic acid",367,619
mzspec:GNPS:GNPS-LIBRARY:accession:CCMSLIB00006678412,mzspec:GNPS2:TASK-5d7dd02dcfa04e059be6022795cd4a36-nf_output/clustering/specs_ms.mgf:scan:139,C(CCNCCCN)CN,CCMSLIB00006678412,SPERMIDINE,115,139
mzspec:GNPS:GNPS-LIBRARY:accession:CCMSLIB00006122548,mzspec:GNPS2:TASK-5d7dd02dcfa04e059be6022795cd4a36-nf_output/clustering/specs_ms.mgf:scan:50,Cc1cnc([nH]c1=N)O,CCMSLIB00006122548,5-Methylcytosine - 40.0 eV,51,50
mzspec:GNPS:GNPS-LIBRARY:accession:CCMSLIB00006125396,mzspec:GNPS2:TASK-5d7dd02dcfa04e059be6022795cd4a36-nf_output/clustering/specs_ms.mgf:scan:48,Cc1cnc([nH]c1=N)O,CCMSLIB00006125396,5-Methylcytosine - 40.0 eV,47,48
mzspec:GNPS:GNPS-LIBRARY:accession:CCMSLIB00006122548,mzspec:GNPS2:TASK-5d7dd02dcfa04e059be6022795cd4a36-nf_output/clustering/specs_ms.mgf:scan:48,Cc1cnc([nH]c1=N)O,CCMSLIB00006122548,5-Methylcytosine - 40.0 eV,49,48
mzspec:GNPS:GNPS-LIBRARY:accession:CCMSLIB00006122548,mzspec:GNPS2:TASK-5d7dd02dcfa04e059be6022795cd4a36-nf_output/clustering/specs_ms.mgf:scan:50,Cc1cnc([nH]c1=N)O,CCMSLIB00006122548,5-Methylcytosine - 40.0 eV,49,50
mzspec:GNPS:GNPS-LIBRARY:accession:CCMSLIB00006125396,mzspec:GNPS2:TASK-5d7dd02dcfa04e059be6022795cd4a36-nf_output/clustering/specs_ms.mgf:scan:50,Cc1cnc([nH]c1=N)O,CCMSLIB00006125396,5-Methylcytosine - 40.0 eV,47,50
mzspec:GNPS:GNPS-LIBRARY:accession:CCMSLIB00013024577,mzspec:GNPS2:TASK-5d7dd02dcfa04e059be6022795cd4a36-nf_output/clustering/specs_ms.mgf:scan:250,Nc1c2ncn([C@@H]3O[C@H](CO)[C@@H](O)[C@H]3O)c2ncn1,CCMSLIB00013024577,adenosine,239,250
mzspec:GNPS:GNPS-LIBRARY:accession:CCMSLIB00013024577,mzspec:GNPS2:TASK-5d7dd02dcfa04e059be6022795cd4a36-nf_output/clustering/specs_ms.mgf:scan:256,Nc1c2ncn([C@@H]3O[C@H](CO)[C@@H](O)[C@H]3O)c2ncn1,CCMSLIB00013024577,adenosine,239,256
mzspec:GNPS:GNPS-LIBRARY:accession:CCMSLIB00012839796,mzspec:GNPS2:TASK-5d7dd02dcfa04e059be6022795cd4a36-nf_output/clustering/specs_ms.mgf:scan:364,CN(C(=O)c1nn(Cc2ccccc2)c(=O)c2ccccc12)C1CCOC1,CCMSLIB00012839796,Z1145039212,321,364
mzspec:GNPS:GNPS-LIBRARY:accession:CCMSLIB00012839796,mzspec:GNPS2:TASK-5d7dd02dcfa04e059be6022795cd4a36-nf_output/clustering/specs_ms.mgf:scan:136,CN(C(=O)c1nn(Cc2ccccc2)c(=O)c2ccccc12)C1CCOC1,CCMSLIB00012839796,Z1145039212,321,136
mzspec:GNPS:GNPS-LIBRARY:accession:CCMSLIB00012839796,mzspec:GNPS2:TASK-5d7dd02dcfa04e059be6022795cd4a36-nf_output/clustering/specs_ms.mgf:scan:208,CN(C(=O)c1nn(Cc2ccccc2)c(=O)c2ccccc12)C1CCOC1,CCMSLIB00012839796,Z1145039212,321,208
mzspec:GNPS:GNPS-LIBRARY:accession:CCMSLIB00012839796,mzspec:GNPS2:TASK-5d7dd02dcfa04e059be6022795cd4a36-nf_output/clustering/specs_ms.mgf:scan:438,CN(C(=O)c1nn(Cc2ccccc2)c(=O)c2ccccc12)C1CCOC1,CCMSLIB00012839796,Z1145039212,321,438
mzspec:GNPS:GNPS-LIBRARY:accession:CCMSLIB00006683859,mzspec:GNPS2:TASK-5d7dd02dcfa04e059be6022795cd4a36-nf_output/clustering/specs_ms.mgf:scan:28,C1=NC2=C(N=CN=C2N1)O,CCMSLIB00006683859,HYPOXANTHINE,97,28
mzspec:GNPS:GNPS-LIBRARY:accession:CCMSLIB00006683859,mzspec:GNPS2:TASK-5d7dd02dcfa04e059be6022795cd4a36-nf_output/clustering/specs_ms.mgf:scan:96,C1=NC2=C(N=CN=C2N1)O,CCMSLIB00006683859,HYPOXANTHINE,97,96
mzspec:GNPS:GNPS-LIBRARY:accession:CCMSLIB00012870537,mzspec:GNPS2:TASK-5d7dd02dcfa04e059be6022795cd4a36-nf_output/clustering/specs_ms.mgf:scan:233,CC(C)(C)C(NC(=O)C1CC=CC1)C(=O)O,CCMSLIB00012870537,"2-(Cyclopent-3-ene-1-carboxamido)-3,3-dimethylbutanoic acid",211,233
mzspec:GNPS:GNPS-LIBRARY:accession:CCMSLIB00012870527,mzspec:GNPS2:TASK-5d7dd02dcfa04e059be6022795cd4a36-nf_output/clustering/specs_ms.mgf:scan:233,CC(C)(C)C(NC(=O)C1CC=CC1)C(=O)O,CCMSLIB00012870527,"2-(Cyclopent-3-ene-1-carboxamido)-3,3-dimethylbutanoic acid",212,233
mzspec:GNPS:GNPS-LIBRARY:accession:CCMSLIB00012870527,mzspec:GNPS2:TASK-5d7dd02dcfa04e059be6022795cd4a36-nf_output/clustering/specs_ms.mgf:scan:235,CC(C)(C)C(NC(=O)C1CC=CC1)C(=O)O,CCMSLIB00012870527,"2-(Cyclopent-3-ene-1-carboxamido)-3,3-dimethylbutanoic acid",212,235
mzspec:GNPS:GNPS-LIBRARY:accession:CCMSLIB00012870537,mzspec:GNPS2:TASK-5d7dd02dcfa04e059be6022795cd4a36-nf_output/clustering/specs_ms.mgf:scan:235,CC(C)(C)C(NC(=O)C1CC=CC1)C(=O)O,CCMSLIB00012870537,"2-(Cyclopent-3-ene-1-carboxamido)-3,3-dimethylbutanoic acid",211,235
mzspec:GNPS:GNPS-LIBRARY:accession:CCMSLIB00005883950,mzspec:GNPS2:TASK-5d7dd02dcfa04e059be6022795cd4a36-nf_output/clustering/specs_ms.mgf:scan:181,N[C@H](CC1=CNC2=CC=CC=C12)C(O)=O,CCMSLIB00005883950,D-TRYPTOPHAN - 70.0 eV,194,181
mzspec:GNPS:GNPS-LIBRARY:accession:CCMSLIB00016350731,mzspec:GNPS2:TASK-5d7dd02dcfa04e059be6022795cd4a36-nf_output/clustering/specs_ms.mgf:scan:227,COc1ccc(CN[C@H](C(=O)O)[C@@H](C)OC(C)=O)cc1,CCMSLIB00016350731,o-acetyl threonine_p-Anisaldehyde (known isomers: 0; isobaric peaks in run: 5),251,227
mzspec:GNPS:GNPS-LIBRARY:accession:CCMSLIB00003135898,mzspec:GNPS2:TASK-5d7dd02dcfa04e059be6022795cd4a36-nf_output/clustering/specs_ms.mgf:scan:224,C1CC(N(C1)C(=O)C2CCC(=O)N2)C(=O)O,CCMSLIB00003135898,Spectral Match to PyroGlu-Pro from NIST14,210,224
