cluster index	number of spectra	parent mass	precursor charge	precursor mass	sum(precursor intensity)	RTMean
1	14	103.05396670386891	1	103.05396670386891	0.0	282.62807142857145
2	15	103.05397186279284	1	103.05397186279285	0.0	282.8816666666667
3	6	105.06956481933598	1	105.06956481933598	0.0	316.66283333333337
4	36	110.00889068179657	1	110.00889068179653	0.0	106.21819444444444
5	108	110.00889068179653	1	110.00889068179649	0.0	119.97274074074075
6	6	113.033991495768	1	113.033991495768	0.0	189.9838333333333
7	46	113.9631894982382	1	113.96318949823818	0.0	296.19778260869566
8	6	116.07022942437102	1	116.07022942437102	0.0	143.92883333333336
9	6	116.07022942437102	1	116.07022942437102	0.0	173.57533333333336
10	6	116.07022942437102	1	116.07022942437102	0.0	173.7663333333333
11	131	117.0728418019039	1	117.07284180190402	0.0	208.2566017811705
12	30	117.07281668123105	1	117.07281668123103	0.0	207.51523333333333
13	56	117.07286763785909	1	117.07286763785922	0.0	222.39955059523808
14	24	117.07308912277222	1	117.0730891227722	0.0	298.52831249999997
15	61	117.07280633724383	1	117.0728063372439	0.0	203.60668852459014
16	49	117.07282274998148	1	117.07282274998153	0.0	125.69079931972789
17	35	117.07279948366465	1	117.07279948366468	0.0	223.42544285714288
18	45	117.07292509936778	1	117.07292509936777	0.0	373.76084444444444
19	70	118.08644343239908	1	118.08644343239914	0.0	162.47562857142856
20	86	118.08638586542077	1	118.08638586542081	0.0	164.8120581395349
21	20	118.08607940673821	1	118.08607940673826	0.0	166.61124999999998
22	12	118.08583638932953	1	118.08583638932951	0.0	209.72583333333336
23	9	118.08583814832878	1	118.08583814832878	0.0	208.44722222222222
24	3	118.08587985568568	1	118.08587985568568	0.0	212.73399999999998
25	3	118.08583323160799	1	118.08583323160799	0.0	153.29066666666668
26	2	118.086082458496	1	118.086082458496	0.0	180.1125
27	4	120.044278462728	1	120.044278462728	0.0	524.0065
28	2	120.044278462728	1	120.044278462728	0.0	524.4979999999999
29	55	120.08084286041388	1	120.08084286041391	0.0	316.0324545454545
30	12	120.08511670430507	1	120.08511670430507	0.0	281.75083333333333
31	64	120.08051685680695	1	120.08051685680704	0.0	293.29676562500003
32	22	120.08300022934426	1	120.08300022934426	0.0	284.7689545454546
33	12	120.08511670430507	1	120.08511670430507	0.0	281.55966666666666
34	47	120.08051897275452	1	120.08051897275456	0.0	285.1966170212766
35	21	120.08304407028928	1	120.08304407028928	0.0	283.09280952380954
36	35	120.08098973247456	1	120.08098973247459	0.0	315.1516571428572
37	3	120.080488840739	1	120.080488840739	0.0	334.34433333333334
38	60	121.06482518514001	1	121.06482518513992	0.0	201.9304
39	10	122.096512031555	1	122.09651203155502	0.0	319.0994
40	10	122.096512031555	1	122.09651203155502	0.0	319.2905
41	6	122.09605587853316	1	122.09605587853316	0.0	18.9845
42	2	122.0960782368975	1	122.0960782368975	0.0	18.82875
43	48	122.96373526255316	1	122.96373526255321	0.0	292.3574791666667
44	23	123.04385641346794	1	123.04385641346794	0.0	210.2775652173913
45	109	125.98626052903101	1	125.9862605290309	0.0	115.85888073394496
46	25	125.9865172526042	1	125.98651725260419	0.0	128.68824
47	5	127.04962768554701	1	127.04962768554701	0.0	230.12399999999997
48	5	127.0496643066408	1	127.0496643066408	0.0	249.06840000000003
49	5	127.0497090657556	1	127.0497090657556	0.0	229.92300000000003
50	8	127.049743652344	1	127.04974365234399	0.0	264.608
51	9	127.049835205078	1	127.049835205078	0.0	311.90155555555555
52	25	129.06544738769543	1	129.06544738769537	0.0	158.86752000000004
53	8	129.0652923583985	1	129.0652923583985	0.0	158.431125
54	4	129.065322875977	1	129.065322875977	0.0	158.658
55	6	129.065567016602	1	129.065567016602	0.0	163.83383333333333
56	18	129.13820393880198	1	129.13820393880198	0.0	122.46277777777777
57	26	130.050085581266	1	130.05008558126602	0.0	172.00515384615386
58	40	130.0494519710541	1	130.0494519710541	0.0	184.9732
59	22	130.0496414935951	1	130.04964149359512	0.0	194.71795454545455
60	5	130.0497896830244	1	130.0497896830244	0.0	187.1128
61	6	130.0513526068793	1	130.0513526068793	0.0	176.37433333333334
62	2	130.051445007324	1	130.051445007324	0.0	179.08149999999998
63	3	130.085698445638	1	130.085698445638	0.0	150.8493333333333
64	3	130.085698445638	1	130.085698445638	0.0	151.04033333333334
65	48	130.09766832987475	1	130.09766832987472	0.0	150.322625
66	6	130.122512817383	1	130.122512817383	0.0	511.01566666666673
67	36	130.9661602444119	1	130.9661602444118	0.0	193.7498611111111
68	29	131.0488665350552	1	131.04886653505525	0.0	279.04503448275864
69	29	131.0488665350552	1	131.04886653505525	0.0	279.2361724137931
70	71	131.92940545541867	1	131.92940545541865	0.0	262.5330563380282
71	45	131.92937135354055	1	131.92937135354052	0.0	253.23348888888887
72	19	131.92925092977703	1	131.92925092977703	0.0	286.31826315789476
73	6	132.06501388549802	1	132.06501388549802	0.0	142.61633333333336
74	3	132.10912068684866	1	132.10912068684866	0.0	197.45466666666667
75	8	132.10740375518824	1	132.10740375518824	0.0	195.55375
76	40	132.10164549328044	1	132.1016454932805	0.0	193.24609999999998
77	19	132.10373512331475	1	132.10373512331475	0.0	197.04926315789473
78	17	132.1015798189394	1	132.1015798189394	0.0	194.27094117647056
79	26	132.10205178261742	1	132.10205178261742	0.0	190.64646153846152
80	3	132.107116699219	1	132.107116699219	0.0	194.50433333333334
81	12	132.10167401026175	1	132.10167401026175	0.0	192.53041666666664
82	7	132.10388546898244	1	132.10388546898244	0.0	192.40514285714286
83	3	132.107460021973	1	132.107460021973	0.0	194.33300000000003
84	44	132.1017115853052	1	132.10171158530522	0.0	226.81531818181827
85	14	132.1033651595727	1	132.1033651595727	0.0	210.89142857142855
86	32	132.10214981984996	1	132.10214981984996	0.0	255.094
87	39	132.10202080328463	1	132.10202080328463	0.0	241.5708205128205
88	2	132.10467529296898	1	132.10467529296898	0.0	198.52399999999997
89	2	136.0613327026365	1	136.0613327026365	0.0	199.1825
90	2	136.0613327026365	1	136.0613327026365	0.0	199.37399999999997
91	6	136.061462402344	1	136.061462402344	0.0	197.0128333333333
92	65	136.07557740822833	1	136.07557740822838	0.0	231.92623076923076
93	19	137.0455407929001	1	137.0455407929001	0.0	205.16336842105267
94	19	137.0455407929001	1	137.0455407929001	0.0	205.35463157894733
95	2	137.0462290445965	1	137.0462290445965	0.0	199.33200000000002
96	2	138.054718017578	1	138.054718017578	0.0	526.193
97	2	138.054718017578	1	138.054718017578	0.0	526.3845
98	22	138.0912107987836	1	138.0912107987836	0.0	203.51745454545454
99	22	138.0912107987836	1	138.0912107987836	0.0	203.70881818181817
100	14	141.95801439183614	1	141.95801439183614	0.0	352.6979285714286
101	82	141.9583138499684	1	141.9583138499683	0.0	340.3103414634146
102	61	141.95846906022737	1	141.95846906022734	0.0	319.75706557377055
103	34	141.95853395408975	1	141.95853395408972	0.0	321.01167647058816
104	48	141.95830058319459	1	141.9583005831945	0.0	319.70050000000003
105	32	141.95806602377542	1	141.9580660237754	0.0	366.8864375
106	32	141.95863363799432	1	141.95863363799427	0.0	336.1886875
107	22	141.95851267880843	1	141.95851267880838	0.0	336.3336363636363
108	6	144.065007527669	1	144.065007527669	0.0	227.20750000000004
109	6	144.065007527669	1	144.065007527669	0.0	227.39883333333333
110	34	145.07574343213855	1	145.07574343213858	0.0	490.9916176470588
111	10	146.0601127624513	1	146.0601127624513	0.0	447.48490000000004
112	2	146.0596618652345	1	146.0596618652345	0.0	446.372
113	22	146.09184820001772	1	146.09184820001772	0.0	154.86040909090906
114	2	146.091888427734	1	146.091888427734	0.0	154.2435
115	80	146.16537475585938	1	146.16537475585938	0.0	119.8717125
116	46	149.05947146208402	1	149.05947146208402	0.0	281.90676086956523
117	41	150.0579193859567	1	150.05791938595672	0.0	167.87600000000003
118	5	150.059661865234	1	150.059661865234	0.0	163.932
119	67	151.03532455216583	1	151.03532455216583	0.0	118.3174776119403
120	67	151.03532455216583	1	151.03532455216583	0.0	118.50885074626864
121	3	152.056106567383	1	152.056106567383	0.0	155.882
122	2	152.056079864502	1	152.056079864502	0.0	156.14449999999997
123	42	152.0564749581476	1	152.05647495814765	0.0	225.30123809523806
124	10	153.04160766601564	1	153.04160766601564	0.0	205.1561
125	52	155.08105675490572	1	155.08105675490577	0.0	211.82528846153846
126	19	155.0833049573394	1	155.0833049573394	0.0	209.81336842105264
127	51	155.081056064085	1	155.08105606408506	0.0	211.7145882352941
128	18	155.0833025331848	1	155.0833025331848	0.0	209.45883333333333
129	25	155.08114071932692	1	155.08114071932695	0.0	240.67736
130	26	155.0811431487585	1	155.0811431487585	0.0	240.34673076923076
131	4	156.101715087891	1	156.101715087891	0.0	464.50925
132	54	157.09686787923195	1	157.09686787923195	0.0	254.81281481481483
133	110	158.09211231578476	1	158.09211231578485	0.0	170.0876181818182
134	4	158.099472045898	1	158.099472045898	0.0	458.3
135	58	158.96109798036767	1	158.96109798036758	0.0	296.790724137931
136	3	158.963729858398	1	158.963729858398	0.0	130.92233333333334
137	54	160.07571354618764	1	160.07571354618761	0.0	225.5860185185185
138	6	160.13258361816403	1	160.13258361816403	0.0	147.7841666666667
139	6	160.180470784505	1	160.180470784505	0.0	117.92533333333334
140	26	165.0542714045599	1	165.0542714045599	0.0	207.75169230769237
141	27	165.05434445981635	1	165.05434445981635	0.0	208.0584444444444
142	6	166.08612504182034	1	166.08612504182034	0.0	271.60999999999996
143	11	166.08625664759145	1	166.08625664759145	0.0	272.5967272727273
144	17	166.09184983197395	1	166.09184983197395	0.0	284.1687058823529
145	94	166.08608404946986	1	166.08608404946986	0.0	306.9086382978723
146	27	166.08843711570438	1	166.08843711570444	0.0	290.46244444444443
147	17	166.09184983197395	1	166.09184983197395	0.0	284.3601764705882
148	89	166.0860952152835	1	166.0860952152835	0.0	308.28124719101123
149	26	166.08844356047783	1	166.08844356047786	0.0	291.33107692307686
150	13	169.0757857102615	1	169.0757857102615	0.0	455.03100000000006
151	54	169.09681136519805	1	169.09681136519808	0.0	259.75405555555557
152	3	170.118057250977	1	170.118057250977	0.0	499.8176666666667
153	3	170.118057250977	1	170.118057250977	0.0	500.00899999999996
154	6	173.09155782063797	1	173.09155782063797	0.0	151.21866666666668
155	9	174.05426025390597	1	174.05426025390597	0.0	211.21911111111112
156	2	174.054270426432	1	174.054270426432	0.0	209.6095
157	3	174.112360636393	1	174.112360636393	0.0	465.2863333333333
158	2	174.112360636393	1	174.112360636393	0.0	464.02900000000005
159	12	175.1085001627605	1	175.1085001627605	0.0	194.58700000000002
160	34	175.1184046128218	1	175.1184046128218	0.0	141.68238235294118
161	11	176.1277340975671	1	176.12773409756707	0.0	415.19336363636364
162	2	180.104133605957	1	180.104133605957	0.0	469.65250000000003
163	2	180.104133605957	1	180.104133605957	0.0	469.844
164	70	182.0811017717634	1	182.08110177176334	0.0	206.8167857142857
165	37	182.96271659232488	1	182.96271659232494	0.0	114.41654054054055
166	37	182.96271659232488	1	182.96271659232494	0.0	114.60802702702702
167	14	183.0916442871093	1	183.0916442871093	0.0	463.43099999999987
168	2	183.091320037842	1	183.091320037842	0.0	465.69149999999996
169	3	183.0912551879883	1	183.0912551879883	0.0	465.4806666666666
170	4	183.164527893066	1	183.164527893066	0.0	156.20775
171	9	185.09266323513455	1	185.09266323513452	0.0	196.83800000000002
172	2	185.0914306640625	1	185.0914306640625	0.0	197.736
173	4	185.0914878845215	1	185.0914878845215	0.0	199.2555
174	71	185.11024239994893	1	185.11024239994893	0.0	18.038840375586858
175	66	185.11035010727844	1	185.11035010727846	0.0	18.060037878787877
176	81	185.11062848703858	1	185.11062848703864	0.0	35.47375925925927
177	85	185.11039915192455	1	185.11039915192453	0.0	18.83466862745098
178	143	185.1102536002812	1	185.1102536002808	0.0	21.575280885780884
179	143	185.11031272374493	1	185.11031272374464	0.0	30.965924242424244
180	76	186.22164751114994	1	186.22164751114988	0.0	531.4478815789474
181	35	188.0705655779157	1	188.07056557791572	0.0	436.4887428571428
182	3	188.128514607747	1	188.128514607747	0.0	498.3333333333333
183	3	188.128514607747	1	188.128514607747	0.0	498.5243333333334
184	26	189.08671358548685	1	189.08671358548688	0.0	267.41457692307694
185	26	189.08642055804918	1	189.0864205580492	0.0	268.3790769230769
186	2	189.0876655578615	1	189.0876655578615	0.0	266.8145
187	40	189.12346204121928	1	189.12346204121928	0.0	295.02385
188	6	189.12272516886415	1	189.12272516886415	0.0	276.4005
189	3	195.061655680339	1	195.061655680339	0.0	489.7583333333333
190	48	195.11223411560067	1	195.11223411560061	0.0	386.9902291666667
191	89	198.9402171359974	1	198.9402171359974	0.0	115.63405617977529
192	37	202.18009818137207	1	202.18009818137202	0.0	154.17367567567572
193	30	203.2228698730469	1	203.2228698730469	0.0	119.56576666666668
194	35	205.09711172921328	1	205.09711172921325	0.0	436.31391428571436
195	63	211.10782490079367	1	211.10782490079382	0.0	247.78065079365075
196	68	211.144157110476	1	211.14415711047593	0.0	472.3526176470588
197	2	212.102447509766	1	212.102447509766	0.0	200.5
198	72	214.91772842407218	1	214.9177284240722	0.0	118.84076388888889
199	18	215.139483981662	1	215.139483981662	0.0	204.31794444444444
200	3	216.097147623698	1	216.097147623698	0.0	192.925
201	18	217.15511915418836	1	217.1551191541884	0.0	236.81222222222223
202	3	220.11821831597203	1	220.11821831597203	0.0	338.37199999999996
203	42	221.0913550967263	1	221.0913550967264	0.0	225.26066666666665
204	6	222.1123046875	1	222.1123046875	0.0	514.8558333333334
205	8	223.1081314086915	1	223.10813140869152	0.0	419.688375
206	94	223.98925586456957	1	223.9892558645696	0.0	115.76815957446804
207	33	226.1542236636382	1	226.15422366363825	0.0	183.5330909090909
208	3	226.95100402832	1	226.95100402832	0.0	129.30933333333334
209	3	226.982828776042	1	226.982828776042	0.0	515.2743333333333
210	48	227.10184605916325	1	227.10184605916334	0.0	279.20725000000004
211	60	227.13888219197605	1	227.13888219197594	0.0	452.0570666666667
212	10	227.1418431599935	1	227.14184315999356	0.0	450.81980000000004
213	6	229.11766967773403	1	229.11766967773403	0.0	146.13433333333336
214	3	229.11766967773397	1	229.11766967773397	0.0	424.6813333333334
215	68	229.1548730151144	1	229.15487301511462	0.0	361.1154411764706
216	4	230.11259460449202	1	230.11259460449202	0.0	202.46574999999999
217	72	230.24859534369565	1	230.24859534369574	0.0	573.9006527777779
218	16	231.17056337992335	1	231.17056337992332	0.0	362.33381249999996
219	40	235.1182144165037	1	235.1182144165038	0.0	156.54754999999997
220	55	237.0864495942087	1	237.08644959420866	0.0	213.09707272727272
221	2	237.0879249572755	1	237.0879249572755	0.0	220.93449999999999
222	2	237.088798522949	1	237.088798522949	0.0	212.63250000000002
223	72	239.96679306030273	1	239.96679306030273	0.0	116.10633333333334
224	23	243.13431482729698	1	243.13431482729698	0.0	467.3270869565218
225	60	245.1282760620116	1	245.1282760620116	0.0	481.3190499999999
226	25	245.14966349283853	1	245.14966349283856	0.0	208.88336
227	16	247.12796824319014	1	247.12796824319008	0.0	390.386375
228	50	254.16113220214834	1	254.16113220214828	0.0	198.49868
229	5	256.1742004394534	1	256.1742004394534	0.0	365.5144
230	72	258.2798724704319	1	258.27987247043166	0.0	635.4303888888888
231	4	260.123764038086	1	260.123764038086	0.0	415.05575000000005
232	10	260.19682617187516	1	260.19682617187516	0.0	192.23289999999997
233	35	261.1228884742373	1	261.12288847423724	0.0	458.6868857142857
234	26	261.1234490810296	1	261.12344908102955	0.0	468.13492307692303
235	5	261.12654215494786	1	261.12654215494786	0.0	458.8058
236	2	263.13856506347645	1	263.13856506347645	0.0	437.218
237	5	263.13994750976565	1	263.13994750976565	0.0	436.52619999999996
238	72	265.01574283175995	1	265.0157428317599	0.0	118.53854166666666
239	42	268.10450526646224	1	268.1045052664622	0.0	196.7371666666667
240	2	268.138824462891	1	268.138824462891	0.0	198.251
241	3	268.139572143555	1	268.139572143555	0.0	189.65833333333333
242	16	269.08759307861317	1	269.0875930786131	0.0	216.8261875
243	6	270.14387003580737	1	270.14387003580737	0.0	194.33499999999998
244	3	270.19151814778667	1	270.19151814778667	0.0	400.2776666666667
245	3	273.187754313151	1	273.187754313151	0.0	200.1283333333333
246	2	273.187754313151	1	273.187754313151	0.0	200.9355
247	28	274.1761561802455	1	274.1761561802456	0.0	358.75403571428575
248	70	274.274761672247	1	274.274761672247	0.0	540.9966857142857
249	36	279.13316345214895	1	279.1331634521489	0.0	360.77483333333333
250	2	279.133605957031	1	279.133605957031	0.0	435.77049999999997
251	2	281.112335205078	1	281.112335205078	0.0	436.88249999999994
252	3	282.118576049805	1	282.118576049805	0.0	234.60133333333334
253	3	282.118576049805	1	282.118576049805	0.0	234.79233333333335
254	12	282.11890411376953	1	282.11890411376953	0.0	262.04966666666667
255	17	283.1754976160386	1	283.1754976160387	0.0	421.02541176470584
256	30	284.09883422851556	1	284.0988342285156	0.0	220.99249999999998
257	6	286.138763427734	1	286.138763427734	0.0	150.44466666666668
258	36	286.1751607259116	1	286.1751607259116	0.0	392.76475
259	1520	286.2202131283636	1	286.2202131283618	0.0	607.3163708333334
260	2	286.21957861858846	1	286.21957861858846	0.0	699.0755
261	2	286.219560706097	1	286.219560706097	0.0	714.937
262	4	286.21967438080526	1	286.21967438080526	0.0	554.5239999999999
263	2	286.2196004649135	1	286.2196004649135	0.0	706.3009999999999
264	2	286.21961245329453	1	286.21961245329453	0.0	689.874
265	4	286.21965715509924	1	286.21965715509924	0.0	704.9100000000001
266	2	286.219603165336	1	286.219603165336	0.0	710.3444999999999
267	2	286.219673488451	1	286.219673488451	0.0	668.428
268	2	286.219649605129	1	286.219649605129	0.0	689.4860000000001
269	6	287.122741699219	1	287.122741699219	0.0	226.42549999999997
270	2	288.117767333984	1	288.117767333984	0.0	193.75750000000002
271	38	290.13376496967527	1	290.13376496967516	0.0	229.43260526315788
272	61	291.2535412064016	1	291.2535412064017	0.0	835.4492950819672
273	6	295.020385742188	1	295.020385742188	0.0	513.1003333333333
274	98	298.2555847167968	1	298.2555847167967	0.0	929.7476530612245
275	13	300.20197237454937	1	300.20197237454937	0.0	420.2227692307692
276	8	300.2023963928224	1	300.2023963928224	0.0	421.43350000000004
277	2	300.217569986979	1	300.217569986979	0.0	727.155
278	4	302.170013427734	1	302.170013427734	0.0	207.74300000000002
279	60	302.2869415283204	1	302.28694152832026	0.0	19.85113055555556
280	5	304.212707519531	1	304.212707519531	0.0	577.9986
281	880	304.23011188347436	1	304.23011188347454	0.0	554.2173049242425
282	84	304.3010493687222	1	304.30104936872226	0.0	643.3325119047619
283	4	305.304153442383	1	305.304153442383	0.0	646.0695
284	12	307.18506876627595	1	307.185068766276	0.0	363.33183333333335
285	66	308.2802031545929	1	308.2802031545928	0.0	836.0166515151516
286	36	311.1750030517578	1	311.17500305175776	0.0	499.0219166666667
287	2	312.154205322266	1	312.154205322266	0.0	194.2035
288	2	312.154296875	1	312.154296875	0.0	193.529
289	9	316.2120344373913	1	316.2120344373913	0.0	431.06044444444444
290	23	317.1809365092843	1	317.1809365092843	0.0	254.19069565217393
291	15	318.12916259765643	1	318.1291625976564	0.0	413.8184
292	4	320.159744262695	1	320.159744262695	0.0	445.23749999999995
293	8	327.2010726928713	1	327.2010726928713	0.0	431.75525
294	1956	328.26929716805745	1	328.2692971680568	0.0	558.3458087934561
295	2	328.268135541751	1	328.268135541751	0.0	520.286
296	2	328.268290259786	1	328.268290259786	0.0	509.34749999999997
297	2	328.2708063895385	1	328.2708063895385	0.0	535.1745
298	2	329.181060791016	1	329.181060791016	0.0	208.39849999999998
299	640	329.27061824798574	1	329.2706182479878	0.0	473.0569721354167
300	30	331.1973124186198	1	331.1973124186198	0.0	285.91713333333337
301	72	332.3313496907554	1	332.3313496907551	0.0	709.5763333333332
302	14	332.3370012555806	1	332.3370012555806	0.0	718.1759999999999
303	6	333.335652669271	1	333.335652669271	0.0	713.0939999999999
304	71	335.28032759545556	1	335.2803275954555	0.0	828.3847887323943
305	6	336.15453084309905	1	336.15453084309905	0.0	389.44533333333334
306	2	343.196228027344	1	343.196228027344	0.0	276.5815
307	44	344.22773950750184	1	344.22773950750184	0.0	432.1523409090909
308	2	345.248825073242	1	345.248825073242	0.0	486.85999999999996
309	1085	346.27714913286155	1	346.2771491328648	0.0	619.743587250384
310	2	346.277022251636	1	346.277022251636	0.0	760.0894999999999
311	4	351.21145629882847	1	351.21145629882847	0.0	421.747
312	72	352.307147555881	1	352.3071475558808	0.0	827.0774722222224
313	50	355.2635171508788	1	355.2635171508788	0.0	618.73084
314	4	355.263631184896	1	355.263631184896	0.0	618.8172500000001
315	2	357.211395263672	1	357.211395263672	0.0	393.64900000000006
316	61	358.24085823434297	1	358.24085823434297	0.0	614.2833278688523
317	43	358.240930601608	1	358.2409306016081	0.0	608.6682325581395
318	84	359.19211687360485	1	359.19211687360485	0.0	263.98740476190477
319	16	359.28984451293974	1	359.2898445129398	0.0	837.9795625000002
320	38	360.36265965511905	1	360.36265965511893	0.0	787.094947368421
321	6	362.92556762695307	1	362.92556762695307	0.0	134.6308333333333
322	5	370.295084635417	1	370.295084635417	0.0	961.8628000000001
323	6	371.154459635417	1	371.154459635417	0.0	221.4526666666667
324	7	371.2268502371653	1	371.2268502371653	0.0	440.80800000000005
325	13	371.22789353590775	1	371.22789353590775	0.0	439.20430769230774
326	4	371.22793579101597	1	371.22793579101597	0.0	423.0465
327	25	373.2747123209634	1	373.27471232096343	0.0	616.4917600000001
328	9	373.27376641167507	1	373.27376641167507	0.0	617.4266666666667
329	68	379.3061900419347	1	379.30619004193477	0.0	820.8349411764706
330	2	383.228668212891	1	383.228668212891	0.0	424.405
331	10	385.2446411132811	1	385.2446411132811	0.0	446.0136
332	56	388.25452232360834	1	388.2545223236087	0.0	439.0889285714286
333	52	392.1803471491887	1	392.1803471491888	0.0	278.82992307692314
334	6	393.176005045573	1	393.176005045573	0.0	415.64466666666675
335	5	393.2086181640624	1	393.2086181640624	0.0	438.8108
336	8	393.20854759216286	1	393.20854759216286	0.0	438.59787500000004
337	3	393.208511352539	1	393.208511352539	0.0	439.8913333333333
338	4	395.2379913330075	1	395.2379913330075	0.0	432.99225
339	72	396.33476003011066	1	396.3347600301106	0.0	818.497375
340	6	398.326232910156	1	398.326232910156	0.0	17.934250000000002
341	20	401.2895843505861	1	401.2895843505861	0.0	819.3913
342	3	401.289476182726	1	401.289476182726	0.0	821.2456666666666
343	2	401.29032389322947	1	401.29032389322947	0.0	821.8634999999999
344	9	403.31761112919565	1	403.3176111291957	0.0	828.3366666666666
345	3	407.21237182617205	1	407.21237182617205	0.0	355.1233333333333
346	2	413.348892211914	1	413.348892211914	0.0	635.8209999999999
347	27	414.23333740234364	1	414.23333740234364	0.0	384.3458148148148
348	8	415.21086120605503	1	415.21086120605503	0.0	731.0982499999999
349	23	415.2538370325947	1	415.2538370325947	0.0	445.0432608695652
350	2	415.252705891927	1	415.252705891927	0.0	435.26699999999994
351	6	416.336588541667	1	416.336588541667	0.0	17.21930555555555
352	4	417.203094482422	1	417.203094482422	0.0	419.83475
353	12	419.2288258870445	1	419.2288258870445	0.0	458.2525833333333
354	66	423.3326147830846	1	423.33261478308486	0.0	813.9292878787878
355	6	426.233032226563	1	426.233032226563	0.0	402.3528333333333
356	28	426.3215767996653	1	426.32157679966537	0.0	617.7226785714286
357	11	426.32111150568176	1	426.32111150568176	0.0	617.1342727272727
358	8	427.2289123535155	1	427.2289123535156	0.0	409.67324999999994
359	24	428.25024668375653	1	428.2502466837566	0.0	424.3963333333333
360	32	430.2294769287109	1	430.22947692871077	0.0	415.1448125
361	23	430.24343695156836	1	430.24343695156824	0.0	471.1918260869566
362	24	430.2434255811904	1	430.2434255811904	0.0	471.4784166666667
363	2	430.29499816894497	1	430.29499816894497	0.0	551.4334999999999
364	6	430.91259765625	1	430.91259765625	0.0	132.76016666666666
365	12	431.20654296875006	1	431.20654296875006	0.0	535.9885
366	4	431.248886108398	1	431.248886108398	0.0	414.62299999999993
367	67	432.2811311180911	1	432.281131118091	0.0	444.5867462686567
368	4	433.24365234375	1	433.24365234375	0.0	467.07125
369	2	437.2343114217125	1	437.2343114217125	0.0	444.04150000000004
370	2	437.2343114217125	1	437.2343114217125	0.0	443.3295
371	2	437.23461151123047	1	437.23461151123047	0.0	444.85
372	2	437.2373962402345	1	437.2373962402345	0.0	445.51800000000003
373	2	437.234954833984	1	437.234954833984	0.0	444.375
374	8	439.2664794921877	1	439.2664794921876	0.0	439.890875
375	10	440.21534423828115	1	440.21534423828115	0.0	428.6176
376	2	440.242980957031	1	440.242980957031	0.0	409.06999999999994
377	34	440.25015976849716	1	440.25015976849727	0.0	428.90688235294124
378	38	440.3609686065138	1	440.36096860651395	0.0	810.439210526316
379	35	440.3610275995164	1	440.3610275995165	0.0	810.6773142857143
380	26	440.4112114539514	1	440.4112114539514	0.0	729.6008076923077
381	26	440.4112114539514	1	440.4112114539514	0.0	729.7926153846154
382	4	442.263656616211	1	442.263656616211	0.0	431.772
383	78	444.2885468311797	1	444.2885468311794	0.0	608.9857307692307
384	74	444.29777155695734	1	444.29777155695774	0.0	736.4879054054055
385	17	445.314494413488	1	445.3144944134879	0.0	811.8575294117647
386	14	445.31363278343554	1	445.3136327834355	0.0	814.4527142857143
387	2	446.186462402344	1	446.186462402344	0.0	193.79799999999997
388	42	446.22302100771947	1	446.2230210077191	0.0	348.53571428571433
389	11	447.3449577562735	1	447.3449577562735	0.0	820.368
390	15	448.3059305826824	1	448.3059305826824	0.0	551.8563333333333
391	22	448.3066239790482	1	448.3066239790482	0.0	551.9570454545457
392	2	448.305887858073	1	448.305887858073	0.0	549.8354999999999
393	2	448.30598449706997	1	448.30598449706997	0.0	552.5755
394	12	449.20156860351557	1	449.20156860351557	0.0	280.7789166666667
395	23	450.3221333821615	1	450.3221333821615	0.0	638.3875217391305
396	10	450.3215810139973	1	450.3215810139974	0.0	638.7507
397	2	450.3245951334635	1	450.3245951334635	0.0	638.2900000000001
398	2	450.3245951334635	1	450.3245951334635	0.0	639.3295
399	2	452.276545206706	1	452.276545206706	0.0	683.7209999999999
400	2	452.276545206706	1	452.276545206706	0.0	702.319
401	2	453.718322753906	1	453.718322753906	0.0	405.6449999999999
402	4	456.24716186523455	1	456.24716186523455	0.0	424.19599999999997
403	11	458.261513449929	1	458.261513449929	0.0	425.8527272727273
404	3	458.261983235677	1	458.261983235677	0.0	428.72200000000004
405	11	459.279890580611	1	459.279890580611	0.0	449.86345454545454
406	9	460.2406446668835	1	460.2406446668835	0.0	417.4887777777778
407	30	466.3173789130317	1	466.3173789130318	0.0	549.8276999999999
408	29	466.31719830392416	1	466.3171983039243	0.0	549.541379310345
409	2	467.300354003906	1	467.300354003906	0.0	471.6859999999999
410	39	467.3579054612381	1	467.357905461238	0.0	807.237512820513
411	26	470.3318317119893	1	470.3318317119893	0.0	655.0192307692307
412	2	472.275054931641	1	472.275054931641	0.0	438.169
413	2	472.275054931641	1	472.275054931641	0.0	438.36049999999994
414	64	476.3078702290852	1	476.30787022908555	0.0	449.047125
415	3	476.306193033854	1	476.306193033854	0.0	452.55500000000006
416	47	477.3329037064355	1	477.33290370643545	0.0	618.179
417	3	480.27746582031233	1	480.27746582031233	0.0	606.7813333333332
418	4	480.2775650024415	1	480.2775650024415	0.0	602.93275
419	23	481.26133219401055	1	481.2613321940106	0.0	449.11626086956517
420	3	481.2628343370227	1	481.2628343370227	0.0	449.12766666666664
421	35	482.36810796828496	1	482.36810796828485	0.0	889.7721714285713
422	13	482.36811319986987	1	482.36811319986987	0.0	889.7424615384612
423	8	483.04963684082077	1	483.04963684082077	0.0	282.85825
424	66	483.25013501716387	1	483.25013501716387	0.0	728.6979393939394
425	20	483.2914672851563	1	483.29146728515633	0.0	445.60234999999994
426	10	484.3244093718352	1	484.3244093718351	0.0	19.2939
427	72	484.3865271674262	1	484.3865271674262	0.0	802.7294861111111
428	42	488.2349461146765	1	488.2349461146764	0.0	413.31971428571427
429	4	489.33906046549475	1	489.33906046549475	0.0	804.61225
430	4	489.3391850789387	1	489.3391850789387	0.0	804.8505
431	17	489.33932136086855	1	489.33932136086855	0.0	806.8781764705883
432	39	491.37092420789935	1	491.37092420789924	0.0	812.7624102564102
433	26	495.47210458608777	1	495.47210458608765	0.0	19.59766666666667
434	26	495.47210458608777	1	495.47210458608765	0.0	19.600846153846152
435	6	497.270914713542	1	497.270914713542	0.0	403.48766666666666
436	28	498.2896303449357	1	498.2896303449357	0.0	602.1800714285715
437	28	498.28937421526217	1	498.28937421526217	0.0	602.3036428571429
438	6	498.89985148112004	1	498.89985148112004	0.0	135.29683333333335
439	50	499.2128283691408	1	499.21282836914094	0.0	360.9053200000001
440	6	499.23629760742193	1	499.23629760742193	0.0	729.2936666666666
441	13	500.30391125801276	1	500.30391125801276	0.0	736.005692307692
442	12	500.30466800265845	1	500.3046680026585	0.0	736.39525
443	6	511.25713094075496	1	511.25713094075496	0.0	200.92600000000004
444	20	511.28753967285166	1	511.28753967285155	0.0	431.17094999999995
445	4	511.38290405273426	1	511.38290405273426	0.0	800.37825
446	3	512.269755045573	1	512.269755045573	0.0	404.8406666666667
447	3	512.269755045573	1	512.269755045573	0.0	405.0323333333333
448	3	513.265482584635	1	513.265482584635	0.0	414.14699999999993
449	3	513.265482584635	1	513.265482584635	0.0	414.339
450	54	514.3580457899307	1	514.3580457899309	0.0	651.7861296296297
451	17	516.2985935585173	1	516.2985935585174	0.0	606.6096470588235
452	7	516.2983427501862	1	516.2983427501862	0.0	605.2909999999999
453	2	516.298736572266	1	516.298736572266	0.0	608.043
454	10	517.2437255859375	1	517.2437255859375	0.0	572.4482
455	52	518.3584383451024	1	518.3584383451026	0.0	640.6356730769231
456	63	520.334207201761	1	520.3342072017612	0.0	453.295111111111
457	2	520.33295694987	1	520.33295694987	0.0	457.8245
458	16	522.2198028564453	1	522.2198028564454	0.0	428.56275
459	3	522.354919433594	1	522.354919433594	0.0	797.4
460	3	522.354919433594	1	522.354919433594	0.0	797.592
461	7	525.2877110072544	1	525.2877110072544	0.0	453.72557142857147
462	9	525.287584092882	1	525.287584092882	0.0	452.1422222222223
463	2	525.28662109375	1	525.28662109375	0.0	451.764
464	4	525.2868652343752	1	525.2868652343752	0.0	452.84775
465	16	526.2603225708009	1	526.2603225708008	0.0	193.17537499999997
466	16	526.3943036397299	1	526.3943036397297	0.0	879.15125
467	44	526.396644823479	1	526.396644823479	0.0	880.1632727272728
468	31	527.2812539377522	1	527.2812539377522	0.0	399.2271612903226
469	4	527.280914306641	1	527.280914306641	0.0	420.0865
470	18	527.3166775173613	1	527.3166775173612	0.0	450.1164444444445
471	4	528.227844238281	1	528.227844238281	0.0	197.51949999999997
472	72	528.412105984158	1	528.412105984158	0.0	796.3362083333334
473	4	529.2604064941405	1	529.2604064941405	0.0	394.877
474	2	529.296142578125	1	529.296142578125	0.0	436.53700000000003
475	48	530.379280090332	1	530.3792800903325	0.0	19.476197916666663
476	3	531.276000976563	1	531.276000976563	0.0	413.9923333333333
477	3	531.276000976563	1	531.276000976563	0.0	414.1843333333333
478	31	531.3508317188551	1	531.3508317188554	0.0	882.8319677419353
479	31	533.3268130722867	1	533.3268130722868	0.0	602.4143870967744
480	30	533.3266269259983	1	533.3266269259984	0.0	602.5131333333333
481	32	533.3668378194172	1	533.366837819417	0.0	799.30453125
482	37	534.3560230152027	1	534.3560230152026	0.0	552.8990810810811
483	59	535.39607540497	1	535.3960754049702	0.0	806.5975423728814
484	2	537.266418457031	1	537.266418457031	0.0	445.20799999999997
485	8	537.301513671875	1	537.301513671875	0.0	435.82475
486	26	538.2799682617189	1	538.2799682617189	0.0	609.395
487	6	539.289184570313	1	539.289184570313	0.0	399.7421666666667
488	44	542.3501226251776	1	542.3501226251774	0.0	19.426420454545454
489	2	542.388671875	1	542.388671875	0.0	755.1659999999999
490	2	543.238372802734	1	543.238372802734	0.0	201.27249999999998
491	2	543.238372802734	1	543.238372802734	0.0	201.4645
492	2	544.770324707031	1	544.770324707031	0.0	424.36150000000004
493	2	553.288696289063	1	553.288696289063	0.0	404.979
494	6	553.305094401042	1	553.305094401042	0.0	422.2576666666666
495	18	554.2936876085073	1	554.2936876085073	0.0	393.86016666666666
496	6	554.4251708984376	1	554.4251708984376	0.0	16.794472222222222
497	19	557.2940673828127	1	557.2940673828126	0.0	425.17447368421045
498	48	558.3839950561525	1	558.3839950561522	0.0	648.804
499	4	561.7605285644535	1	561.7605285644535	0.0	402.998
500	2	562.29443359375	1	562.29443359375	0.0	456.556
501	68	564.35963529699	1	564.3596352969901	0.0	456.6068088235295
502	6	568.279296875	1	568.279296875	0.0	196.54549999999998
503	3	569.290303548177	1	569.290303548177	0.0	399.0183333333334
504	9	569.2937418619792	1	569.2937418619792	0.0	402.4817777777778
505	6	569.2954610188805	1	569.2954610188805	0.0	403.92550000000006
506	2	569.312896728516	1	569.312896728516	0.0	455.85999999999996
507	2	569.312469482422	1	569.312469482422	0.0	455.312
508	22	569.3156377618964	1	569.3156377618964	0.0	456.3353181818182
509	9	570.2171291775172	1	570.2171291775173	0.0	607.140888888889
510	22	570.2859829989346	1	570.2859829989347	0.0	276.87054545454544
511	15	570.4203803168405	1	570.4203803168406	0.0	872.1976666666667
512	45	570.4226689091435	1	570.4226689091435	0.0	872.3964444444446
513	6	571.262288411458	1	571.262288411458	0.0	417.41200000000003
514	4	571.3415832519535	1	571.3415832519535	0.0	453.62700000000007
515	72	572.4382375081381	1	572.4382375081386	0.0	790.797861111111
516	3	573.294514973958	1	573.294514973958	0.0	414.30400000000003
517	3	573.294514973958	1	573.294514973958	0.0	414.496
518	2	577.268432617188	1	577.268432617188	0.0	426.89099999999996
519	15	577.3935289171006	1	577.3935289171006	0.0	795.1681333333332
520	38	579.4219520970395	1	579.4219520970393	0.0	800.401263157895
521	39	584.3046186398234	1	584.3046186398234	0.0	417.17535897435897
522	2	584.302480061849	1	584.302480061849	0.0	410.024
523	6	585.274943033854	1	585.274943033854	0.0	744.3363333333333
524	3	585.287272135417	1	585.287272135417	0.0	417.05833333333334
525	3	585.287272135417	1	585.287272135417	0.0	417.25033333333334
526	4	585.295532226563	1	585.295532226563	0.0	435.3760000000001
527	24	586.3191121419271	1	586.3191121419271	0.0	432.48991666666666
528	4	587.3169555664065	1	587.3169555664065	0.0	468.636
529	4	590.2830810546875	1	590.2830810546875	0.0	401.40375000000006
530	3	592.2710266113282	1	592.2710266113282	0.0	424.8026666666667
531	4	592.2710571289065	1	592.2710571289065	0.0	425.2115
532	6	596.3399251302084	1	596.3399251302084	0.0	440.77049999999997
533	4	596.3409118652345	1	596.3409118652345	0.0	440.4045
534	22	598.4514049183236	1	598.4514049183236	0.0	552.5913712121212
535	32	602.2783546447754	1	602.2783546447754	0.0	410.16612499999997
536	2	603.284240722656	1	603.284240722656	0.0	607.115
537	66	608.385561548098	1	608.385561548098	0.0	459.01868181818185
538	12	610.2827962239584	1	610.2827962239584	0.0	196.201
539	10	612.3341562906902	1	612.3341562906902	0.0	429.5517
540	10	612.3341562906902	1	612.3341562906902	0.0	429.74369999999993
541	16	612.3343187967937	1	612.3343187967938	0.0	436.82975
542	4	612.3375244140625	1	612.3375244140625	0.0	440.147
543	9	613.3390096028647	1	613.3390096028647	0.0	459.16322222222226
544	26	614.3504075270434	1	614.3504075270432	0.0	442.3693846153846
545	49	614.4490946036619	1	614.4490946036618	0.0	865.5845918367346
546	11	614.4467422022967	1	614.4467422022966	0.0	865.8102727272727
547	9	615.3084106445314	1	615.3084106445315	0.0	413.2074444444445
548	6	615.3089701334637	1	615.3089701334637	0.0	412.14866666666666
549	66	616.464305530895	1	616.4643055308953	0.0	785.2942424242424
550	23	618.3256915548573	1	618.3256915548573	0.0	405.52573913043483
551	23	618.3256915548573	1	618.3256915548573	0.0	405.71773913043484
552	6	619.3166707356769	1	619.3166707356769	0.0	455.78899999999993
553	13	621.4193796011119	1	621.4193796011119	0.0	789.2637692307692
554	17	623.4476174747243	1	623.4476174747244	0.0	794.7036470588234
555	12	625.5551554361981	1	625.5551554361981	0.0	17.15056944444444
556	6	626.3136494954427	1	626.3136494954427	0.0	413.67216666666667
557	10	626.3134582519531	1	626.3134582519531	0.0	415.1493
558	2	636.397277832031	1	636.397277832031	0.0	474.441
559	6	641.3356933593753	1	641.3356933593753	0.0	193.87000000000003
560	2	642.47705078125	1	642.47705078125	0.0	990.8389999999999
561	2	648.306182861328	1	648.306182861328	0.0	432.705
562	2	648.306182861328	1	648.306182861328	0.0	432.897
563	6	651.565592447917	1	651.565592447917	0.0	17.274694444444442
564	2	652.327178955078	1	652.327178955078	0.0	403.961
565	53	652.4107992304197	1	652.4107992304196	0.0	461.8351132075471
566	6	654.3499145507812	1	654.3499145507812	0.0	425.5636666666666
567	25	655.3390030924481	1	655.3390030924479	0.0	422.80724
568	7	655.339096795945	1	655.339096795945	0.0	424.2435714285714
569	2	657.36474609375	1	657.36474609375	0.0	461.47400000000005
570	46	658.4752396293312	1	658.4752396293313	0.0	858.883608695652
571	14	658.4725559779579	1	658.4725559779579	0.0	858.707285714286
572	64	660.4901180267334	1	660.4901180267334	0.0	780.045
573	2	665.359802246094	1	665.359802246094	0.0	437.572
574	3	665.443837483724	1	665.443837483724	0.0	783.1306666666667
575	6	667.322672526042	1	667.322672526042	0.0	404.31283333333334
576	12	667.472930908203	1	667.472930908203	0.0	788.5413333333333
577	18	669.3177625868058	1	669.3177625868058	0.0	399.01822222222216
578	10	671.303271484375	1	671.3032714843752	0.0	782.6687999999999
579	2	673.349792480469	1	673.349792480469	0.0	431.49399999999997
580	3	673.349833170573	1	673.349833170573	0.0	431.281
581	2	679.302876790365	1	679.302876790365	0.0	411.3925
582	3	679.302876790365	1	679.302876790365	0.0	412.71633333333335
583	4	680.422332763672	1	680.422332763672	0.0	474.89950000000005
584	5	683.3471801757813	1	683.3471801757813	0.0	197.7836
585	6	683.3714090983073	1	683.3714090983073	0.0	434.30616666666657
586	2	683.370391845703	1	683.370391845703	0.0	433.834
587	6	693.3548380533854	1	693.3548380533854	0.0	453.3336666666667
588	48	696.436997519599	1	696.436997519599	0.0	463.3214375
589	30	702.4982957628039	1	702.4982957628037	0.0	853.3253
590	18	702.4984797724974	1	702.4984797724971	0.0	853.5856111111111
591	2	702.936279296875	1	702.936279296875	0.0	475.5595
592	56	704.5158233642579	1	704.5158233642584	0.0	775.1910357142857
593	16	705.3199310302736	1	705.3199310302734	0.0	433.7293125
594	8	711.4994354248049	1	711.4994354248049	0.0	782.57375
595	3	724.3715616861979	1	724.3715616861979	0.0	412.36499999999995
596	2	725.3505706787109	1	725.3505706787109	0.0	416.397
597	12	736.3619435628256	1	736.3619435628256	0.0	398.3594166666666
598	40	740.463286336263	1	740.4632863362629	0.0	465.3274000000001
599	12	741.572499593099	1	741.5724995930988	0.0	19.807166666666667
600	12	743.3922593858507	1	743.3922593858507	0.0	443.6133333333334
601	12	743.3922593858507	1	743.3922593858507	0.0	443.8056666666667
602	5	746.5236450195314	1	746.5236450195314	0.0	848.6767999999998
603	9	746.5240139431426	1	746.5240139431423	0.0	848.7281111111112
604	30	748.5430338541667	1	748.5430338541667	0.0	771.0641333333333
605	7	751.3710239955356	1	751.3710239955356	0.0	257.1
606	2	751.370585123698	1	751.370585123698	0.0	258.47450000000003
607	8	755.3552284240725	1	755.3552284240725	0.0	420.801625
608	10	755.3552795410158	1	755.3552795410158	0.0	421.2875000000001
609	9	756.3524644639755	1	756.3524644639755	0.0	402.95666666666676
610	6	756.351081000434	1	756.351081000434	0.0	402.0581666666667
611	6	766.382486979167	1	766.382486979167	0.0	405.3781666666667
612	3	766.382527669271	1	766.382527669271	0.0	409.83566666666667
613	6	767.4019165039066	1	767.4019165039066	0.0	195.45416666666668
614	2	767.4014739990234	1	767.4014739990234	0.0	194.44650000000001
615	2	773.380737304688	1	773.380737304688	0.0	456.452
616	2	773.380737304688	1	773.380737304688	0.0	456.644
617	15	783.4368733723958	1	783.4368733723958	0.0	405.82873333333333
618	15	783.4368733723958	1	783.4368733723958	0.0	406.0209333333333
619	32	784.4896697998049	1	784.4896697998047	0.0	467.50499999999994
620	3	785.5922241210941	1	785.5922241210941	0.0	768.7296666666665
621	22	792.5694469105115	1	792.5694469105115	0.0	766.7927272727271
622	2	795.408752441406	1	795.408752441406	0.0	413.238
623	2	806.400512695313	1	806.400512695313	0.0	416.1225
624	2	806.400512695313	1	806.400512695313	0.0	416.3145
625	2	808.416961669922	1	808.416961669922	0.0	429.32949999999994
626	2	808.416961669922	1	808.416961669922	0.0	429.52250000000004
627	8	811.3932876586916	1	811.3932876586916	0.0	406.897125
628	2	811.3920135498049	1	811.3920135498049	0.0	406.00449999999995
629	47	817.583477047318	1	817.5834770473183	0.0	619.2028723404255
630	20	828.5133972167971	1	828.5133972167969	0.0	469.0864
631	2	835.44081624349	1	835.44081624349	0.0	425.92949999999996
632	3	835.4408162434898	1	835.4408162434898	0.0	426.99533333333335
633	10	836.5926879882812	1	836.5926879882812	0.0	763.1743000000001
634	4	839.564025878906	1	839.564025878906	0.0	621.20225
635	4	853.4497222900392	1	853.4497222900392	0.0	409.7517500000001
636	11	853.4515935724434	1	853.4515935724434	0.0	411.0622727272728
637	4	855.3821563720704	1	855.3821563720704	0.0	417.12074999999993
638	10	871.4490783691408	1	871.4490783691406	0.0	436.8969
639	11	871.450164794922	1	871.4501647949219	0.0	437.13818181818175
640	10	872.5390258789064	1	872.5390258789063	0.0	469.9574
641	2	879.4544372558595	1	879.4544372558595	0.0	429.664
642	3	879.4585774739584	1	879.4585774739584	0.0	429.74133333333333
643	2	879.478373209635	1	879.478373209635	0.0	404.722
644	2	881.352752685547	1	881.352752685547	0.0	399.1155
645	7	883.4494803292412	1	883.4494803292412	0.0	429.2231428571428
646	6	891.5888061523439	1	891.5888061523439	0.0	19.791583333333335
647	10	895.3956604003906	1	895.3956604003906	0.0	416.10239999999993
648	3	895.3956909179689	1	895.3956909179689	0.0	417.3973333333333
649	6	906.4301215277777	1	906.4301215277777	0.0	402.9943333333334
650	17	906.4289407169117	1	906.4289407169117	0.0	403.97217647058824
651	9	906.4283289026332	1	906.4283289026332	0.0	403.4061111111111
652	18	922.4237026638455	1	922.4237026638455	0.0	400.5589444444444
653	4	922.4231414794922	1	922.4231414794922	0.0	401.24125
654	9	922.4230934425638	1	922.4230934425636	0.0	399.93911111111106
655	20	931.6255218505861	1	931.6255218505861	0.0	554.1305
656	14	931.624221801758	1	931.6242218017579	0.0	554.0586428571428
657	2	934.458618164063	1	934.458618164063	0.0	413.271
658	3	934.458618164063	1	934.458618164063	0.0	414.0159999999999
659	8	936.4750747680664	1	936.4750747680664	0.0	427.380375
660	2	936.488983154297	1	936.488983154297	0.0	427.9325
661	2	936.488983154297	1	936.488983154297	0.0	428.125
662	8	938.421588897705	1	938.421588897705	0.0	408.54200000000003
663	8	938.421588897705	1	938.421588897705	0.0	408.734625
664	9	947.4477878146702	1	947.4477878146702	0.0	441.01888888888885
665	6	947.4473368326823	1	947.4473368326823	0.0	440.34416666666664
666	4	953.606079101563	1	953.606079101563	0.0	554.3405
667	2	967.480010986328	1	967.480010986328	0.0	420.56850000000003
668	5	991.5170471191407	1	991.5170471191407	0.0	442.64360000000005
669	5	997.4572875976562	1	997.4572875976562	0.0	412.335
670	7	1007.5140409923736	1	1007.5140409923736	0.0	425.4264285714285
671	9	1007.5150881166815	1	1007.5150881166815	0.0	425.74677777777777
672	8	1031.588348388672	1	1031.5883483886719	0.0	608.840875
673	8	1031.588348388672	1	1031.5883483886719	0.0	609.033625
674	7	1064.5332815987726	1	1064.5332815987726	0.0	423.2051428571429
675	9	1064.5347018771706	1	1064.5347018771704	0.0	423.47977777777777
676	2	1088.5354614257815	1	1088.5354614257815	0.0	426.48199999999997
677	9	1105.5736219618057	1	1105.5736219618057	0.0	406.7698888888889
678	9	1105.5736219618057	1	1105.5736219618057	0.0	406.9628888888889
679	9	1106.5596245659722	1	1106.5596245659724	0.0	408.6122222222222
680	9	1106.5596245659722	1	1106.5596245659724	0.0	408.80511111111116
681	11	1149.5494606711648	1	1149.5494606711648	0.0	419.82809090909086
682	13	1149.551729642428	1	1149.551729642428	0.0	419.9772307692307
683	2	1149.564208984375	1	1149.564208984375	0.0	419.5435
684	5	1150.541072591146	1	1150.541072591146	0.0	423.3502
685	4	1150.5362040201826	1	1150.5362040201826	0.0	428.33799999999997
686	5	1150.5364827473963	1	1150.5364827473963	0.0	428.1936
687	6	1150.5406222873269	1	1150.5406222873269	0.0	423.76716666666664
688	2	1161.549377441406	1	1161.549377441406	0.0	412.4475
689	2	1177.580444335938	1	1177.580444335938	0.0	441.79449999999997
690	6	1200.554158528646	1	1200.554158528646	0.0	452.10533333333325
691	5	1200.5519531250002	1	1200.5519531250002	0.0	452.29300000000006
692	6	1216.5492960611982	1	1216.5492960611982	0.0	448.28116666666676
693	5	1216.5473876953129	1	1216.5473876953129	0.0	448.1810000000001
694	2	1279.5751953125005	1	1279.5751953125005	0.0	433.095
695	2	1279.5751953125005	1	1279.5751953125005	0.0	433.28799999999995
