row ID,row m/z,row retention time,1-1A01.mzML Peak area,2-6D03.mzML Peak area,3-B2R04.mzML Peak area,4-B2R08.mzML Peak area,5-B2R09.mzML Peak area,6-C2M19.mzML Peak area,7-C2R07_2.mzML Peak area,8-C3M06.mzML Peak area,9-D3M06.mzML Peak area,10-D3M17.mzML Peak area,11-G1M02.mzML Peak area,bkgrnd-marine-broth.mzML Peak area
1,103.05396670386891,16957.684285714287,0,0,0,0,1,1,1,1,1,1,0,0
2,103.05397186279284,16972.9,0,0,0,0,1,1,1,1,1,1,0,0
3,105.06956481933598,18999.77,0,0,0,0,0,0,0,0,0,1,0,0
4,110.00889068179657,6373.091666666666,1,1,1,1,1,1,1,1,1,1,1,1
5,110.00889068179653,7198.364444444444,1,1,1,1,1,1,1,1,1,1,1,1
6,113.033991495768,11399.029999999999,0,0,0,1,0,0,0,0,0,0,0,0
7,113.9631894982382,17771.86695652174,0,0,0,1,0,1,0,0,0,1,1,0
8,116.07022942437102,8635.730000000001,0,0,0,0,0,0,0,0,0,1,0,0
9,116.07022942437102,10414.519999999999,0,0,0,0,0,0,0,0,0,1,0,0
10,116.07022942437102,10425.980000000001,0,0,0,0,0,0,0,0,0,1,0,0
11,117.0728418019039,12495.39610687023,1,1,1,1,1,1,1,1,1,1,1,1
12,117.07281668123105,12450.913999999999,0,1,1,1,1,1,1,1,1,1,1,0
13,117.07286763785909,13343.973035714285,1,1,1,1,1,1,1,1,1,1,1,1
14,117.07308912277222,17911.69875,1,0,1,1,1,1,0,1,1,1,1,1
15,117.07280633724383,12216.401311475409,0,1,1,1,1,1,1,1,1,1,1,0
16,117.07282274998148,7541.447959183673,0,1,1,1,1,1,1,1,1,1,1,0
17,117.07279948366465,13405.526571428572,0,1,1,1,1,1,1,1,1,1,1,0
18,117.07292509936778,22425.65066666667,1,0,1,1,1,1,1,1,1,1,1,1
19,118.08644343239908,9748.537714285714,1,1,0,1,0,1,1,1,1,1,1,1
20,118.08638586542077,9888.723488372094,1,1,0,1,0,1,1,1,1,1,1,1
21,118.08607940673821,9996.675,0,0,1,1,0,0,0,1,1,1,0,1
22,118.08583638932953,12583.550000000001,0,0,0,1,0,1,1,0,1,1,0,0
23,118.08583814832878,12506.833333333334,0,0,0,1,0,1,1,0,1,1,0,0
24,118.08587985568568,12764.039999999999,0,0,0,0,0,0,1,0,1,1,0,0
25,118.08583323160799,9197.44,0,0,1,0,0,0,0,0,0,0,0,0
26,118.086082458496,10806.75,0,0,0,0,0,0,0,0,0,0,1,0
27,120.044278462728,31440.39,0,0,0,0,0,0,0,0,0,1,0,0
28,120.044278462728,31469.879999999997,0,0,0,0,0,0,0,0,0,1,0,0
29,120.08084286041388,18961.947272727273,1,1,1,1,1,1,1,1,1,1,1,1
30,120.08511670430507,16905.05,0,0,0,0,1,1,1,1,0,0,0,1
31,120.08051685680695,17597.8059375,0,0,1,1,1,1,1,1,1,1,1,0
32,120.08300022934426,17086.137272727276,0,1,0,1,0,0,1,1,1,1,0,1
33,120.08511670430507,16893.579999999998,0,0,0,0,1,1,1,1,0,0,0,1
34,120.08051897275452,17111.797021276598,0,0,1,1,1,1,1,1,1,1,1,0
35,120.08304407028928,16985.568571428572,0,1,0,1,0,0,1,1,1,1,0,1
36,120.08098973247456,18909.09942857143,1,1,1,1,1,1,1,1,1,1,1,1
37,120.080488840739,20060.66,0,0,0,0,0,0,1,0,0,0,0,0
38,121.06482518514001,12115.824,1,0,0,1,1,1,1,1,1,1,1,1
39,122.096512031555,19145.964,0,1,1,0,0,1,0,0,0,1,0,0
40,122.096512031555,19157.43,0,1,1,0,0,1,0,0,0,1,0,0
41,122.09605587853316,1139.07,0,0,1,0,1,0,1,0,1,0,1,0
42,122.0960782368975,1129.725,0,0,0,0,0,0,0,0,1,0,1,0
43,122.96373526255316,17541.44875,0,0,0,1,0,0,0,0,0,0,1,0
44,123.04385641346794,12616.653913043478,0,0,0,0,1,1,0,1,0,1,0,1
45,125.98626052903101,6951.5328440366975,1,1,1,1,1,1,1,1,1,1,1,1
46,125.9865172526042,7721.2944,1,1,0,1,0,1,1,0,1,1,0,1
47,127.04962768554701,13807.439999999999,0,0,0,1,0,0,0,0,0,1,0,0
48,127.0496643066408,14944.104000000001,0,0,0,1,0,0,0,0,1,1,0,0
49,127.0497090657556,13795.380000000001,0,0,0,0,0,1,1,0,0,0,0,0
50,127.049743652344,15876.48,0,0,0,0,1,1,1,0,1,0,0,0
51,127.049835205078,18714.093333333334,0,0,0,0,1,1,0,0,1,0,0,0
52,129.06544738769543,9532.051200000002,0,0,1,0,0,0,1,1,1,1,0,0
53,129.0652923583985,9505.8675,0,0,0,1,0,1,0,0,0,0,0,0
54,129.065322875977,9519.480000000001,0,0,0,0,1,0,0,0,0,0,0,0
55,129.065567016602,9830.03,0,0,0,0,0,0,0,0,0,0,1,0
56,129.13820393880198,7347.766666666666,0,0,0,1,0,1,0,0,0,1,0,0
57,130.050085581266,10320.309230769231,1,0,1,1,1,0,0,1,0,1,0,1
58,130.0494519710541,11098.392000000002,0,0,1,1,1,0,0,1,0,1,1,1
59,130.0496414935951,11683.077272727272,0,0,1,1,0,0,0,1,0,1,1,1
60,130.0497896830244,11226.768,0,0,0,0,0,0,0,1,0,1,0,1
61,130.0513526068793,10582.460000000001,1,0,0,0,0,0,0,0,0,0,0,1
62,130.051445007324,10744.89,1,0,0,0,0,0,0,0,0,0,0,0
63,130.085698445638,9050.960000000001,0,0,0,0,1,0,0,0,0,0,0,0
64,130.085698445638,9062.42,0,0,0,0,1,0,0,0,0,0,0,0
65,130.09766832987475,9019.3575,1,1,1,0,0,0,1,1,1,0,1,1
66,130.122512817383,30660.940000000002,0,1,0,0,0,0,0,0,0,0,0,0
67,130.9661602444119,11624.991666666667,1,1,1,1,0,1,1,0,1,1,1,0
68,131.0488665350552,16742.70206896552,0,0,1,1,1,1,1,1,1,1,1,1
69,131.0488665350552,16754.170344827588,0,0,1,1,1,1,1,1,1,1,1,1
70,131.92940545541867,15751.98338028169,0,0,1,1,1,1,1,0,0,0,1,1
71,131.92937135354055,15194.009333333332,0,0,1,1,1,1,1,0,0,0,1,1
72,131.92925092977703,17179.095789473686,0,0,1,1,1,1,0,0,0,0,0,0
73,132.06501388549802,8556.980000000001,0,0,0,1,0,0,0,0,0,0,0,0
74,132.10912068684866,11847.28,0,0,0,0,0,0,0,0,1,0,0,1
75,132.10740375518824,11733.225,0,0,0,0,0,0,0,1,0,1,1,1
76,132.10164549328044,11594.766,0,0,1,1,1,1,1,1,1,1,1,0
77,132.10373512331475,11822.955789473684,1,1,1,1,0,0,0,0,0,1,1,1
78,132.1015798189394,11656.256470588234,0,0,1,1,1,1,1,1,1,1,1,0
79,132.10205178261742,11438.787692307691,1,1,0,1,0,0,1,1,1,1,1,1
80,132.107116699219,11670.26,0,0,0,0,0,0,0,1,0,1,0,1
81,132.10167401026175,11551.824999999999,0,0,0,1,0,1,1,1,1,1,1,0
82,132.10388546898244,11544.308571428572,1,1,0,1,0,0,0,0,0,0,1,0
83,132.107460021973,11659.980000000001,0,0,0,0,0,0,0,0,0,0,1,1
84,132.1017115853052,13608.919090909096,0,0,1,1,1,0,1,1,1,1,1,0
85,132.1033651595727,12653.485714285716,0,0,1,1,0,0,0,0,0,0,0,1
86,132.10214981984996,15305.64,0,0,1,1,0,0,1,1,1,1,1,1
87,132.10202080328463,14494.24923076923,0,0,1,1,0,0,1,1,1,1,1,1
88,132.10467529296898,11911.439999999999,0,0,0,1,0,0,0,0,0,1,0,0
89,136.0613327026365,11950.95,0,0,0,0,0,0,0,0,1,1,0,0
90,136.0613327026365,11962.439999999999,0,0,0,0,0,0,0,0,1,1,0,0
91,136.061462402344,11820.769999999999,0,0,0,0,1,0,0,1,1,0,0,0
92,136.07557740822833,13915.573846153846,0,1,1,1,1,1,1,1,0,1,1,1
93,137.0455407929001,12309.80210526316,0,0,0,1,1,0,0,1,1,1,1,1
94,137.0455407929001,12321.27789473684,0,0,0,1,1,0,0,1,1,1,1,1
95,137.0462290445965,11959.92,0,0,0,1,0,0,0,0,0,0,0,1
96,138.054718017578,31571.58,0,0,0,0,0,0,0,0,0,1,0,0
97,138.054718017578,31583.07,0,0,0,0,0,0,0,0,0,1,0,0
98,138.0912107987836,12211.047272727272,1,0,0,1,1,1,1,1,1,1,1,0
99,138.0912107987836,12222.52909090909,1,0,0,1,1,1,1,1,1,1,1,0
100,141.95801439183614,21161.875714285714,0,0,1,1,1,1,1,1,0,1,1,0
101,141.9583138499684,20418.620487804877,1,0,1,1,1,1,1,1,0,1,1,1
102,141.95846906022737,19185.42393442623,1,0,1,1,1,1,1,1,1,1,1,1
103,141.95853395408975,19260.70058823529,1,0,1,1,1,1,0,0,1,1,1,1
104,141.95830058319459,19182.03,1,0,1,1,1,1,1,1,0,1,1,1
105,141.95806602377542,22013.18625,0,0,1,1,1,1,1,1,1,1,1,0
106,141.95863363799432,20171.32125,1,0,1,1,1,1,1,0,1,0,1,1
107,141.95851267880843,20180.018181818177,1,0,1,1,1,1,1,0,0,0,1,1
108,144.065007527669,13632.450000000003,0,0,0,0,1,0,0,0,0,0,0,0
109,144.065007527669,13643.93,0,0,0,0,1,0,0,0,0,0,0,0
110,145.07574343213855,29459.497058823526,0,0,1,1,1,1,1,1,1,1,0,0
111,146.0601127624513,26849.094,1,0,0,1,0,1,1,1,1,1,1,1
112,146.0596618652345,26782.32,0,0,0,0,0,1,0,0,1,0,0,0
113,146.09184820001772,9291.624545454544,0,0,0,1,0,1,1,0,0,1,1,0
114,146.091888427734,9254.61,0,0,0,0,0,0,0,0,0,1,0,0
115,146.16537475585938,7192.30275,1,1,0,1,0,1,1,1,1,1,1,1
116,149.05947146208402,16914.405652173915,0,0,0,1,1,1,1,1,1,1,0,1
117,150.0579193859567,10072.56,0,0,0,0,0,1,0,1,1,1,1,1
118,150.059661865234,9835.920000000002,0,0,0,0,0,0,0,0,0,0,0,1
119,151.03532455216583,7099.048656716418,1,1,1,1,1,1,1,1,1,1,1,1
120,151.03532455216583,7110.5310447761185,1,1,1,1,1,1,1,1,1,1,1,1
121,152.056106567383,9352.92,0,0,0,1,0,0,0,0,0,0,1,0
122,152.056079864502,9368.669999999998,0,0,0,1,0,0,0,0,0,0,1,0
123,152.0564749581476,13518.074285714283,0,0,0,0,1,0,0,1,1,1,0,1
124,153.04160766601564,12309.366000000002,0,1,0,0,0,0,0,0,1,0,0,0
125,155.08105675490572,12709.517307692307,0,0,1,1,1,1,1,1,1,1,1,0
126,155.0833049573394,12588.80210526316,1,1,1,0,0,0,1,0,0,0,0,1
127,155.081056064085,12702.875294117644,0,0,1,1,1,1,1,1,1,1,1,0
128,155.0833025331848,12567.53,1,1,1,0,0,0,1,0,0,0,0,1
129,155.08114071932692,14440.641599999999,0,1,1,1,1,1,1,1,1,1,0,0
130,155.0811431487585,14420.803846153845,1,0,1,1,1,1,1,1,1,1,0,0
131,156.101715087891,27870.555,0,1,0,0,0,0,0,0,0,0,0,0
132,157.09686787923195,15288.76888888889,1,1,1,1,1,1,1,1,1,1,0,0
133,158.09211231578476,10205.257090909092,0,0,1,1,1,1,1,1,1,1,1,1
134,158.099472045898,27498.0,0,0,0,0,0,0,0,0,0,0,1,0
135,158.96109798036767,17807.443448275862,0,0,1,1,0,0,0,0,0,0,1,1
136,158.963729858398,7855.34,0,0,0,0,0,0,0,0,0,0,1,0
137,160.07571354618764,13535.16111111111,1,1,1,1,0,1,1,1,1,1,0,0
138,160.13258361816403,8867.050000000001,0,0,1,0,0,0,0,0,0,0,0,0
139,160.180470784505,7075.52,0,0,0,0,0,0,0,0,0,1,0,0
140,165.0542714045599,12465.101538461542,0,0,1,1,1,1,1,1,0,1,1,1
141,165.05434445981635,12483.506666666664,0,0,1,1,1,1,1,1,0,1,1,1
142,166.08612504182034,16296.599999999999,0,0,0,1,1,1,1,0,0,1,0,0
143,166.08625664759145,16355.803636363633,0,1,1,1,1,1,1,1,0,1,0,0
144,166.09184983197395,17050.122352941176,0,0,0,1,1,0,1,1,1,1,0,1
145,166.08608404946986,18414.51829787234,0,0,1,1,1,1,1,1,1,1,1,0
146,166.08843711570438,17427.746666666666,1,1,0,0,0,0,0,1,1,0,1,1
147,166.09184983197395,17061.610588235293,0,0,0,1,1,0,1,1,1,1,0,1
148,166.0860952152835,18496.874831460675,0,0,1,1,1,1,1,1,1,1,1,0
149,166.08844356047783,17479.864615384613,1,1,0,0,0,0,0,1,1,0,1,1
150,169.0757857102615,27301.860000000004,0,0,1,1,1,1,1,0,1,1,1,1
151,169.09681136519805,15585.243333333334,0,1,1,1,1,1,1,1,1,1,0,0
152,170.118057250977,29989.06,0,1,0,0,0,0,0,0,0,0,0,0
153,170.118057250977,30000.539999999997,0,1,0,0,0,0,0,0,0,0,0,0
154,173.09155782063797,9073.12,0,0,0,0,0,0,0,0,0,1,0,0
155,174.05426025390597,12673.146666666667,0,0,1,0,1,0,0,0,0,1,0,0
156,174.054270426432,12576.57,0,0,0,0,1,0,0,0,0,0,0,0
157,174.112360636393,27917.179999999997,0,1,0,0,0,0,0,0,0,0,0,0
158,174.112360636393,27841.739999999998,0,1,0,0,0,0,0,0,0,0,0,0
159,175.1085001627605,11675.220000000001,0,0,1,0,0,0,0,1,1,0,0,1
160,175.1184046128218,8500.94294117647,0,0,1,0,0,0,1,1,1,1,1,0
161,176.1277340975671,24911.601818181818,0,0,0,0,0,1,0,0,1,1,0,0
162,180.104133605957,28179.15,1,0,0,0,0,0,0,0,0,0,0,0
163,180.104133605957,28190.64,1,0,0,0,0,0,0,0,0,0,0,0
164,182.0811017717634,12409.007142857141,0,1,1,1,1,1,1,1,0,1,1,1
165,182.96271659232488,6864.992432432433,1,1,1,1,1,1,1,1,1,1,1,1
166,182.96271659232488,6876.481621621621,1,1,1,1,1,1,1,1,1,1,1,1
167,183.0916442871093,27805.859999999993,1,1,1,1,1,1,1,0,1,1,0,1
168,183.091320037842,27941.489999999998,0,0,0,1,0,0,0,1,0,0,0,0
169,183.0912551879883,27928.84,0,0,0,1,1,0,0,1,0,0,0,0
170,183.164527893066,9372.465,0,1,0,0,0,0,0,0,0,0,0,0
171,185.09266323513455,11810.28,1,1,1,0,1,1,0,0,0,0,0,0
172,185.0914306640625,11864.16,0,0,1,1,0,0,0,0,0,0,0,0
173,185.0914878845215,11955.33,0,0,0,0,0,1,1,0,0,0,0,0
174,185.11024239994893,1082.3304225352115,0,1,1,1,1,1,1,1,1,1,1,0
175,185.11035010727844,1083.6022727272727,1,1,1,1,1,1,1,1,1,1,1,1
176,185.11062848703858,2128.425555555556,1,1,1,1,1,1,1,1,1,1,1,1
177,185.11039915192455,1130.0801176470588,1,1,1,1,1,1,1,1,1,1,1,1
178,185.1102536002812,1294.516853146853,0,1,1,1,1,1,1,1,1,1,1,0
179,185.11031272374493,1857.9554545454546,0,1,1,1,1,1,1,1,1,1,1,1
180,186.22164751114994,31886.872894736847,0,1,1,1,1,1,1,1,1,1,1,0
181,188.0705655779157,26189.32457142857,0,0,1,0,1,1,1,1,1,1,1,1
182,188.128514607747,29900.0,0,1,0,0,0,0,0,0,0,0,0,0
183,188.128514607747,29911.460000000003,0,1,0,0,0,0,0,0,0,0,0,0
184,189.08671358548685,16044.874615384615,0,0,1,0,1,0,1,1,1,0,1,1
185,189.08642055804918,16102.744615384614,0,0,1,0,1,0,1,1,1,0,1,1
186,189.0876655578615,16008.869999999999,0,0,0,0,0,0,0,0,0,0,1,1
187,189.12346204121928,17701.431,0,0,1,0,0,0,0,1,1,0,0,1
188,189.12272516886415,16584.03,0,0,1,0,0,0,0,1,1,0,0,0
189,195.061655680339,29385.5,0,0,0,1,0,0,0,0,0,0,0,0
190,195.11223411560067,23219.413750000003,0,0,1,1,1,1,1,1,1,1,0,0
191,198.9402171359974,6938.043370786517,1,1,1,1,1,1,1,1,1,1,1,1
192,202.18009818137207,9250.420540540543,1,1,1,1,1,1,1,0,0,0,1,0
193,203.2228698730469,7173.946000000001,0,0,0,1,0,1,1,0,0,1,0,1
194,205.09711172921328,26178.83485714286,0,0,1,0,1,1,1,1,1,1,1,1
195,211.10782490079367,14866.839047619047,1,1,1,1,1,1,1,1,1,1,0,1
196,211.144157110476,28341.15705882353,1,1,1,1,1,1,1,1,1,1,1,1
197,212.102447509766,12030.0,0,0,1,1,0,0,0,0,0,0,0,0
198,214.91772842407218,7130.445833333333,1,1,1,1,1,1,1,1,1,1,1,1
199,215.139483981662,12259.076666666668,0,0,0,0,0,0,0,1,1,0,0,1
200,216.097147623698,11575.5,0,0,0,0,0,0,1,0,0,1,0,0
201,217.15511915418836,14208.733333333334,0,0,0,0,0,0,0,1,1,0,0,1
202,220.11821831597203,20302.320000000003,1,0,0,1,0,1,0,0,0,0,0,0
203,221.0913550967263,13515.64,0,0,1,1,1,1,1,1,1,1,0,0
204,222.1123046875,30891.349999999995,0,1,0,0,0,0,0,0,0,0,0,0
205,223.1081314086915,25181.302499999998,0,0,0,0,0,0,0,1,1,0,0,1
206,223.98925586456957,6946.089574468083,1,1,1,1,1,1,1,1,1,1,1,1
207,226.1542236636382,11011.985454545455,0,0,1,0,1,1,1,1,1,1,0,0
208,226.95100402832,7758.56,0,0,0,0,0,0,0,0,0,0,1,0
209,226.982828776042,30916.460000000003,0,0,1,0,0,0,0,0,0,0,0,0
210,227.10184605916325,16752.435,0,0,1,1,1,1,1,1,1,1,0,0
211,227.13888219197605,27123.424000000003,1,1,1,1,1,1,1,1,1,1,1,1
212,227.1418431599935,27049.188000000002,1,0,0,0,0,0,0,0,0,0,0,1
213,229.11766967773403,8768.060000000001,0,0,0,0,0,0,0,0,0,1,0,0
214,229.11766967773397,25480.880000000005,0,0,0,0,0,0,0,0,0,1,0,0
215,229.1548730151144,21666.926470588234,0,0,0,1,0,0,0,1,1,0,0,1
216,230.11259460449202,12147.945,0,0,1,0,0,0,1,0,0,0,0,0
217,230.24859534369565,34434.03916666667,1,1,1,1,1,1,1,1,1,1,1,1
218,231.17056337992335,21740.028749999998,0,0,0,0,0,0,0,1,1,0,0,1
219,235.1182144165037,9392.853,0,0,1,1,1,1,1,1,1,1,1,0
220,237.0864495942087,12785.824363636362,1,0,1,1,1,1,1,1,1,1,0,1
221,237.0879249572755,13256.07,1,0,0,1,0,0,0,0,0,0,0,0
222,237.088798522949,12757.95,0,0,0,0,0,0,0,0,0,0,0,1
223,239.96679306030273,6966.38,1,1,1,1,1,1,1,1,1,1,1,1
224,243.13431482729698,28039.625217391305,1,0,1,0,1,0,0,1,1,1,0,1
225,245.1282760620116,28879.142999999993,1,1,1,1,1,1,1,1,1,1,0,1
226,245.14966349283853,12533.001600000001,1,0,0,0,0,1,1,0,0,1,0,0
227,247.12796824319014,23423.182500000003,0,0,0,1,0,1,0,0,0,1,0,0
228,254.16113220214834,11909.9208,1,1,1,1,1,1,1,1,1,1,1,1
229,256.1742004394534,21930.863999999998,0,0,0,1,0,1,1,0,0,0,0,0
230,258.2798724704319,38125.823333333334,1,1,1,1,1,1,1,1,1,1,1,1
231,260.123764038086,24903.344999999998,0,0,0,0,1,0,0,1,0,0,0,0
232,260.19682617187516,11533.974,0,0,0,0,0,0,0,1,1,0,0,1
233,261.1228884742373,27521.21314285714,0,1,1,1,1,1,1,1,1,1,1,0
234,261.1234490810296,28088.095384615382,1,1,1,1,1,1,1,1,1,1,1,1
235,261.12654215494786,27528.347999999998,1,0,0,0,0,0,0,0,0,0,0,1
236,263.13856506347645,26233.08,0,0,0,0,0,1,0,0,1,0,0,0
237,263.13994750976565,26191.571999999996,0,0,0,0,0,1,0,0,1,0,0,1
238,265.01574283175995,7112.3125,1,1,1,1,1,1,1,1,1,1,1,1
239,268.10450526646224,11804.230000000001,1,1,1,1,1,1,1,1,1,1,0,1
240,268.138824462891,11895.06,0,0,0,1,0,0,0,0,0,0,0,0
241,268.139572143555,11379.5,0,0,0,0,0,0,0,0,0,0,1,0
242,269.08759307861317,13009.57125,0,0,0,0,1,0,0,1,1,0,0,1
243,270.14387003580737,11660.099999999999,0,0,0,1,0,1,0,0,0,0,0,0
244,270.19151814778667,24016.66,0,0,0,1,0,1,0,0,0,1,0,0
245,273.187754313151,12007.699999999999,0,1,0,0,0,0,0,0,0,0,0,0
246,273.187754313151,12056.130000000001,0,1,0,0,0,0,0,0,0,0,0,0
247,274.1761561802455,21525.242142857143,0,0,1,0,1,0,0,1,1,0,0,1
248,274.274761672247,32459.801142857144,1,1,1,1,1,1,1,1,1,1,1,1
249,279.13316345214895,21646.49,0,0,0,0,0,1,0,0,0,1,0,0
250,279.133605957031,26146.23,0,0,1,0,0,0,0,0,0,0,0,0
251,281.112335205078,26212.95,0,0,0,1,0,0,0,0,0,0,0,0
252,282.118576049805,14076.08,0,0,0,0,0,0,0,0,0,1,0,0
253,282.118576049805,14087.54,0,0,0,0,0,0,0,0,0,1,0,0
254,282.11890411376953,15722.980000000001,0,0,0,0,0,0,0,0,1,1,0,0
255,283.1754976160386,25261.52470588235,1,0,0,1,1,1,0,0,1,1,1,1
256,284.09883422851556,13259.55,0,0,0,0,1,0,0,1,1,1,0,1
257,286.138763427734,9026.679999999998,0,0,0,0,0,1,0,0,0,0,0,0
258,286.1751607259116,23565.885,0,0,1,0,1,1,1,1,1,0,0,0
259,286.2202131283636,36438.98225,1,1,1,1,1,1,1,1,1,1,1,1
260,286.21957861858846,41944.53,0,0,0,1,0,0,0,1,0,0,0,0
261,286.219560706097,42896.22,0,0,0,0,1,0,0,0,0,1,0,0
262,286.21967438080526,33271.44,0,1,0,0,0,1,0,1,0,0,1,0
263,286.2196004649135,42378.06,0,0,0,0,0,1,0,0,0,1,0,0
264,286.21961245329453,41392.44,0,1,0,0,0,0,0,0,1,0,0,0
265,286.21965715509924,42294.600000000006,0,1,1,0,0,0,0,0,0,0,1,0
266,286.219603165336,42620.67,0,1,0,0,0,0,0,0,0,0,0,0
267,286.219673488451,40105.68,0,0,1,0,0,0,1,0,0,0,0,0
268,286.219649605129,41369.16,0,0,0,0,0,0,1,0,1,0,0,0
269,287.122741699219,13585.529999999999,0,0,0,0,1,0,0,0,0,0,0,0
270,288.117767333984,11625.45,0,0,0,0,0,1,0,0,0,0,0,0
271,290.13376496967527,13765.956315789474,0,0,1,1,1,1,0,1,1,1,0,0
272,291.2535412064016,50126.95770491803,1,1,1,1,1,1,1,1,1,1,0,1
273,295.020385742188,30786.02,0,0,1,0,0,0,0,0,0,0,0,0
274,298.2555847167968,55784.85918367347,0,1,1,1,1,1,1,1,1,1,0,0
275,300.20197237454937,25213.366153846153,1,1,0,1,0,1,0,0,0,1,1,0
276,300.2023963928224,25286.010000000002,0,1,0,0,1,0,1,1,0,0,0,1
277,300.217569986979,43629.3,0,1,0,0,0,0,0,0,0,0,0,0
278,302.170013427734,12464.580000000002,0,0,0,0,0,0,1,0,0,0,0,0
279,302.2869415283204,1191.0678333333335,0,1,1,1,1,1,1,1,1,1,1,0
280,304.212707519531,34679.916,0,0,1,0,0,0,0,0,0,0,0,0
281,304.23011188347436,33253.03829545455,1,1,1,1,1,1,1,1,1,1,1,1
282,304.3010493687222,38599.95071428572,1,1,1,1,1,1,1,1,1,1,1,1
283,305.304153442383,38764.17,0,0,0,0,0,0,0,1,0,0,0,0
284,307.18506876627595,21799.91,0,0,0,1,0,1,0,0,0,0,0,0
285,308.2802031545929,50160.99909090909,1,1,1,1,1,1,1,1,1,1,0,1
286,311.1750030517578,29941.315000000002,0,0,1,0,1,1,0,1,1,1,0,0
287,312.154205322266,11652.21,0,0,0,1,0,0,0,0,0,0,0,0
288,312.154296875,11611.740000000002,0,0,0,1,0,1,0,0,0,0,0,0
289,316.2120344373913,25863.626666666667,1,0,0,1,0,1,0,0,0,1,0,0
290,317.1809365092843,15251.441739130436,0,0,1,0,1,0,0,1,1,0,0,0
291,318.12916259765643,24829.104,0,0,1,0,1,0,1,1,1,0,0,1
292,320.159744262695,26714.249999999996,0,0,0,0,0,0,0,0,0,1,0,0
293,327.2010726928713,25905.315,1,1,0,1,0,1,0,0,0,1,0,0
294,328.26929716805745,33500.748527607364,1,1,1,1,1,1,1,1,1,1,1,1
295,328.268135541751,31217.16,0,0,0,1,1,0,0,0,0,0,0,0
296,328.268290259786,30560.85,0,0,0,0,0,0,0,1,1,0,0,0
297,328.2708063895385,32110.47,0,0,0,0,0,0,0,0,0,0,1,1
298,329.181060791016,12503.91,0,0,0,0,0,0,0,0,1,0,0,0
299,329.27061824798574,28383.418328125,0,1,1,1,1,1,1,1,1,1,1,0
300,331.1973124186198,17155.028000000002,0,0,1,0,1,0,0,1,1,0,0,1
301,332.3313496907554,42574.58,0,1,1,1,1,1,1,1,1,1,1,0
302,332.3370012555806,43090.56,1,0,0,0,0,0,0,1,0,0,0,1
303,333.335652669271,42785.64,0,0,0,0,0,0,0,1,0,0,0,0
304,335.28032759545556,49703.08732394366,1,1,1,1,1,1,1,1,1,1,1,1
305,336.15453084309905,23366.72,0,0,0,0,0,0,1,0,0,0,0,0
306,343.196228027344,16594.89,0,0,0,0,1,0,0,0,0,0,0,0
307,344.22773950750184,25929.140454545457,1,1,1,1,1,1,1,1,1,1,1,1
308,345.248825073242,29211.6,0,0,1,0,0,0,0,0,0,0,0,0
309,346.27714913286155,37184.61523502304,1,1,1,1,1,1,1,1,1,1,1,1
310,346.277022251636,45605.369999999995,0,0,0,0,0,0,1,0,0,0,1,0
311,351.21145629882847,25304.82,0,0,0,1,0,1,0,0,0,0,0,0
312,352.307147555881,49624.64833333334,1,1,1,1,1,1,1,1,1,1,1,1
313,355.2635171508788,37123.8504,1,1,1,1,1,1,1,1,1,1,0,1
314,355.263631184896,37129.035,0,0,0,0,0,0,0,0,1,0,0,0
315,357.211395263672,23618.940000000002,0,0,1,0,0,0,0,0,0,0,0,0
316,358.24085823434297,36856.99967213114,0,1,1,1,1,1,1,1,1,1,1,0
317,358.240930601608,36520.09395348838,0,1,1,1,1,1,1,1,1,1,1,0
318,359.19211687360485,15839.244285714283,0,0,1,0,1,0,1,1,1,0,1,1
319,359.28984451293974,50278.77375,0,1,0,1,1,1,1,0,1,0,0,0
320,360.36265965511905,47225.69684210526,1,1,1,1,0,1,1,1,1,1,0,0
321,362.92556762695307,8077.8499999999985,0,0,0,0,0,0,0,0,0,0,1,0
322,370.295084635417,57711.768000000004,0,0,0,0,0,0,1,0,0,0,0,0
323,371.154459635417,13287.160000000002,0,0,0,0,0,0,0,0,0,1,0,0
324,371.2268502371653,26448.480000000003,0,0,1,0,0,0,1,1,0,0,1,0
325,371.22789353590775,26352.258461538466,1,1,0,1,0,1,0,0,0,1,0,0
326,371.22793579101597,25382.789999999997,0,0,0,0,0,0,0,1,1,0,0,0
327,373.2747123209634,36989.505600000004,1,1,1,1,1,1,1,1,1,1,0,1
328,373.27376641167507,37045.600000000006,0,1,1,0,1,1,1,1,1,1,0,0
329,379.3061900419347,49250.096470588236,1,1,1,1,1,1,1,1,1,1,1,1
330,383.228668212891,25464.300000000003,0,0,0,0,0,0,0,1,0,0,0,0
331,385.2446411132811,26760.816,0,0,1,0,1,0,0,1,1,0,0,1
332,388.25452232360834,26345.33571428572,1,1,1,1,1,1,1,1,1,1,1,1
333,392.1803471491887,16729.795384615387,0,0,1,1,1,1,1,1,1,1,1,0
334,393.176005045573,24938.680000000004,0,0,1,0,0,0,1,0,0,0,0,0
335,393.2086181640624,26328.647999999997,0,1,0,1,0,1,0,0,1,1,0,0
336,393.20854759216286,26315.872499999998,0,1,0,1,0,1,1,0,0,1,0,0
337,393.208511352539,26393.48,0,0,1,0,0,1,0,1,0,0,0,0
338,395.2379913330075,25979.535,0,0,0,1,0,1,0,0,0,0,0,0
339,396.33476003011066,49109.8425,1,1,1,1,1,1,1,1,1,1,1,1
340,398.326232910156,1076.055,0,0,0,0,0,0,1,0,0,0,0,0
341,401.2895843505861,49163.478,1,1,1,1,1,1,1,1,1,1,0,1
342,401.289476182726,49274.74,0,1,0,1,0,0,0,0,0,1,0,0
343,401.29032389322947,49311.81,0,1,0,1,0,0,0,0,0,0,0,0
344,403.31761112919565,49700.2,1,0,0,0,0,0,0,1,0,0,1,1
345,407.21237182617205,21307.399999999998,0,0,0,0,1,0,0,0,0,0,0,0
346,413.348892211914,38149.259999999995,0,0,0,0,0,0,0,0,1,0,0,0
347,414.23333740234364,23060.748888888887,0,0,1,0,1,0,1,1,1,0,0,0
348,415.21086120605503,43865.895,0,0,0,0,0,0,1,1,0,1,0,0
349,415.2538370325947,26702.595652173906,1,1,1,1,1,1,1,1,1,1,0,1
350,415.252705891927,26116.019999999997,0,0,0,1,0,0,0,0,0,0,0,0
351,416.336588541667,1033.158333333333,0,0,0,0,0,0,1,0,0,0,0,0
352,417.203094482422,25190.085,1,0,0,0,0,0,0,0,0,0,0,0
353,419.2288258870445,27495.155,0,0,1,0,1,0,0,1,1,0,0,1
354,423.3326147830846,48835.75727272727,1,1,1,1,1,1,1,1,1,1,0,1
355,426.233032226563,24141.17,0,0,0,1,0,0,0,0,0,0,0,0
356,426.3215767996653,37063.36071428572,1,1,1,1,1,1,1,1,1,1,0,0
357,426.32111150568176,37028.05636363636,0,1,1,1,1,1,0,0,1,1,0,0
358,427.2289123535155,24580.395,0,0,1,0,1,0,0,1,0,0,1,0
359,428.25024668375653,25463.78,0,0,1,0,1,0,0,1,1,0,1,1
360,430.2294769287109,24908.68875,0,0,1,0,1,0,1,1,1,1,1,1
361,430.24343695156836,28271.509565217395,1,1,1,1,1,1,1,1,1,1,0,0
362,430.2434255811904,28288.705,1,1,1,1,1,1,1,1,1,1,0,0
363,430.29499816894497,33086.009999999995,0,1,0,0,0,0,0,0,0,1,0,0
364,430.91259765625,7965.610000000001,0,0,0,0,0,0,0,0,0,0,1,0
365,431.20654296875006,32159.31,1,1,0,0,0,0,0,0,0,0,0,0
366,431.248886108398,24877.380000000005,0,0,0,0,0,1,0,0,0,0,0,0
367,432.2811311180911,26675.2047761194,1,1,1,1,1,1,1,1,1,1,1,1
368,433.24365234375,28024.275,0,0,1,0,0,0,0,0,1,0,0,0
369,437.2343114217125,26642.489999999998,0,0,0,1,0,1,0,0,0,0,0,0
370,437.2343114217125,26599.77,0,0,0,1,0,1,0,0,0,0,0,0
371,437.23461151123047,26691.0,0,0,0,0,1,0,0,0,1,0,0,0
372,437.2373962402345,26731.08,0,0,1,0,0,0,0,0,0,0,0,1
373,437.234954833984,26662.5,0,0,0,0,0,0,0,0,0,1,0,0
374,439.2664794921877,26393.4525,1,0,0,1,0,1,0,0,0,0,0,0
375,440.21534423828115,25717.056,1,1,0,0,0,0,0,0,0,1,0,0
376,440.242980957031,24544.199999999997,1,0,0,0,0,0,0,0,0,0,0,0
377,440.25015976849716,25734.412941176473,0,0,1,1,1,0,0,1,1,0,1,1
378,440.3609686065138,48626.35263157895,1,1,1,1,1,1,1,1,1,1,1,1
379,440.3610275995164,48640.63885714286,1,1,1,1,1,1,1,1,1,1,1,1
380,440.4112114539514,43776.04846153846,1,1,1,0,1,1,1,1,0,1,0,1
381,440.4112114539514,43787.556923076925,1,1,1,0,1,1,1,1,0,1,0,1
382,442.263656616211,25906.32,0,0,1,0,0,0,0,0,0,0,1,0
383,444.2885468311797,36539.14384615384,0,1,1,1,1,1,1,1,1,1,1,0
384,444.29777155695734,44189.27432432433,1,1,1,1,1,1,1,1,1,1,0,1
385,445.314494413488,48711.45176470588,1,1,1,1,1,1,1,1,1,1,0,0
386,445.31363278343554,48867.16285714286,0,1,1,1,1,1,1,0,1,1,0,0
387,446.186462402344,11627.880000000001,0,0,1,0,0,0,0,0,0,0,0,0
388,446.22302100771947,20912.14285714286,0,0,1,0,1,0,0,1,1,0,0,0
389,447.3449577562735,49222.08,1,0,0,0,0,0,0,0,0,1,1,1
390,448.3059305826824,33111.38,0,1,1,1,1,1,1,1,1,1,0,0
391,448.3066239790482,33117.42272727274,1,1,1,1,1,1,1,1,1,1,0,0
392,448.305887858073,32990.130000000005,0,0,1,0,0,0,1,0,0,0,0,0
393,448.30598449706997,33154.53,0,0,0,0,0,0,1,0,0,1,0,0
394,449.20156860351557,16846.735,0,0,0,1,0,0,0,0,0,1,0,0
395,450.3221333821615,38303.25130434783,1,1,1,1,1,1,1,1,1,1,0,1
396,450.3215810139973,38325.042,0,1,1,0,0,1,1,1,1,1,0,0
397,450.3245951334635,38297.4,0,0,0,1,0,0,0,0,0,0,0,1
398,450.3245951334635,38359.770000000004,0,0,0,1,0,0,0,0,0,0,0,1
399,452.276545206706,41023.259999999995,0,0,0,0,0,1,0,0,0,0,0,0
400,452.276545206706,42139.14,0,0,0,0,0,1,0,0,0,0,0,0
401,453.718322753906,24338.699999999997,0,0,0,0,0,0,1,0,0,0,0,0
402,456.24716186523455,25451.760000000002,0,0,0,0,0,0,0,1,0,0,0,1
403,458.261513449929,25551.16363636364,0,0,1,0,1,0,0,1,1,0,0,1
404,458.261983235677,25723.320000000003,0,0,0,0,0,0,0,0,1,0,0,1
405,459.279890580611,26991.807272727274,1,1,0,1,1,1,1,1,1,1,0,0
406,460.2406446668835,25049.326666666668,0,0,1,0,1,0,0,1,1,0,0,1
407,466.3173789130317,32989.662000000004,1,1,1,1,1,1,1,1,1,1,1,1
408,466.31719830392416,32972.482758620696,1,1,1,1,1,1,1,1,1,1,1,1
409,467.300354003906,28301.16,0,0,0,1,0,1,0,0,0,0,0,0
410,467.3579054612381,48434.25076923077,1,1,1,1,1,1,1,1,1,1,0,0
411,470.3318317119893,39301.153846153844,0,1,0,1,1,1,1,0,1,0,0,0
412,472.275054931641,26290.14,0,0,0,1,0,0,0,0,0,0,0,0
413,472.275054931641,26301.63,0,0,0,1,0,0,0,0,0,0,0,0
414,476.3078702290852,26942.8275,1,1,1,1,1,1,1,1,1,1,1,1
415,476.306193033854,27153.3,0,0,1,0,1,0,0,1,0,0,0,0
416,477.3329037064355,37090.74,1,1,1,1,1,1,1,1,1,1,0,1
417,480.27746582031233,36406.88,0,0,1,0,0,0,1,0,0,1,0,0
418,480.2775650024415,36175.965000000004,0,1,0,1,0,1,1,0,0,0,0,0
419,481.26133219401055,26946.97565217391,1,1,1,0,1,1,1,1,1,1,0,0
420,481.2628343370227,26947.660000000003,0,1,0,0,0,1,0,0,0,0,0,1
421,482.36810796828496,53386.33028571428,0,1,1,0,1,1,1,1,1,1,0,0
422,482.36811319986987,53384.547692307686,0,1,0,0,1,1,1,1,1,1,0,0
423,483.04963684082077,16971.495,0,0,0,0,0,1,0,0,0,1,0,0
424,483.25013501716387,43721.876363636366,1,1,1,1,1,1,1,1,1,1,0,1
425,483.2914672851563,26736.140999999996,1,1,1,1,1,1,1,1,0,1,0,0
426,484.3244093718352,1157.634,0,0,0,1,1,1,1,0,0,0,1,0
427,484.3865271674262,48163.769166666665,1,1,1,1,1,1,1,1,1,1,1,1
428,488.2349461146765,24799.182857142856,0,0,1,1,1,0,1,1,1,0,1,1
429,489.33906046549475,48276.735,0,1,0,0,1,1,0,0,0,1,0,0
430,489.3391850789387,48291.03,0,0,0,1,0,0,1,0,1,0,0,0
431,489.33932136086855,48412.690588235295,0,1,1,1,0,1,1,1,1,1,0,0
432,491.37092420789935,48765.74461538462,1,1,1,1,1,1,1,1,1,1,0,1
433,495.47210458608777,1175.8600000000001,0,1,1,1,0,0,0,0,0,0,0,1
434,495.47210458608777,1176.0507692307692,0,1,1,1,0,0,0,0,0,0,0,1
435,497.270914713542,24209.26,0,0,0,0,0,0,0,0,0,0,1,0
436,498.2896303449357,36130.804285714294,1,1,1,1,1,1,1,1,0,1,0,1
437,498.28937421526217,36138.21857142857,1,1,1,1,1,1,1,1,0,1,0,1
438,498.89985148112004,8117.81,0,0,0,0,0,0,0,0,0,0,1,0
439,499.2128283691408,21654.319200000005,0,0,1,0,1,0,1,1,1,0,0,0
440,499.23629760742193,43757.619999999995,1,0,0,0,0,0,0,0,0,0,0,0
441,500.30391125801276,44160.34153846154,0,1,1,1,1,0,1,1,0,0,0,1
442,500.30466800265845,44183.715000000004,1,1,1,0,1,1,1,1,0,0,0,1
443,511.25713094075496,12055.560000000003,1,0,0,0,0,0,0,0,0,0,0,0
444,511.28753967285166,25870.256999999998,0,0,1,0,1,1,0,1,1,0,1,1
445,511.38290405273426,48022.695,0,1,0,1,0,0,1,0,0,0,0,0
446,512.269755045573,24290.440000000002,0,0,0,0,0,1,0,0,0,0,0,0
447,512.269755045573,24301.94,0,0,0,0,0,1,0,0,0,0,0,0
448,513.265482584635,24848.819999999996,0,0,0,0,0,0,0,0,0,1,0,0
449,513.265482584635,24860.34,0,0,0,0,0,0,0,0,0,1,0,0
450,514.3580457899307,39107.16777777778,0,1,1,1,1,1,1,1,1,1,0,0
451,516.2985935585173,36396.57882352941,0,1,1,1,1,1,1,1,0,1,0,0
452,516.2983427501862,36317.46,0,0,1,1,1,1,0,1,0,0,0,0
453,516.298736572266,36482.58,0,0,0,0,1,0,1,0,0,0,0,0
454,517.2437255859375,34346.892,1,1,0,0,0,0,0,0,0,0,0,0
455,518.3584383451024,38438.140384615384,0,1,1,1,1,1,1,1,1,1,0,0
456,520.334207201761,27197.70666666666,1,1,1,1,1,1,1,1,1,1,1,1
457,520.33295694987,27469.47,0,0,0,0,0,1,1,0,0,0,0,0
458,522.2198028564453,25713.765,0,0,1,0,1,0,1,1,1,0,1,1
459,522.354919433594,47844.0,0,0,1,0,0,0,0,0,0,0,0,0
460,522.354919433594,47855.52,0,0,1,0,0,0,0,0,0,0,0,0
461,525.2877110072544,27223.53428571429,0,0,1,0,0,0,1,1,1,0,0,1
462,525.287584092882,27128.533333333336,0,1,1,1,0,1,0,1,1,1,0,1
463,525.28662109375,27105.84,0,0,0,1,0,1,0,0,0,0,0,0
464,525.2868652343752,27170.865,0,1,0,0,0,0,0,1,0,1,0,0
465,526.2603225708009,11590.522500000001,0,0,1,0,1,0,1,1,1,0,0,0
466,526.3943036397299,52749.075,0,0,1,0,1,1,1,1,1,1,0,0
467,526.396644823479,52809.796363636364,1,1,1,0,1,1,1,1,1,1,0,1
468,527.2812539377522,23953.629677419354,0,0,1,0,1,0,0,1,1,0,1,1
469,527.280914306641,25205.19,0,0,1,0,0,0,0,0,0,0,1,0
470,527.3166775173613,27006.986666666668,1,1,1,1,1,1,1,1,0,1,0,0
471,528.227844238281,11851.169999999998,0,0,0,0,0,1,0,0,0,0,0,0
472,528.412105984158,47780.1725,1,1,1,1,1,1,1,1,1,1,1,1
473,529.2604064941405,23692.62,0,0,1,0,1,0,0,0,0,0,0,0
474,529.296142578125,26192.22,0,0,0,0,0,0,0,0,0,0,1,0
475,530.379280090332,1168.5718749999999,0,1,1,1,1,0,0,0,0,0,0,0
476,531.276000976563,24839.539999999997,0,0,0,0,0,0,0,0,0,0,1,0
477,531.276000976563,24851.06,0,0,0,0,0,0,0,0,0,0,1,0
478,531.3508317188551,52969.91806451612,0,1,1,0,1,1,1,1,1,1,0,1
479,533.3268130722867,36144.86322580646,1,1,1,1,1,1,1,1,0,1,1,1
480,533.3266269259983,36150.78799999999,1,1,1,1,1,1,1,1,0,1,1,1
481,533.3668378194172,47958.271875,1,1,1,1,1,1,1,1,1,1,0,1
482,534.3560230152027,33173.94486486487,1,1,1,1,1,1,1,1,1,1,1,1
483,535.39607540497,48395.852542372886,1,1,1,1,1,1,1,1,1,1,0,1
484,537.266418457031,26712.480000000003,0,1,0,0,0,0,0,0,0,0,0,0
485,537.301513671875,26149.485,0,0,1,0,1,0,0,1,1,0,0,0
486,538.2799682617189,36563.7,0,1,1,1,1,1,1,1,0,1,0,0
487,539.289184570313,23984.530000000002,0,1,0,0,0,0,0,0,0,0,0,0
488,542.3501226251776,1165.5852272727273,0,1,1,1,1,1,1,1,1,1,0,0
489,542.388671875,45309.96,0,0,0,0,0,0,1,0,0,0,0,0
490,543.238372802734,12076.35,0,0,1,0,0,0,0,0,0,0,0,0
491,543.238372802734,12087.869999999999,0,0,1,0,0,0,0,0,0,0,0,0
492,544.770324707031,25461.690000000002,0,0,0,0,0,0,1,0,0,0,0,0
493,553.288696289063,24298.739999999998,0,0,0,0,0,0,0,0,1,0,0,0
494,553.305094401042,25335.460000000003,1,0,0,0,0,0,0,0,0,0,0,0
495,554.2936876085073,23631.61,0,1,0,1,0,0,0,0,0,0,1,0
496,554.4251708984376,1007.6683333333334,0,0,0,0,1,0,1,0,0,0,0,0
497,557.2940673828127,25510.46842105263,1,0,1,0,0,0,1,1,1,0,1,1
498,558.3839950561525,38928.24,0,1,1,1,1,1,1,1,1,1,0,0
499,561.7605285644535,24179.879999999997,0,0,1,0,0,0,1,0,0,0,0,0
500,562.29443359375,27393.36,1,0,0,0,0,0,0,0,0,0,0,0
501,564.35963529699,27396.40852941177,1,1,1,1,1,1,1,1,1,1,1,1
502,568.279296875,11792.730000000001,1,0,0,0,0,0,0,0,0,0,0,0
503,569.290303548177,23941.100000000002,0,0,0,0,0,1,0,0,0,0,0,0
504,569.2937418619792,24148.906666666666,1,0,0,1,0,1,0,0,0,0,0,0
505,569.2954610188805,24235.530000000002,1,0,0,1,0,0,0,0,0,0,0,0
506,569.312896728516,27351.6,0,1,0,1,0,0,0,0,0,0,0,0
507,569.312469482422,27318.72,0,0,0,0,0,1,0,0,0,0,0,0
508,569.3156377618964,27380.11909090909,1,1,1,0,1,1,1,1,1,1,1,1
509,570.2171291775172,36428.45333333334,0,1,1,1,1,1,1,0,0,0,0,0
510,570.2859829989346,16612.232727272727,0,0,1,0,1,0,0,1,1,0,0,0
511,570.4203803168405,52331.86,0,1,1,0,1,1,1,0,1,1,0,0
512,570.4226689091435,52343.786666666674,1,1,1,0,1,1,1,1,1,1,0,1
513,571.262288411458,25044.72,1,0,0,0,0,0,0,0,0,0,0,0
514,571.3415832519535,27217.620000000003,0,0,0,1,0,1,0,0,0,0,0,0
515,572.4382375081381,47447.87166666667,1,1,1,1,1,1,1,1,1,1,1,1
516,573.294514973958,24858.24,1,0,0,0,0,0,0,0,0,0,0,0
517,573.294514973958,24869.76,1,0,0,0,0,0,0,0,0,0,0,0
518,577.268432617188,25613.46,1,0,0,0,0,0,0,0,0,0,0,0
519,577.3935289171006,47710.087999999996,1,1,0,1,1,0,1,0,1,0,0,0
520,579.4219520970395,48024.075789473696,1,1,0,1,1,1,1,0,1,0,0,0
521,584.3046186398234,25030.521538461537,0,1,1,0,1,0,1,1,1,1,1,1
522,584.302480061849,24601.440000000002,0,0,0,0,1,0,0,0,1,0,0,0
523,585.274943033854,44660.18,1,0,0,0,0,0,0,0,0,0,0,0
524,585.287272135417,25023.5,0,0,0,1,0,0,0,0,0,0,0,0
525,585.287272135417,25035.02,0,0,0,1,0,0,0,0,0,0,0,0
526,585.295532226563,26122.56,1,0,0,0,0,0,0,0,0,0,0,0
527,586.3191121419271,25949.395,0,1,1,0,1,0,1,1,1,0,1,1
528,587.3169555664065,28118.16,0,1,0,0,0,0,0,0,1,0,0,0
529,590.2830810546875,24084.225000000002,0,0,1,0,0,0,0,1,0,0,0,0
530,592.2710266113282,25488.160000000003,0,1,0,0,1,0,0,0,0,0,1,0
531,592.2710571289065,25512.69,0,1,0,0,1,0,0,0,0,0,1,0
532,596.3399251302084,26446.23,1,1,1,0,1,0,0,0,1,0,0,0
533,596.3409118652345,26424.269999999997,1,1,1,0,0,0,0,0,1,0,0,0
534,598.4514049183236,33155.48227272727,0,0,1,0,1,0,1,1,0,0,0,0
535,602.2783546447754,24609.9675,1,1,0,1,1,1,1,1,1,0,0,0
536,603.284240722656,36426.9,1,0,0,0,0,0,0,0,0,0,0,0
537,608.385561548098,27541.12090909091,1,1,1,1,1,1,1,1,1,1,1,1
538,610.2827962239584,11772.06,1,0,1,0,1,0,0,1,1,0,1,0
539,612.3341562906902,25773.102000000003,0,1,1,0,1,0,1,1,1,0,0,1
540,612.3341562906902,25784.621999999996,0,1,1,0,1,0,1,1,1,0,0,1
541,612.3343187967937,26209.785,0,1,1,0,1,0,1,1,1,0,1,1
542,612.3375244140625,26408.82,0,0,0,0,0,0,0,0,1,0,0,1
543,613.3390096028647,27549.793333333335,0,1,0,1,0,0,1,0,1,1,0,0
544,614.3504075270434,26542.163076923076,0,0,1,0,1,0,1,1,1,0,1,1
545,614.4490946036619,51935.07551020408,1,1,1,0,1,1,1,1,1,1,0,1
546,614.4467422022967,51948.61636363636,0,0,1,0,1,1,1,1,1,1,0,0
547,615.3084106445314,24792.44666666667,0,0,1,0,1,0,1,1,1,0,0,1
548,615.3089701334637,24728.92,0,0,1,0,1,0,1,0,1,0,0,1
549,616.464305530895,47117.65454545454,1,1,1,1,1,1,1,1,1,1,0,1
550,618.3256915548573,24331.54434782609,1,1,1,0,1,0,1,1,1,0,0,1
551,618.3256915548573,24343.06434782609,1,1,1,0,1,0,1,1,1,0,0,1
552,619.3166707356769,27347.339999999997,1,0,0,0,0,0,0,0,0,0,0,0
553,621.4193796011119,47355.82615384615,1,1,0,1,0,0,1,0,0,0,0,0
554,623.4476174747243,47682.21882352941,1,1,0,1,0,0,1,0,0,0,0,0
555,625.5551554361981,1029.0341666666664,1,1,0,0,0,0,0,0,0,0,0,0
556,626.3136494954427,24820.33,0,1,1,0,0,1,0,0,0,1,0,0
557,626.3134582519531,24908.958,0,1,1,0,0,1,0,1,1,1,0,0
558,636.397277832031,28466.46,0,0,0,0,0,0,0,0,0,1,0,0
559,641.3356933593753,11632.199999999999,0,0,1,0,0,0,1,0,1,0,0,0
560,642.47705078125,59450.34,0,0,0,0,0,0,1,0,0,0,0,0
561,648.306182861328,25962.3,1,0,0,0,0,0,0,0,0,0,0,0
562,648.306182861328,25973.82,1,0,0,0,0,0,0,0,0,0,0,0
563,651.565592447917,1036.4816666666666,0,1,0,0,0,0,0,0,0,0,0,0
564,652.327178955078,24237.66,0,0,0,1,0,0,0,0,0,0,0,0
565,652.4107992304197,27710.10679245283,1,1,1,1,1,1,1,1,1,1,1,1
566,654.3499145507812,25533.819999999996,1,0,0,1,0,0,0,0,0,0,0,0
567,655.3390030924481,25368.4344,0,1,1,0,1,0,1,1,1,1,1,0
568,655.339096795945,25454.614285714284,0,1,0,0,1,0,1,1,1,0,0,0
569,657.36474609375,27688.440000000002,0,0,0,1,0,0,0,0,0,0,0,0
570,658.4752396293312,51533.01652173912,1,1,1,0,1,1,1,1,1,1,0,1
571,658.4725559779579,51522.437142857154,0,0,1,0,1,1,1,0,1,1,0,0
572,660.4901180267334,46802.7,1,1,1,1,1,1,1,1,1,1,0,1
573,665.359802246094,26254.32,0,1,0,0,0,0,0,0,0,1,0,0
574,665.443837483724,46987.840000000004,0,1,0,1,0,0,0,0,0,0,0,0
575,667.322672526042,24258.77,0,0,1,0,1,0,1,0,0,0,0,0
576,667.472930908203,47312.48,0,1,0,1,0,0,1,0,0,0,0,0
577,669.3177625868058,23941.093333333334,0,0,1,0,1,1,0,1,1,0,0,0
578,671.303271484375,46960.128,1,1,1,0,0,0,0,0,0,0,0,0
579,673.349792480469,25889.64,0,0,0,0,0,0,0,1,1,0,0,0
580,673.349833170573,25876.86,0,0,0,0,0,0,1,1,1,0,0,0
581,679.302876790365,24683.550000000003,0,0,0,0,0,0,0,0,0,1,0,0
582,679.302876790365,24762.98,0,0,0,0,0,0,0,0,0,1,0,0
583,680.422332763672,28493.97,0,1,0,0,1,0,0,0,0,0,0,0
584,683.3471801757813,11867.016,0,0,1,0,0,0,1,1,1,0,0,1
585,683.3714090983073,26058.37,0,1,1,0,1,0,1,1,0,0,0,1
586,683.370391845703,26030.04,0,0,0,0,0,0,1,1,0,0,0,0
587,693.3548380533854,27200.02,0,0,0,0,1,0,1,0,0,1,0,0
588,696.436997519599,27799.28625,1,1,1,1,1,1,1,1,1,1,1,1
589,702.4982957628039,51199.518,0,1,1,0,1,1,1,1,1,1,0,0
590,702.4984797724974,51215.136666666665,0,1,1,0,0,1,1,1,1,1,0,0
591,702.936279296875,28533.57,0,0,0,1,0,0,0,0,0,0,0,0
592,704.5158233642579,46511.46214285714,1,1,1,1,1,1,1,1,1,1,0,0
593,705.3199310302736,26023.75875,0,1,1,0,1,0,1,1,1,0,1,1
594,711.4994354248049,46954.425,0,1,0,1,0,0,0,0,0,0,0,0
595,724.3715616861979,24741.899999999998,0,1,0,0,0,0,0,0,0,0,0,0
596,725.3505706787109,24983.82,0,1,0,1,0,0,0,0,0,0,0,0
597,736.3619435628256,23901.565,1,0,1,0,1,0,1,1,0,0,0,0
598,740.463286336263,27919.644000000008,1,1,1,1,1,1,1,1,1,1,0,1
599,741.572499593099,1188.43,0,1,0,0,0,0,0,0,0,0,0,0
600,743.3922593858507,26616.800000000003,0,0,1,0,1,0,1,1,1,0,1,1
601,743.3922593858507,26628.34,0,0,1,0,1,0,1,1,1,0,1,1
602,746.5236450195314,50920.60799999999,0,0,1,0,0,1,1,1,0,0,0,0
603,746.5240139431426,50923.686666666676,0,1,1,0,1,1,1,0,0,0,0,0
604,748.5430338541667,46263.848,1,1,0,1,1,0,1,0,1,0,0,0
605,751.3710239955356,15426.0,0,0,0,0,0,0,1,1,1,0,0,0
606,751.370585123698,15508.470000000001,0,0,0,0,0,0,0,1,0,0,0,0
607,755.3552284240725,25248.097500000003,0,1,0,0,1,0,1,1,1,1,0,0
608,755.3552795410158,25277.250000000004,0,1,1,0,1,0,1,1,1,1,0,0
609,756.3524644639755,24177.400000000005,0,0,1,0,1,0,0,1,1,0,0,1
610,756.351081000434,24123.49,0,0,0,0,1,0,0,1,1,0,0,1
611,766.382486979167,24322.690000000002,1,1,0,0,0,0,0,0,0,0,0,0
612,766.382527669271,24590.14,0,1,0,0,0,0,0,0,0,0,0,0
613,767.4019165039066,11727.25,0,0,1,0,1,0,1,1,1,0,0,0
614,767.4014739990234,11666.79,0,0,0,0,1,0,1,0,0,0,0,0
615,773.380737304688,27387.120000000003,0,1,0,0,0,0,0,0,0,0,0,0
616,773.380737304688,27398.64,0,1,0,0,0,0,0,0,0,0,0,0
617,783.4368733723958,24349.724,0,1,1,0,1,0,1,1,1,0,0,1
618,783.4368733723958,24361.255999999998,0,1,1,0,1,0,1,1,1,0,0,1
619,784.4896697998049,28050.300000000003,1,1,1,1,1,1,1,1,1,1,0,1
620,785.5922241210941,46123.78,0,0,0,0,0,0,0,0,1,0,0,0
621,792.5694469105115,46007.56363636363,1,1,0,1,0,0,1,0,0,0,0,0
622,795.408752441406,24794.28,0,1,0,0,0,0,0,0,0,0,0,0
623,806.400512695313,24967.35,0,0,0,1,0,0,0,0,0,0,0,0
624,806.400512695313,24978.870000000003,0,0,0,1,0,0,0,0,0,0,0,0
625,808.416961669922,25759.77,0,1,0,0,0,1,0,0,0,0,0,0
626,808.416961669922,25771.35,0,1,0,0,0,1,0,0,0,0,0,0
627,811.3932876586916,24413.8275,0,0,1,0,1,0,1,1,1,0,0,1
628,811.3920135498049,24360.269999999997,0,0,0,0,1,0,1,0,0,0,0,0
629,817.583477047318,37152.17234042553,1,1,1,1,1,1,1,1,1,1,0,1
630,828.5133972167971,28145.184,0,1,1,1,1,1,1,1,0,1,0,0
631,835.44081624349,25555.769999999997,1,0,0,0,0,0,0,0,0,0,0,0
632,835.4408162434898,25619.72,1,0,0,0,0,0,0,0,0,0,0,0
633,836.5926879882812,45790.458000000006,0,1,0,1,0,0,0,0,0,0,0,0
634,839.564025878906,37272.134999999995,0,0,0,0,0,0,0,0,1,0,0,0
635,853.4497222900392,24585.105,0,0,1,0,0,0,1,1,1,0,0,0
636,853.4515935724434,24663.736363636366,0,0,1,0,1,0,1,1,1,0,0,1
637,855.3821563720704,25027.244999999995,0,0,0,0,0,1,1,1,0,1,0,0
638,871.4490783691408,26213.814000000002,0,1,1,0,1,0,1,1,1,1,0,0
639,871.450164794922,26228.290909090905,0,1,1,0,1,0,1,1,1,1,0,1
640,872.5390258789064,28197.444,0,1,0,1,0,1,1,1,0,0,0,0
641,879.4544372558595,25779.84,0,1,0,0,0,0,0,0,0,0,1,0
642,879.4585774739584,25784.48,1,1,0,0,0,0,0,0,0,0,1,0
643,879.478373209635,24283.32,1,0,0,0,0,0,0,0,0,0,0,0
644,881.352752685547,23946.93,0,0,0,0,1,0,0,0,0,1,0,0
645,883.4494803292412,25753.388571428568,0,0,1,0,1,0,1,1,1,0,0,0
646,891.5888061523439,1187.4950000000001,0,1,0,0,0,0,0,0,0,0,0,0
647,895.3956604003906,24966.143999999997,0,0,1,0,1,1,1,1,1,1,0,0
648,895.3956909179689,25043.84,0,0,0,0,0,1,1,0,0,0,0,0
649,906.4301215277777,24179.660000000003,0,0,0,0,0,0,1,0,1,1,0,1
650,906.4289407169117,24238.330588235294,0,0,1,0,1,0,1,1,1,1,0,1
651,906.4283289026332,24204.366666666665,0,0,1,0,1,0,0,1,1,1,0,0
652,922.4237026638455,24033.536666666667,0,0,1,0,1,0,1,1,1,1,0,1
653,922.4231414794922,24074.475000000002,0,0,1,0,1,0,0,0,1,1,0,0
654,922.4230934425638,23996.346666666665,0,0,0,0,1,0,1,1,1,1,0,0
655,931.6255218505861,33247.83,1,1,1,1,1,1,1,1,1,1,0,1
656,931.624221801758,33243.51857142857,0,1,0,1,1,1,1,1,1,1,0,0
657,934.458618164063,24796.260000000002,0,0,0,1,0,0,0,0,0,0,0,0
658,934.458618164063,24840.959999999995,0,0,0,1,0,0,0,0,0,0,0,0
659,936.4750747680664,25642.822500000002,0,1,1,0,0,0,1,0,1,1,0,0
660,936.488983154297,25675.95,1,0,0,0,0,0,0,0,0,0,0,0
661,936.488983154297,25687.5,1,0,0,0,0,0,0,0,0,0,0,0
662,938.421588897705,24512.52,0,1,0,0,1,0,1,1,1,1,0,1
663,938.421588897705,24524.0775,0,1,0,0,1,0,1,1,1,1,0,1
664,947.4477878146702,26461.13333333333,0,1,0,0,0,0,1,1,1,1,1,1
665,947.4473368326823,26420.650000000005,0,1,0,0,0,0,1,1,1,1,0,1
666,953.606079101563,33260.43,0,0,0,0,0,0,0,1,0,1,0,0
667,967.480010986328,25234.11,0,0,0,0,1,0,0,0,1,0,0,0
668,991.5170471191407,26558.616,0,0,1,0,1,0,0,1,1,1,0,0
669,997.4572875976562,24740.1,0,0,1,0,1,0,1,1,0,0,0,1
670,1007.5140409923736,25525.58571428571,0,0,1,0,1,0,1,0,1,0,1,1
671,1007.5150881166815,25544.806666666667,0,1,1,0,1,0,1,0,1,0,1,1
672,1031.588348388672,36530.4525,0,1,0,0,1,1,1,1,0,1,0,0
673,1031.588348388672,36542.0175,0,1,0,0,1,1,1,1,0,1,0,0
674,1064.5332815987726,25392.308571428577,0,1,1,0,1,0,1,1,1,1,0,0
675,1064.5347018771706,25408.786666666667,0,1,1,0,1,0,1,1,1,1,0,1
676,1088.5354614257815,25588.92,0,0,0,0,0,0,1,1,0,0,0,0
677,1105.5736219618057,24406.193333333333,0,0,1,0,1,0,1,1,1,1,0,1
678,1105.5736219618057,24417.77333333333,0,0,1,0,1,0,1,1,1,1,0,1
679,1106.5596245659722,24516.733333333334,0,0,1,0,1,0,1,1,1,1,0,1
680,1106.5596245659722,24528.30666666667,0,0,1,0,1,0,1,1,1,1,0,1
681,1149.5494606711648,25189.68545454545,0,0,1,0,1,0,1,1,1,1,0,0
682,1149.551729642428,25198.63384615385,0,0,1,0,1,0,1,1,1,1,0,1
683,1149.564208984375,25172.61,0,0,0,0,0,0,0,0,0,0,0,1
684,1150.541072591146,25401.012,0,0,1,0,0,0,1,0,1,1,0,1
685,1150.5362040201826,25700.28,0,0,0,0,0,1,0,0,0,1,0,0
686,1150.5364827473963,25691.616,0,0,0,0,0,1,1,0,0,1,0,0
687,1150.5406222873269,25426.030000000002,0,1,0,0,0,0,1,0,1,1,0,1
688,1161.549377441406,24746.85,0,0,0,0,0,1,0,0,0,0,0,0
689,1177.580444335938,26507.670000000002,0,0,0,0,0,1,0,0,1,0,0,0
690,1200.554158528646,27126.319999999996,0,0,1,0,1,0,1,1,0,0,0,1
691,1200.5519531250002,27137.579999999998,0,0,1,0,1,0,1,1,0,0,0,1
692,1216.5492960611982,26896.870000000006,0,0,1,0,1,0,1,0,1,0,0,1
693,1216.5473876953129,26890.860000000004,0,0,1,0,1,0,1,0,1,0,0,1
694,1279.5751953125005,25985.699999999997,0,0,0,0,0,1,0,0,0,1,0,0
695,1279.5751953125005,25997.28,0,0,0,0,0,1,0,0,0,1,0,0
