cluster index	number of spectra	parent mass	precursor charge	precursor mass	sum(precursor intensity)	RTMean	ATTRIBUTE_PERFILEGROUPING:GNPSGROUP:bkgrnd-marine-broth.mzML	ATTRIBUTE_PERFILEGROUPING:GNPSGROUP:8-C3M06.mzML	ATTRIBUTE_PERFILEGROUPING	component	SpectrumID	#Scan#	SpectrumFile	LibraryName	MQScore	TIC_Query	RT_Query	MZErrorPPM	SharedPeaks	MassDiff	SpecMZ	SpecCharge	FileScanUniqueID	NumberHits	Compound_Name	Ion_Source	Instrument	Compound_Source	PI	Data_Collector	Adduct	Precursor_MZ	ExactMass	Charge	CAS_Number	Pubmed_ID	Smiles	INCHI	INCHI_AUX	Library_Class	IonMode	Organism	LibMZ	UpdateWorkflowName	LibraryQualityString	tags	molecular_formula	InChIKey	InChIKey-Planar	superclass	class	subclass	npclassifier_superclass	npclassifier_class	npclassifier_pathway	library_usi
1	2	103.054044087728	1	103.054044087728	0.0	283.56750000000005	0	2	8-C3M06.mzML	1																																														
2	3	103.054044087728	1	103.054044087728	0.0	283.7583333333333	0	3	8-C3M06.mzML	1																																														
3	24	110.009194056193	1	110.00919405619295	0.0	116.79225	12	12	bkgrnd-marine-broth.mzML,8-C3M06.mzML	1																																														
4	48	117.07303110758426	1	117.07303110758424	0.0	249.64348611111112	6	42	bkgrnd-marine-broth.mzML,8-C3M06.mzML	-1																																														
5	36	118.08659829033752	1	118.0865982903376	0.0	166.3239166666667	18	18	bkgrnd-marine-broth.mzML,8-C3M06.mzML	-1																																														
6	23	120.08144677203644	1	120.08144677203644	0.0	308.0209565217391	12	11	bkgrnd-marine-broth.mzML,8-C3M06.mzML	1																																														
7	6	120.08535639445016	1	120.08535639445016	0.0	282.3058333333334	3	3	bkgrnd-marine-broth.mzML,8-C3M06.mzML	1																																														
8	23	120.08144677203644	1	120.08144677203644	0.0	308.2121739130435	12	11	bkgrnd-marine-broth.mzML,8-C3M06.mzML	1																																														
9	6	120.08535639445016	1	120.08535639445016	0.0	282.4968333333333	3	3	bkgrnd-marine-broth.mzML,8-C3M06.mzML	1																																														
10	12	121.06523768107098	1	121.065237681071	0.0	202.5745833333333	6	6	bkgrnd-marine-broth.mzML,8-C3M06.mzML	1	CCMSLIB00003134604	10.0	specs_ms.mgf	GNPS-NIST14-MATCHES.mgf	0.967046	58932.6	201.816	16095.4	6.0	1.98045	121.065	1.0	temp/specs_ms.mgf10	1.0	Spectral Match to Benzoic acid from NIST14	ESI	QQQ	Isolated	Data from Rob Knight	Data deposited by aaksenov	M+H	123.045	122.037	1.0	65850		C1=CC=C(C=C1)C(=O)O	InChI=1S/C7H6O2/c8-7(9)6-4-2-1-3-5-6/h1-5H,(H,8,9)		3.0	Positive	GNPS-NIST14-MATCHES	123.045	UPDATE-SINGLE-ANNOTATED-BRONZE	Bronze		C7H6O2	WPYMKLBDIGXBTP-UHFFFAOYSA-N	WPYMKLBDIGXBTP	Benzenoids	Benzene and substituted derivatives	Benzoic acids and derivatives	Phenolic acids (C6-C1)	Simple phenolic acids	Shikimates and Phenylpropanoids	mzspec:GNPS:GNPS-LIBRARY:CCMSLIB00003134604
11	9	123.044201321072	1	123.044201321072	0.0	210.57077777777772	3	6	bkgrnd-marine-broth.mzML,8-C3M06.mzML	1																																														
12	22	125.9866305264556	1	125.9866305264556	0.0	118.27240909090912	10	12	bkgrnd-marine-broth.mzML,8-C3M06.mzML	1																																														
13	6	130.05031077067096	1	130.05031077067096	0.0	167.07283333333334	3	3	bkgrnd-marine-broth.mzML,8-C3M06.mzML	22																																														
14	4	130.04988225301148	1	130.04988225301148	0.0	166.687	1	3	bkgrnd-marine-broth.mzML,8-C3M06.mzML	22																																														
15	6	130.05031077067096	1	130.05031077067096	0.0	188.6373333333333	3	3	bkgrnd-marine-broth.mzML,8-C3M06.mzML	1																																														
16	4	130.04988225301148	1	130.04988225301148	0.0	188.0285	1	3	bkgrnd-marine-broth.mzML,8-C3M06.mzML	1																																														
17	2	130.05116780599	1	130.05116780599	0.0	168.4175	2	0	bkgrnd-marine-broth.mzML	22																																														
18	12	130.09778086344397	1	130.09778086344397	0.0	150.61866666666666	6	6	bkgrnd-marine-broth.mzML,8-C3M06.mzML	1																																														
19	6	131.0495427449545	1	131.0495427449545	0.0	280.0135	3	3	bkgrnd-marine-broth.mzML,8-C3M06.mzML	1																																														
20	6	131.0495427449545	1	131.0495427449545	0.0	280.2046666666667	3	3	bkgrnd-marine-broth.mzML,8-C3M06.mzML	1																																														
21	8	131.930934906006	1	131.930934906006	0.0	272.480375	8	0	bkgrnd-marine-broth.mzML	1																																														
22	69	132.10254167934568	1	132.10254167934562	0.0	234.0717536231884	38	31	bkgrnd-marine-broth.mzML,8-C3M06.mzML	1																																														
23	2	132.101636250814	1	132.101636250814	0.0	172.2965	0	2	8-C3M06.mzML	1																																														
24	6	132.10779698689785	1	132.10779698689785	0.0	197.4778333333333	3	3	bkgrnd-marine-broth.mzML,8-C3M06.mzML	1																																														
25	2	132.107391357422	1	132.107391357422	0.0	194.826	1	1	bkgrnd-marine-broth.mzML,8-C3M06.mzML	1	CCMSLIB00006113094	25.0	specs_ms.mgf	BIRMINGHAM-UHPLC-MS-POS.mgf	0.789978	68092.4	194.862	43.5464	6.0	0.00575256	132.108	1.0	temp/specs_ms.mgf25	1.0	L-(+)-Isoleucine - 40.0 eV	ESI	Orbitrap	Isolated	PI	Data Collector	M+H	132.102	0.0	1.0			CC[C@H](C)[C@@H](C(=O)O)N	InChI=1S/C6H13NO2/c1-3-4(2)5(7)6(8)9/h4-5H,3,7H2,1-2H3,(H,8,9)/t4-,5-/m0/s1		1.0	Positive	BIRMINGHAM-UHPLC-MS-POS	132.102	UPDATE-SINGLE-ANNOTATED-GOLD	Gold		C6H13NO2	AGPKZVBTJJNPAG-WHFBIAKZSA-N	AGPKZVBTJJNPAG	Organic acids and derivatives	Carboxylic acids and derivatives	Amino acids, peptides, and analogues	Small peptides	Aminoacids	Amino acids and Peptides	mzspec:GNPS:GNPS-LIBRARY:CCMSLIB00006113094
26	2	136.061401367188	1	136.061401367188	0.0	197.5315	0	2	8-C3M06.mzML	1																																														
27	11	136.0761159261072	1	136.0761159261072	0.0	209.27336363636363	5	6	bkgrnd-marine-broth.mzML,8-C3M06.mzML	1																																														
28	5	137.0459920247394	1	137.0459920247394	0.0	210.9142	2	3	bkgrnd-marine-broth.mzML,8-C3M06.mzML	1	CCMSLIB00003137374	28.0	specs_ms.mgf	GNPS-NIST14-MATCHES.mgf	0.951167	8675.1	214.472	5.45569	6.0	0.000747681	137.045	1.0	temp/specs_ms.mgf28	1.0	Spectral Match to Hypoxanthine from NIST14	ESI	qTof	Isolated	Data from Joshua Wollam	Data deposited by fevargas	M+H	137.046	136.038	1.0	68940		C1=NC2=C(N1)C(=O)NC=N2	InChI=1S/C5H4N4O/c10-5-3-4(7-1-6-3)8-2-9-5/h1-2H,(H2,6,7,8,9,10)		3.0	Positive	GNPS-NIST14-MATCHES	137.046	UPDATE-SINGLE-ANNOTATED-BRONZE	Bronze		C5H4N4O	FDGQSTZJBFJUBT-UHFFFAOYSA-N	FDGQSTZJBFJUBT	Organoheterocyclic compounds	Imidazopyrimidines	Purines and purine derivatives	Pseudoalkaloids	Purine alkaloids	Alkaloids	mzspec:GNPS:GNPS-LIBRARY:CCMSLIB00003137374
29	5	137.0459920247394	1	137.0459920247394	0.0	211.1056	2	3	bkgrnd-marine-broth.mzML,8-C3M06.mzML	1	CCMSLIB00004717214	29.0	specs_ms.mgf	MONA.mgf	0.854678	11806.4	213.056	7.90519	6.0	0.00108337	137.047	1.0	temp/specs_ms.mgf29	1.0	Hypoxanthine		ESI-QFT	isolated	MoNA	MoNA:VF-NPL-QEHF026151	[M+H]+	137.046	0.0	1.0			Oc1ncnc2[nH]cnc12	InChI=1S/C5H4N4O/c10-5-3-4(7-1-6-3)8-2-9-5/h1-2H,(H2,6,7,8,9,10)		3.0	positive	MONA	137.046	UPDATE-SINGLE-ANNOTATED-BRONZE	Bronze		C5H4N4O	FDGQSTZJBFJUBT-UHFFFAOYSA-N	FDGQSTZJBFJUBT	Organoheterocyclic compounds	Imidazopyrimidines	Purines and purine derivatives	Pseudoalkaloids	pteridine alkaloids	Alkaloids	mzspec:GNPS:GNPS-LIBRARY:CCMSLIB00004717214
30	2	138.090995788574	1	138.090995788574	0.0	204.5355	0	2	8-C3M06.mzML	1	CCMSLIB00003134502	30.0	specs_ms.mgf	GNPS-NIST14-MATCHES.mgf	0.877159	28090.6	203.346	7.29282	6.0	0.00100708	138.091	1.0	temp/specs_ms.mgf30	1.0	Spectral Match to 2-Amino-1-phenylethanol from NIST14	ESI	qTof	Isolated	Data from Sambles	Data deposited by rsilva	M+H	138.092	137.084	1.0	7568936		C1=CC=C(C=C1)C(CN)O	InChI=1S/C8H11NO/c9-6-8(10)7-4-2-1-3-5-7/h1-5,8,10H,6,9H2		3.0	Positive	GNPS-NIST14-MATCHES	138.092	UPDATE-SINGLE-ANNOTATED-BRONZE	Bronze		C8H11NO	ULSIYEODSMZIPX-UHFFFAOYSA-N	ULSIYEODSMZIPX	Organic nitrogen compounds	Organonitrogen compounds	Amines	Tyrosine alkaloids	Phenylethylamines	Alkaloids	mzspec:GNPS:GNPS-LIBRARY:CCMSLIB00003134502
31	2	138.090995788574	1	138.090995788574	0.0	204.7265	0	2	8-C3M06.mzML	1																																														
32	50	141.95961975097666	1	141.95961975097654	0.0	324.13100000000003	42	8	bkgrnd-marine-broth.mzML,8-C3M06.mzML	19																																														
33	4	145.075856526693	1	145.075856526693	0.0	491.3057500000001	0	4	8-C3M06.mzML	1																																														
34	18	146.16598680284267	1	146.1659868028427	0.0	119.60533333333332	12	6	bkgrnd-marine-broth.mzML,8-C3M06.mzML	-1																																														
35	6	149.0601196289065	1	149.0601196289065	0.0	282.9436666666667	3	3	bkgrnd-marine-broth.mzML,8-C3M06.mzML	1																																														
36	6	149.0601196289065	1	149.0601196289065	0.0	283.135	3	3	bkgrnd-marine-broth.mzML,8-C3M06.mzML	1	CCMSLIB00006682846	36.0	specs_ms.mgf	MONA.mgf	0.754692	30386.9	282.992	6639.94	6.0	0.983215	149.059	1.0	temp/specs_ms.mgf36	1.0	3-METHYL-2-OXINDOLE	ESI	qTof	isolated	MoNA	MoNA:MoNA036345	M+H	148.076	0.0	1.0			CC1C2=C(C=CC=C2)N=C1O	"""InChI=1S/C9H9NO/c1-6-7-4-2-3-5-8(7)10-9(6)11/h2-6H,1H3,(H,10,11)"""		3.0	positive	MONA	148.076	UPDATE-SINGLE-ANNOTATED-BRONZE	Bronze		C9H9NO	BBZCPUCZKLTAJQ-UHFFFAOYSA-N	BBZCPUCZKLTAJQ						Alkaloids	mzspec:GNPS:GNPS-LIBRARY:CCMSLIB00006682846
37	13	150.058025653546	1	150.058025653546	0.0	171.53284615384615	1	12	bkgrnd-marine-broth.mzML,8-C3M06.mzML	35																																														
38	5	150.059661865234	1	150.059661865234	0.0	163.932	5	0	bkgrnd-marine-broth.mzML	35																																														
39	22	151.035663951527	1	151.03566395152697	0.0	118.7940909090909	10	12	bkgrnd-marine-broth.mzML,8-C3M06.mzML	1																																														
40	12	152.05717722574897	1	152.05717722574897	0.0	219.55499999999995	6	6	bkgrnd-marine-broth.mzML,8-C3M06.mzML	19																																														
41	30	155.0818644205726	1	155.0818644205726	0.0	219.61516666666665	12	18	bkgrnd-marine-broth.mzML,8-C3M06.mzML	19																																														
42	6	157.096740722656	1	157.096740722656	0.0	256.401	0	6	8-C3M06.mzML	21																																														
43	24	158.092919667562	1	158.092919667562	0.0	170.8145	12	12	bkgrnd-marine-broth.mzML,8-C3M06.mzML	-1																																														
44	12	158.96268971761103	1	158.96268971761103	0.0	315.28333333333336	12	0	bkgrnd-marine-broth.mzML	21																																														
45	6	160.075215657552	1	160.075215657552	0.0	226.90666666666667	0	6	8-C3M06.mzML	-1																																														
46	5	165.05498352050782	1	165.05498352050782	0.0	209.3624	2	3	bkgrnd-marine-broth.mzML,8-C3M06.mzML	1	CCMSLIB00003137181	46.0	specs_ms.mgf	GNPS-NIST14-MATCHES.mgf	0.923914	29271.0	209.715	5.17702	6.0	0.000854492	165.054	1.0	temp/specs_ms.mgf46	1.0	Spectral Match to L-Tyrosine from NIST14	ESI	HCD	Isolated	Data from Jairam KP Vanamala, PhD	Data deposited by mjmeehan	M+H-NH3	165.055	0.0	1.0	60184					3.0	Positive	GNPS-NIST14-MATCHES	165.055	UPDATE-SINGLE-ANNOTATED-BRONZE	Bronze											mzspec:GNPS:GNPS-LIBRARY:CCMSLIB00003137181
47	3	165.054143269857	1	165.054143269857	0.0	210.0343333333333	0	3	8-C3M06.mzML	1																																														
48	3	165.056243896484	1	165.056243896484	0.0	209.57566666666665	3	0	bkgrnd-marine-broth.mzML	1																																														
49	23	166.0871071193526	1	166.0871071193526	0.0	310.1802173913044	12	11	bkgrnd-marine-broth.mzML,8-C3M06.mzML	1																																														
50	6	166.092463175456	1	166.092463175456	0.0	286.14750000000004	3	3	bkgrnd-marine-broth.mzML,8-C3M06.mzML	1	CCMSLIB00000208978	50.0	specs_ms.mgf	RESPECT.mgf	0.904959	396688.0	286.267	565.586	6.0	0.0938873	166.094	1.0	temp/specs_ms.mgf50	1.0	ReSpect:PM000939 L-Phenylalanine	ESI	QqQ	Isolated	Putative ReSpect Match	ReSpect	[M+H]	166.0	0.0	1.0	63-91-2	12811753				3.0	Positive	RESPECT	166.0	UPDATE-SINGLE-ANNOTATED-BRONZE	Bronze											mzspec:GNPS:GNPS-LIBRARY:CCMSLIB00000208978
51	23	166.0871071193526	1	166.0871071193526	0.0	310.3717826086957	12	11	bkgrnd-marine-broth.mzML,8-C3M06.mzML	1	CCMSLIB00013639998	51.0	specs_ms.mgf	WINE-DB-QTOF.mgf	0.996104	263514.0	275.469	10.4735	6.0	0.0017395	166.088	1.0	temp/specs_ms.mgf51	1.0	Phenylalanine_(L-)_30EV	ESI	qTof	Commercial	Axel_Marchal	TE_MLS	M+H	166.086	165.19	1.0	63-91-2		C([C@@H](C(O)=O)N)C1=CC=CC=C1	InChI=1S/C9H11NO2/c10-8(9(11)12)6-7-4-2-1-3-5-7/h1-5,8H,6,10H2,(H,11,12)/t8-/m0/s1		1.0	Positive	WINE-DB-QTOF	166.086	UPDATE-SINGLE-ANNOTATED-GOLD	Gold		C9H11NO2	COLNVLDHVKWLRT-QMMMGPOBSA-N	COLNVLDHVKWLRT	Organic acids and derivatives	Carboxylic acids and derivatives	Amino acids, peptides, and analogues	Small peptides	Aminoacids	Amino acids and Peptides|Shikimates and Phenylpropanoids	mzspec:GNPS:GNPS-LIBRARY:CCMSLIB00013639998
52	6	166.092463175456	1	166.092463175456	0.0	286.339	3	3	bkgrnd-marine-broth.mzML,8-C3M06.mzML	1	CCMSLIB00003138767	52.0	specs_ms.mgf	GNPS-NIST14-MATCHES.mgf	0.897779	360263.0	288.217	18.2825	6.0	0.0030365	166.091	1.0	temp/specs_ms.mgf52	1.0	Spectral Match to DL-Phenylalanine from NIST14	ESI	qTof	Isolated	Data from Pieter Dorrestein	Data deposited by vphelan	M+H	166.088	165.079	1.0	150301		C1=CC=C(C=C1)CC(C(=O)O)N	InChI=1S/C9H11NO2/c10-8(9(11)12)6-7-4-2-1-3-5-7/h1-5,8H,6,10H2,(H,11,12)		3.0	Positive	GNPS-NIST14-MATCHES	166.088	UPDATE-SINGLE-ANNOTATED-BRONZE	Bronze		C9H11NO2	COLNVLDHVKWLRT-UHFFFAOYSA-N	COLNVLDHVKWLRT	Organic acids and derivatives	Carboxylic acids and derivatives	Amino acids, peptides, and analogues	Small peptides	Aminoacids	Amino acids and Peptides|Shikimates and Phenylpropanoids	mzspec:GNPS:GNPS-LIBRARY:CCMSLIB00003138767
53	6	169.096837361654	1	169.096837361654	0.0	260.60966666666667	0	6	8-C3M06.mzML	1																																														
54	8	175.1090507507325	1	175.10905075073248	0.0	194.5935	4	4	bkgrnd-marine-broth.mzML,8-C3M06.mzML	1																																														
55	6	175.118545532227	1	175.118545532227	0.0	141.55499999999998	0	6	8-C3M06.mzML	1	CCMSLIB00006112725	55.0	specs_ms.mgf	BIRMINGHAM-UHPLC-MS-POS.mgf	0.93627	10026.9	141.459	345.867	6.0	0.0605469	175.119	1.0	temp/specs_ms.mgf55	1.0	Xylitol - 40.0 eV	ESI	Orbitrap	Isolated	PI	Data Collector	M+Na	175.058	0.0	1.0			C([C@H]([C@@H]([C@H](CO)O)O)O)O	InChI=1S/C5H12O5/c6-1-3(8)5(10)4(9)2-7/h3-10H,1-2H2/t3-,4+,5+		1.0	Positive	BIRMINGHAM-UHPLC-MS-POS	175.058	UPDATE-SINGLE-ANNOTATED-GOLD	Gold		C5H12O5	HEBKCHPVOIAQTA-SCDXWVJYSA-N	HEBKCHPVOIAQTA	Organic oxygen compounds	Organooxygen compounds	Carbohydrates and carbohydrate conjugates	Saccharides	Monosaccharides	Carbohydrates	mzspec:GNPS:GNPS-LIBRARY:CCMSLIB00006112725
56	12	182.0817563798694	1	182.0817563798694	0.0	206.425	5	7	bkgrnd-marine-broth.mzML,8-C3M06.mzML	1	CCMSLIB00000427096	56.0	specs_ms.mgf	HMDB.mgf	0.964854	24494.9	202.964	6.36893	6.0	0.00115967	182.081	1.0	temp/specs_ms.mgf56	1.0	HMDB:HMDB00158-246 L-Tyrosine	Positive	Quattro_QQQ:25eV	Isolated	HMDB	HMDB	M+H	182.082	181.074	1.0	60-18-4		N[C@@H](CC1=CC=C(O)C=C1)C(O)=O	InChI=1S/C9H11NO3/c10-8(9(12)13)5-6-1-3-7(11)4-2-6/h1-4,8,11H,5,10H2,(H,12,13)/t8-/m0/s1		3.0	Positive	HMDB	182.082	UPDATE-SINGLE-ANNOTATED-BRONZE	Bronze		C9H11NO3	OUYCCCASQSFEME-QMMMGPOBSA-N	OUYCCCASQSFEME	Organic acids and derivatives	Carboxylic acids and derivatives	Amino acids, peptides, and analogues	Small peptides	Aminoacids	Amino acids and Peptides|Shikimates and Phenylpropanoids	mzspec:GNPS:GNPS-LIBRARY:CCMSLIB00000427096
57	6	182.963223775228	1	182.963223775228	0.0	115.2045	3	3	bkgrnd-marine-broth.mzML,8-C3M06.mzML	5																																														
58	6	182.963223775228	1	182.963223775228	0.0	115.39566666666668	3	3	bkgrnd-marine-broth.mzML,8-C3M06.mzML	5																																														
59	76	185.1109346088612	1	185.11093460886104	0.0	18.65409649122807	18	58	bkgrnd-marine-broth.mzML,8-C3M06.mzML	-1																																														
60	9	186.221750895182	1	186.221750895182	0.0	531.0916666666667	0	9	8-C3M06.mzML	19																																														
61	4	188.0714836120605	1	188.0714836120605	0.0	435.9715	2	2	bkgrnd-marine-broth.mzML,8-C3M06.mzML	26	CCMSLIB00003138038	61.0	specs_ms.mgf	GNPS-NIST14-MATCHES.mgf	0.917966	18414.8	434.281	2.83963	6.0	0.000534058	188.072	1.0	temp/specs_ms.mgf61	1.0	Spectral Match to L-Tryptophan from NIST14	ESI	HCD	Isolated	Data from Pieter Dorrestein	Data deposited by dfloros	M+H-NH3	188.073	0.0	1.0	73223					3.0	Positive	GNPS-NIST14-MATCHES	188.073	UPDATE-SINGLE-ANNOTATED-BRONZE	Bronze											mzspec:GNPS:GNPS-LIBRARY:CCMSLIB00003138038
62	4	188.0714836120605	1	188.0714836120605	0.0	436.16275	2	2	bkgrnd-marine-broth.mzML,8-C3M06.mzML	26	CCMSLIB00003135135	62.0	specs_ms.mgf	GNPS-NIST14-MATCHES.mgf	0.976478	35139.8	435.276	2.59627	6.0	0.000488281	188.07	1.0	temp/specs_ms.mgf62	1.0	Spectral Match to DL-Indole-3-lactic acid from NIST14	ESI	Q-TOF	Isolated	Data from Dorrestein	Data deposited by quinnr	M+H-H2O	188.07	0.0	1.0	832973					3.0	Positive	GNPS-NIST14-MATCHES	188.07	UPDATE-SINGLE-ANNOTATED-BRONZE	Bronze											mzspec:GNPS:GNPS-LIBRARY:CCMSLIB00003135135
63	10	189.087341308594	1	189.087341308594	0.0	263.9053	4	6	bkgrnd-marine-broth.mzML,8-C3M06.mzML	1																																														
64	2	189.088806152344	1	189.088806152344	0.0	267.7825	2	0	bkgrnd-marine-broth.mzML	1																																														
65	23	189.12390667459272	1	189.12390667459272	0.0	292.3005217391305	11	12	bkgrnd-marine-broth.mzML,8-C3M06.mzML	1	CCMSLIB00003137413	65.0	specs_ms.mgf	GNPS-NIST14-MATCHES.mgf	0.757825	40094.4	276.042	10567.9	6.0	1.97774	189.123	1.0	temp/specs_ms.mgf65	1.0	Spectral Match to Ile-Leu-Lys from NIST14	ESI	QqQ	Isolated	Data from Gabriel Haddad	Data deposited by mjmeehan	M+2H]	187.145	0.0	1.0						3.0	Positive	GNPS-NIST14-MATCHES	187.145	UPDATE-SINGLE-ANNOTATED-BRONZE	Bronze											mzspec:GNPS:GNPS-LIBRARY:CCMSLIB00003137413
66	6	195.11231994628903	1	195.11231994628903	0.0	389.0541666666667	0	6	8-C3M06.mzML	-1																																														
67	14	198.94066292898995	1	198.94066292899	0.0	115.3434285714286	6	8	bkgrnd-marine-broth.mzML,8-C3M06.mzML	1																																														
68	6	203.224990844727	1	203.224990844727	0.0	117.7635	6	0	bkgrnd-marine-broth.mzML	-1																																														
69	4	205.098205566406	1	205.098205566406	0.0	435.9715	2	2	bkgrnd-marine-broth.mzML,8-C3M06.mzML	26	CCMSLIB00003136916	69.0	specs_ms.mgf	GNPS-NIST14-MATCHES.mgf	0.980293	46125.9	435.467	15.103	7.0	0.00309753	205.097	1.0	temp/specs_ms.mgf69	1.0	Spectral Match to L-Tryptophan from NIST14	ESI	Q-TOF	Isolated	Data from Pieter Dorrestein	Data deposited by dfloros	M+H	205.094	0.0	1.0	73223					3.0	Positive	GNPS-NIST14-MATCHES	205.094	UPDATE-SINGLE-ANNOTATED-BRONZE	Bronze											mzspec:GNPS:GNPS-LIBRARY:CCMSLIB00003136916
70	4	205.098205566406	1	205.098205566406	0.0	436.163	2	2	bkgrnd-marine-broth.mzML,8-C3M06.mzML	26	CCMSLIB00003134676	70.0	specs_ms.mgf	GNPS-NIST14-MATCHES.mgf	0.973724	39316.5	435.66	9.29965	7.0	0.00190735	205.097	1.0	temp/specs_ms.mgf70	1.0	Spectral Match to L-Tryptophan from NIST14	ESI	qTof	Isolated	Data from Pieter Dorrestein	Data deposited by vphelan	M+H	205.099	204.09	1.0	73223		C1=CC=C2C(=C1)C(=CN2)C[C@@H](C(=O)O)N	InChI=1S/C11H12N2O2/c12-9(11(14)15)5-7-6-13-10-4-2-1-3-8(7)10/h1-4,6,9,13H,5,12H2,(H,14,15)/t9-/m0/s1		3.0	Positive	GNPS-NIST14-MATCHES	205.099	UPDATE-SINGLE-ANNOTATED-BRONZE	Bronze		C11H12N2O2	QIVBCDIJIAJPQS-VIFPVBQESA-N	QIVBCDIJIAJPQS	Organoheterocyclic compounds	Indoles and derivatives	Indolyl carboxylic acids and derivatives	Small peptides	Aminoacids	Amino acids and Peptides|Shikimates and Phenylpropanoids	mzspec:GNPS:GNPS-LIBRARY:CCMSLIB00003134676
71	11	211.10831012147827	1	211.10831012147827	0.0	249.0421818181818	5	6	bkgrnd-marine-broth.mzML,8-C3M06.mzML	-1	CCMSLIB00005744078	71.0	specs_ms.mgf	MASSBANK.mgf	0.718582	7374.3	248.362	175.248	6.0	0.0370026	211.107	1.0	temp/specs_ms.mgf71	1.0	Massbank:PR300791 Cyclo(proline-leucine)	ESI	qTof	Isolated	Massbank	Massbank	M+H	211.144	0.0	1.0			CC(C)CC1N=C(O)C2CCCN2C1=O	1S/C11H18N2O2/c1-7(2)6-8-11(15)13-5-3-4-9(13)10(14)12-8/h7-9H,3-6H2,1-2H3,(H,12,14)		3.0	Positive	MASSBANK	211.144	UPDATE-SINGLE-ANNOTATED-BRONZE	Bronze		C11H18N2O2	SZJNCZMRZAUNQT-UHFFFAOYSA-N	SZJNCZMRZAUNQT	Organic acids and derivatives	Carboxylic acids and derivatives	Amino acids, peptides, and analogues			Amino acids and Peptides	mzspec:GNPS:GNPS-LIBRARY:CCMSLIB00005744078
72	12	211.1450475056965	1	211.14504750569645	0.0	471.8806666666666	6	6	bkgrnd-marine-broth.mzML,8-C3M06.mzML	1																																														
73	12	214.91831207275348	1	214.91831207275348	0.0	119.54766666666669	6	6	bkgrnd-marine-broth.mzML,8-C3M06.mzML	1																																														
74	12	215.13984425862603	1	215.13984425862603	0.0	204.33766666666668	6	6	bkgrnd-marine-broth.mzML,8-C3M06.mzML	1																																														
75	12	217.15550740559905	1	217.15550740559905	0.0	237.9248333333333	6	6	bkgrnd-marine-broth.mzML,8-C3M06.mzML	1																																														
76	5	221.09124247233092	1	221.09124247233092	0.0	226.96420000000003	0	5	8-C3M06.mzML	-1																																														
77	4	223.109001159668	1	223.109001159668	0.0	419.65375000000006	2	2	bkgrnd-marine-broth.mzML,8-C3M06.mzML	1																																														
78	16	223.98992538452148	1	223.9899253845215	0.0	116.533125	8	8	bkgrnd-marine-broth.mzML,8-C3M06.mzML	5																																														
79	3	226.15431213378892	1	226.15431213378892	0.0	180.84433333333337	0	3	8-C3M06.mzML	-1																																														
80	6	227.101806640625	1	227.101806640625	0.0	281.28366666666665	0	6	8-C3M06.mzML	1	CCMSLIB00003135898	80.0	specs_ms.mgf	GNPS-NIST14-MATCHES.mgf	0.78162	9868.6	281.188	5.24073	6.0	0.00119019	227.102	1.0	temp/specs_ms.mgf80	1.0	Spectral Match to PyroGlu-Pro from NIST14	ESI	qTof	Isolated	Data from Pieter Dorrestein	Data deposited by lfnothias	M+H	227.103	226.095	1.0			C1CC(N(C1)C(=O)C2CCC(=O)N2)C(=O)O	InChI=1S/C10H14N2O4/c13-8-4-3-6(11-8)9(14)12-5-1-2-7(12)10(15)16/h6-7H,1-5H2,(H,11,13)(H,15,16)		3.0	Positive	GNPS-NIST14-MATCHES	227.103	UPDATE-SINGLE-ANNOTATED-BRONZE	Bronze		C10H14N2O4	PFEJJYZYEFRQEA-UHFFFAOYSA-N	PFEJJYZYEFRQEA	Organic acids and derivatives	Carboxylic acids and derivatives	Amino acids, peptides, and analogues	Small peptides	Dipeptides	Amino acids and Peptides	mzspec:GNPS:GNPS-LIBRARY:CCMSLIB00003135898
81	7	227.1392393566314	1	227.1392393566314	0.0	452.853142857143	1	6	bkgrnd-marine-broth.mzML,8-C3M06.mzML	1	CCMSLIB00000007040	81.0	specs_ms.mgf	GNPS-LIBRARY.mgf	0.810226	29678.3	455.121	0.537426	8.0	0.00012207	227.139	1.0	temp/specs_ms.mgf81	1.0	cyclo(L-Leu-L-4-Hyp)	DI-ESI	qTof	Isolated	Keyzers	R Keyzers	M+H	227.139	244.121	1.0	115006-86-5					3.0	Positive	GNPS-LIBRARY	227.139	UPDATE-SINGLE-ANNOTATED-BRONZE	Bronze											mzspec:GNPS:GNPS-LIBRARY:CCMSLIB00000007040
82	5	227.141393025716	1	227.141393025716	0.0	451.0756	5	0	bkgrnd-marine-broth.mzML	1	CCMSLIB00000007040	82.0	specs_ms.mgf	GNPS-LIBRARY.mgf	0.73652	24668.6	448.974	10.4798	8.0	0.00238037	227.141	1.0	temp/specs_ms.mgf82	1.0	cyclo(L-Leu-L-4-Hyp)	DI-ESI	qTof	Isolated	Keyzers	R Keyzers	M+H	227.139	244.121	1.0	115006-86-5					3.0	Positive	GNPS-LIBRARY	227.139	UPDATE-SINGLE-ANNOTATED-BRONZE	Bronze											mzspec:GNPS:GNPS-LIBRARY:CCMSLIB00000007040
83	42	229.15536862327912	1	229.1553686232792	0.0	361.52616666666665	18	24	bkgrnd-marine-broth.mzML,8-C3M06.mzML	1																																														
84	12	230.249771118164	1	230.24977111816395	0.0	574.8055833333333	6	6	bkgrnd-marine-broth.mzML,8-C3M06.mzML	51	CCMSLIB00000842021	84.0	specs_ms.mgf	MASSBANKEU.mgf	0.914706	18791.0	572.608	0.132542	6.0	3.05176e-05	230.248	1.0	temp/specs_ms.mgf84	1.0	MassbankEU:SM876801 N,N-Dimethyldodecylamine N-oxide|Lauramine oxide|N,N-dimethyldodecan-1-amine oxide	ESI	LC-ESI-QFT	Isolated	Massbank EU	Massbank	[M+H]+	230.248	0.0	1.0	1643-20-5		CCCCCCCCCCCC[N+](C)(C)[O-]	1S/C14H31NO/c1-4-5-6-7-8-9-10-11-12-13-14-15(2,3)16/h4-14H2,1-3H3		3.0	Positive	MASSBANKEU	230.248	UPDATE-SINGLE-ANNOTATED-BRONZE	Bronze			SYELZBGXAIXKHU-UHFFFAOYSA-N	SYELZBGXAIXKHU	Organic nitrogen compounds	Organonitrogen compounds	Aminoxides				mzspec:GNPS:GNPS-LIBRARY:CCMSLIB00000842021
85	7	231.1712966192334	1	231.1712966192334	0.0	364.9141428571429	4	3	bkgrnd-marine-broth.mzML,8-C3M06.mzML	1	CCMSLIB00003138677	85.0	specs_ms.mgf	GNPS-NIST14-MATCHES.mgf	0.798685	7731.1	366.539	8476.89	6.0	1.97638	231.173	1.0	temp/specs_ms.mgf85	1.0	Spectral Match to Ile-Thr from NIST14	ESI	QQQ	Isolated	Data from Joshua Wollam	Data deposited by fevargas	M+H	233.149	232.142	1.0			CCC(C)C(C(=O)NC(C(C)O)C(=O)O)N	InChI=1S/C10H20N2O4/c1-4-5(2)7(11)9(14)12-8(6(3)13)10(15)16/h5-8,13H,4,11H2,1-3H3,(H,12,14)(H,15,16)		3.0	Positive	GNPS-NIST14-MATCHES	233.149	UPDATE-SINGLE-ANNOTATED-BRONZE	Bronze		C10H20N2O4	DRCKHKZYDLJYFQ-UHFFFAOYSA-N	DRCKHKZYDLJYFQ	Organic acids and derivatives	Carboxylic acids and derivatives	Amino acids, peptides, and analogues	Small peptides	Dipeptides	Amino acids and Peptides	mzspec:GNPS:GNPS-LIBRARY:CCMSLIB00003138677
86	3	231.1705627441403	1	231.1705627441403	0.0	363.8873333333333	1	2	bkgrnd-marine-broth.mzML,8-C3M06.mzML	-1																																														
87	6	235.118275960286	1	235.118275960286	0.0	156.24183333333335	0	6	8-C3M06.mzML	-1	CCMSLIB00010133243	87.0	specs_ms.mgf	MCE-DRUG.mgf	0.938679	8381.7	155.49	3.11511	6.0	0.000732422	235.118	1.0	temp/specs_ms.mgf87	1.0	Cyclo(-His-Pro)	ESI	Orbitrap	Crude	Tomas Pluskal	Corinna Brungs	M+H	235.119	234.112	1.0			O=C1N[C@@H](Cc2cnc[nH]2)C(=O)N2CCC[C@@H]12	"""InChI=1S/C11H14N4O2/c16-10-9-2-1-3-15(9)11(17)8(14-10)4-7-5-12-6-13-7/h5-6,8-9H,1-4H2,(H,12,13)(H,14,16)/t8-,9-/m0/s1"""	NAKUGCPAQTUSBE-IUCAKERBSA-N	3.0	Positive	MCE-DRUG	235.119	UPDATE-SINGLE-ANNOTATED-BRONZE	Bronze		C11H14N4O2	NAKUGCPAQTUSBE-IUCAKERBSA-N	NAKUGCPAQTUSBE	Organic acids and derivatives	Carboxylic acids and derivatives	Amino acids, peptides, and analogues	Small peptides	Dipeptides	Amino acids and Peptides	mzspec:GNPS:GNPS-LIBRARY:CCMSLIB00010133243
88	4	237.086265563965	1	237.086265563965	0.0	216.983	0	4	8-C3M06.mzML	29																																														
89	3	237.086265563965	1	237.086265563965	0.0	212.5403333333333	0	3	8-C3M06.mzML	29																																														
90	2	237.088798522949	1	237.088798522949	0.0	212.4415	2	0	bkgrnd-marine-broth.mzML	29	CCMSLIB00016344553	90.0	specs_ms.mgf	GNPS-ALKYLAMINES-LIBRARY.mgf	0.756748	5423.9	211.635	232.797	6.0	0.0552063	237.089	1.0	temp/specs_ms.mgf90	1.0	Hydroxylysine_Dihydroxyacetone (known isomers: 1; isobaric peaks in run: 1)	LC-ESI	Orbitrap	Crude	Pieter Dorrestein	Julius	[M+H]+	237.144	236.137	1.0		Dihydroxyacetone_Amine_batch3_P3_F6.mzML:scan:1729	CC(NCC(O)CC[C@H](N)C(=O)O)C(O)O	InChI=1S/C9H20N2O5/c1-5(8(13)14)11-4-6(12)2-3-7(10)9(15)16/h5-8,11-14H,2-4,10H2,1H3,(H,15,16)/t5?,6?,7-/m0/s1	InChI=1S/C9H20N2O5/c1-5(8(13)14)11-7(9(15)16)3-2-6(12)4-10/h5-8,11-14H,2-4,10H2,1H3,(H,15,16)/t5?,6?,7-/m0/s1 [M+H]+	1.0	Positive	GNPS-ALKYLAMINES-LIBRARY	237.144	UPDATE-SINGLE-ANNOTATED-GOLD	Gold		C9H20N2O5	TZBIAYPRDAERFG-AHXFUIDQSA-N	TZBIAYPRDAERFG				Small peptides	Aminoacids	Amino acids and Peptides	mzspec:GNPS:GNPS-LIBRARY:CCMSLIB00016344553
91	2	237.088798522949	1	237.088798522949	0.0	212.6325	2	0	bkgrnd-marine-broth.mzML	29																																														
92	12	239.967493693034	1	239.967493693034	0.0	116.55341666666668	6	6	bkgrnd-marine-broth.mzML,8-C3M06.mzML	1																																														
93	4	243.1349983215335	1	243.1349983215335	0.0	467.189	2	2	bkgrnd-marine-broth.mzML,8-C3M06.mzML	1																																														
94	8	245.12859725952177	1	245.12859725952177	0.0	481.540625	2	6	bkgrnd-marine-broth.mzML,8-C3M06.mzML	1	CCMSLIB00000007132	94.0	specs_ms.mgf	GNPS-LIBRARY.mgf	0.865325	11035.5	480.845	0.560234	6.0	0.000137329	245.128	1.0	temp/specs_ms.mgf94	1.0	cyclo(L-Phe-D-Pro)	DI-ESI	qTof	Isolated	Keyzers	R Keyzers	M+H	245.128	244.121	1.0	32021-26-4					3.0	Positive	GNPS-LIBRARY	245.128	UPDATE-SINGLE-ANNOTATED-BRONZE	Bronze	Human:Urine[Sample Type Detected]										mzspec:GNPS:GNPS-LIBRARY:CCMSLIB00000007132
95	3	254.16157023111967	1	254.16157023111967	0.0	199.25566666666663	1	2	bkgrnd-marine-broth.mzML,8-C3M06.mzML	15																																														
96	3	254.16157023111967	1	254.16157023111967	0.0	199.447	1	2	bkgrnd-marine-broth.mzML,8-C3M06.mzML	15																																														
97	12	258.281285603841	1	258.281285603841	0.0	637.1363333333334	6	6	bkgrnd-marine-broth.mzML,8-C3M06.mzML	51	CCMSLIB00012728820	97.0	specs_ms.mgf	ECRFS_DB.mgf	0.837971	9311.0	633.562	0.708944	7.0	0.000183105	258.279	1.0	temp/specs_ms.mgf97	1.0	Myristamine oxide	ESI	Orbitrap	Commercial	Federico Padilla	"""Sjors Rasker, Wout Bergkamp"""	M+H	258.279	257.272	1.0	3332-27-2		CCCCCCCCCCCCCC[N+](C)(C)[O-]	ONHFWHCMZAJCFB-UHFFFAOYSA-N		1.0	Positive	ECRFS_DB	258.279	UPDATE-SINGLE-ANNOTATED-GOLD	Gold			ONHFWHCMZAJCFB-UHFFFAOYSA-N	ONHFWHCMZAJCFB	Organic nitrogen compounds	Organonitrogen compounds	Aminoxides				mzspec:GNPS:GNPS-LIBRARY:CCMSLIB00012728820
98	5	260.1974395751954	1	260.1974395751954	0.0	192.5354	2	3	bkgrnd-marine-broth.mzML,8-C3M06.mzML	1																																														
99	4	261.122833251953	1	261.122833251953	0.0	458.79225	0	4	8-C3M06.mzML	1	CCMSLIB00000007114	99.0	specs_ms.mgf	GNPS-LIBRARY.mgf	0.858479	25410.5	459.312	4.44106	7.0	0.00115967	261.123	1.0	temp/specs_ms.mgf99	1.0	cyclo(Phe-4-Hyp)	DI-ESI	qTof	Isolated	Keyzers	R Keyzers	M+H	261.124	260.116	1.0	0					3.0	Positive	GNPS-LIBRARY	261.124	UPDATE-SINGLE-ANNOTATED-BRONZE	Bronze											mzspec:GNPS:GNPS-LIBRARY:CCMSLIB00000007114
100	3	261.1239861382377	1	261.1239861382377	0.0	468.0056666666667	1	2	bkgrnd-marine-broth.mzML,8-C3M06.mzML	1	CCMSLIB00000007118	100.0	specs_ms.mgf	GNPS-LIBRARY.mgf	0.755493	34205.8	468.463	4.44106	12.0	0.00115967	261.123	1.0	temp/specs_ms.mgf100	1.0	cyclo(Phe-4-Hyp)	DI-ESI	qTof	Isolated	Keyzers	R Keyzers	M+H	261.124	260.116	1.0	0					3.0	Positive	GNPS-LIBRARY	261.124	UPDATE-SINGLE-ANNOTATED-BRONZE	Bronze											mzspec:GNPS:GNPS-LIBRARY:CCMSLIB00000007118
101	2	261.126291910807	1	261.126291910807	0.0	458.2269999999999	2	0	bkgrnd-marine-broth.mzML	1	CCMSLIB00000007114	101.0	specs_ms.mgf	GNPS-LIBRARY.mgf	0.847549	18960.2	458.323	8.76525	8.0	0.00228882	261.126	1.0	temp/specs_ms.mgf101	1.0	cyclo(Phe-4-Hyp)	DI-ESI	qTof	Isolated	Keyzers	R Keyzers	M+H	261.124	260.116	1.0	0					3.0	Positive	GNPS-LIBRARY	261.124	UPDATE-SINGLE-ANNOTATED-BRONZE	Bronze											mzspec:GNPS:GNPS-LIBRARY:CCMSLIB00000007114
102	2	263.141876220703	1	263.141876220703	0.0	437.91399999999993	2	0	bkgrnd-marine-broth.mzML	1																																														
103	12	265.0164794921875	1	265.0164794921875	0.0	118.25333333333332	6	6	bkgrnd-marine-broth.mzML,8-C3M06.mzML	5																																														
104	12	268.10505676269537	1	268.10505676269537	0.0	197.62266666666667	6	6	bkgrnd-marine-broth.mzML,8-C3M06.mzML	3	CCMSLIB00013024577	104.0	specs_ms.mgf	MSNLIB-POSITIVE.mgf	0.93496	41648.4	197.244	1.93507	9.0	0.000518799	268.103	1.0	temp/specs_ms.mgf104	1.0	adenosine	ESI	Orbitrap	Commercial	Tomas Pluskal	Corinna Brungs	[M+H]+	268.104	267.097	1.0			Nc1c2ncn([C@@H]3O[C@H](CO)[C@@H](O)[C@H]3O)c2ncn1	InChI=1S/C10H13N5O4/c11-8-5-9(13-2-12-8)15(3-14-5)10-7(18)6(17)4(1-16)19-10/h2-4,6-7,10,16-18H,1H2,(H2,11,12,13)/t4-,6-,7-,10-/m1/s1	OIRDTQYFTABQOQ-KQYNXXCUSA-N	1.0	Positive	MSNLIB-POSITIVE	268.104	UPDATE-SINGLE-ANNOTATED-GOLD	Gold		C10H13N5O4	OIRDTQYFTABQOQ-KQYNXXCUSA-N	OIRDTQYFTABQOQ				Nucleosides	Purine nucleos(t)ides	Carbohydrates	mzspec:GNPS:GNPS-LIBRARY:CCMSLIB00013024577
105	8	269.0879058837887	1	269.0879058837887	0.0	217.11875	2	6	bkgrnd-marine-broth.mzML,8-C3M06.mzML	3	CCMSLIB00006119719	105.0	specs_ms.mgf	BIRMINGHAM-UHPLC-MS-POS.mgf	0.838032	14347.5	218.445	3666.61	7.0	0.983032	269.087	1.0	temp/specs_ms.mgf105	1.0	Adenosine - 40.0 eV	ESI	Orbitrap	Isolated	PI	Data Collector	M+H	268.104	0.0	1.0			c1nc(c2c(n1)n(cn2)[C@H]3[C@@H]([C@@H]([C@H](O3)CO)O)O)N	InChI=1S/C10H13N5O4/c11-8-5-9(13-2-12-8)15(3-14-5)10-7(18)6(17)4(1-16)19-10/h2-4,6-7,10,16-18H,1H2,(H2,11,12,13)/t4-,6-,7-,10-/m1/s1		1.0	Positive	BIRMINGHAM-UHPLC-MS-POS	268.104	UPDATE-SINGLE-ANNOTATED-GOLD	Gold		C10H13N5O4	OIRDTQYFTABQOQ-KQYNXXCUSA-N	OIRDTQYFTABQOQ				Nucleosides	Purine nucleos(t)ides	Carbohydrates	mzspec:GNPS:GNPS-LIBRARY:CCMSLIB00006119719
106	12	274.1772715250649	1	274.1772715250649	0.0	359.42216666666667	6	6	bkgrnd-marine-broth.mzML,8-C3M06.mzML	32																																														
107	12	274.2759857177735	1	274.2759857177735	0.0	541.9420000000001	6	6	bkgrnd-marine-broth.mzML,8-C3M06.mzML	-1	CCMSLIB00005761025	107.0	specs_ms.mgf	MASSBANK.mgf	0.839294	4243.1	541.361	1.11267	6.0	0.000305176	274.274	1.0	temp/specs_ms.mgf107	1.0	Massbank:LU030804 Lauryldiethanolamine|2-[dodecyl(2-hydroxyethyl)amino]ethanol	ESI	Hybrid FT	Isolated	Massbank	Massbank	M+H	274.274	0.0	1.0	1541-67-9		CCCCCCCCCCCCN(CCO)CCO	1S/C16H35NO2/c1-2-3-4-5-6-7-8-9-10-11-12-17(13-15-18)14-16-19/h18-19H,2-16H2,1H3		3.0	Positive	MASSBANK	274.274	UPDATE-SINGLE-ANNOTATED-BRONZE	Bronze		C16H35NO2	NKFNBVMJTSYZDV-UHFFFAOYSA-N	NKFNBVMJTSYZDV	Organic nitrogen compounds	Organonitrogen compounds	Amines	Fatty acyls|Fatty amides	Fatty alcohols|N-acyl ethanolamines (endocannabinoids)	Fatty acids	mzspec:GNPS:GNPS-LIBRARY:CCMSLIB00005761025
108	6	284.09982299804705	1	284.09982299804705	0.0	220.68966666666665	3	3	bkgrnd-marine-broth.mzML,8-C3M06.mzML	3	CCMSLIB00010128631	108.0	specs_ms.mgf	GNPS-LIBRARY.mgf	0.935509	31392.4	223.202	3.75966	6.0	0.00106812	284.098	1.0	temp/specs_ms.mgf108	1.0	Guanosine	LC-ESI	qTof	Other	Moying Li	 	M+H	284.099	283.092	1.0	 	 	 	 	 	3.0	Positive	GNPS-LIBRARY	284.099	UPDATE-SINGLE-ANNOTATED-BRONZE	Bronze											mzspec:GNPS:GNPS-LIBRARY:CCMSLIB00010128631
109	6	284.09982299804705	1	284.09982299804705	0.0	220.88116666666667	3	3	bkgrnd-marine-broth.mzML,8-C3M06.mzML	3	CCMSLIB00000218392	109.0	specs_ms.mgf	MASSBANK.mgf	0.911276	22738.1	220.447	358.152	6.0	0.101715	284.102	1.0	temp/specs_ms.mgf109	1.0	Massbank:KO002943 Guanosine	ESI	LC-ESI-QQ	Isolated	Putative Massbank Match	Massbank	[M+H]+	284.0	0.0	1.0	118-00-3		OC[C@@H](O1)[C@@H](O)[C@@H](O)[C@@H]1n(c3)c(N=2)c(n3)C(=O)NC(N)2	1S/C10H13N5O5/c11-10-13-7-4(8(19)14-10)12-2-15(7)9-6(18)5(17)3(1-16)20-9/h2-3,5-6,9,16-18H,1H2,(H3,11,13,14,19)/t3-,5-,6-,9-/m1/s1		3.0	Positive	MASSBANK	284.0	UPDATE-SINGLE-ANNOTATED-BRONZE	Bronze		C10H13N5O5	NYHBQMYGNKIUIF-UUOKFMHZSA-N	NYHBQMYGNKIUIF				Nucleosides	Purine nucleos(t)ides	Carbohydrates	mzspec:GNPS:GNPS-LIBRARY:CCMSLIB00000218392
110	6	286.17529296875	1	286.17529296875	0.0	390.157	0	6	8-C3M06.mzML	1																																														
111	42	286.2219352028904	1	286.2219352028904	0.0	710.834992063492	23	19	bkgrnd-marine-broth.mzML,8-C3M06.mzML	16																																														
112	94	286.2212452621373	1	286.22124526213724	0.0	587.1435425531917	35	59	bkgrnd-marine-broth.mzML,8-C3M06.mzML	16																																														
113	104	286.2215963680474	1	286.2215963680474	0.0	570.6970881410256	48	56	bkgrnd-marine-broth.mzML,8-C3M06.mzML	16																																														
114	2	286.22174776233896	1	286.22174776233896	0.0	733.7969999999999	1	1	bkgrnd-marine-broth.mzML,8-C3M06.mzML	-1																																														
115	2	286.22174776233896	1	286.22174776233896	0.0	758.761	1	1	bkgrnd-marine-broth.mzML,8-C3M06.mzML	-1																																														
116	6	290.133697509766	1	290.133697509766	0.0	231.00833333333333	0	6	8-C3M06.mzML	-1																																														
117	9	291.25464658383964	1	291.25464658383976	0.0	835.5741111111112	4	5	bkgrnd-marine-broth.mzML,8-C3M06.mzML	4																																														
118	2	298.255788167318	1	298.255788167318	0.0	930.0985	0	2	8-C3M06.mzML	-1																																														
119	4	298.255788167318	1	298.255788167318	0.0	942.17175	0	4	8-C3M06.mzML	-1																																														
120	2	300.202850341797	1	300.202850341797	0.0	421.5215	1	1	bkgrnd-marine-broth.mzML,8-C3M06.mzML	-1																																														
121	6	302.28683471679693	1	302.28683471679693	0.0	19.894166666666667	0	6	8-C3M06.mzML	-1																																														
122	108	304.2306953712744	1	304.23069537127424	0.0	468.7724583333334	18	90	bkgrnd-marine-broth.mzML,8-C3M06.mzML	-1																																														
123	18	304.3029649522568	1	304.3029649522567	0.0	640.9798333333333	6	12	bkgrnd-marine-broth.mzML,8-C3M06.mzML	23	CCMSLIB00003138572	123.0	specs_ms.mgf	GNPS-NIST14-MATCHES.mgf	0.914417	26493.7	651.262	8.22355	6.0	0.00250244	304.305	1.0	temp/specs_ms.mgf123	1.0	Spectral Match to Benzyldodecyldimethylammonium from NIST14	ESI	QqQ	Isolated	Data from Maria Maansson	Data deposited by marjo	Cat	304.302	0.0	1.0	10328355					3.0	Positive	GNPS-NIST14-MATCHES	304.302	UPDATE-SINGLE-ANNOTATED-BRONZE	Bronze											mzspec:GNPS:GNPS-LIBRARY:CCMSLIB00003138572
124	4	305.304153442383	1	305.304153442383	0.0	646.0695	0	4	8-C3M06.mzML	23	CCMSLIB00010115561	124.0	specs_ms.mgf	BERKELEY-LAB.mgf	0.926272	75041.2	646.589	741.338	7.0	0.226166	305.304	1.0	temp/specs_ms.mgf124	1.0	"""3,3'-Dimethoxyflavone CollisionEnergy:205060"""	LC-ESI	Orbitrap	Commercial	Trent Northen	JGI	M+Na	305.078	0.0	1.0			COc1cccc(-c2oc3ccccc3c(=O)c2OC)c1	"""InChI=1S/C17H14O4/c1-19-12-7-5-6-11(10-12)16-17(20-2)15(18)13-8-3-4-9-14(13)21-16/h3-10H,1-2H3"""		3.0	Positive	BERKELEY-LAB	305.078	UPDATE-SINGLE-ANNOTATED-BRONZE	Bronze		C17H14O4	AUAXNNILRNCQAX-UHFFFAOYSA-N	AUAXNNILRNCQAX	Phenylpropanoids and polyketides	Flavonoids	O-methylated flavonoids	Flavonoids	Flavonols	Shikimates and Phenylpropanoids	mzspec:GNPS:GNPS-LIBRARY:CCMSLIB00010115561
125	12	308.2815856933596	1	308.2815856933596	0.0	837.1795	6	6	bkgrnd-marine-broth.mzML,8-C3M06.mzML	4																																														
126	6	311.17519124349	1	311.17519124349	0.0	498.9066666666666	0	6	8-C3M06.mzML	-1																																														
127	5	317.180948893229	1	317.180948893229	0.0	255.0492	0	5	8-C3M06.mzML	-1																																														
128	3	318.1304117838543	1	318.1304117838543	0.0	414.25	1	2	bkgrnd-marine-broth.mzML,8-C3M06.mzML	-1	CCMSLIB00012788902	128.0	specs_ms.mgf	MSNLIB-POSITIVE.mgf	0.757736	8121.6	414.576	6107.05	6.0	1.93106	318.133	1.0	temp/specs_ms.mgf128	1.0	Z2370119375	ESI	Orbitrap	Commercial	Tomas Pluskal	Corinna Brungs	[M+H]+	316.202	315.195	1.0			CC(C)c1ccc(-c2noc(C3CN(C(C)C)CCO3)n2)cc1	InChI=1S/C18H25N3O2/c1-12(2)14-5-7-15(8-6-14)17-19-18(23-20-17)16-11-21(13(3)4)9-10-22-16/h5-8,12-13,16H,9-11H2,1-4H3	ZLFHTMMUIQAMRC-UHFFFAOYSA-N	1.0	Positive	MSNLIB-POSITIVE	316.202	UPDATE-SINGLE-ANNOTATED-GOLD	Gold		C18H25N3O2	ZLFHTMMUIQAMRC-UHFFFAOYSA-N	ZLFHTMMUIQAMRC	Organoheterocyclic compounds	Azoles	Oxadiazoles				mzspec:GNPS:GNPS-LIBRARY:CCMSLIB00012788902
129	10	328.271233468034	1	328.271233468034	0.0	436.89725	6	4	bkgrnd-marine-broth.mzML,8-C3M06.mzML	16																																														
130	26	328.27074005449145	1	328.2707400544913	0.0	402.2661794871794	13	13	bkgrnd-marine-broth.mzML,8-C3M06.mzML	16																																														
131	136	328.27084889571404	1	328.27084889571466	0.0	601.6074828431373	71	65	bkgrnd-marine-broth.mzML,8-C3M06.mzML	16																																														
132	18	328.27183652903034	1	328.2718365290302	0.0	386.8067222222223	13	5	bkgrnd-marine-broth.mzML,8-C3M06.mzML	16																																														
133	12	328.2715624103957	1	328.27156241039563	0.0	431.93755555555566	8	4	bkgrnd-marine-broth.mzML,8-C3M06.mzML	16																																														
134	118	328.27094912802653	1	328.27094912802715	0.0	639.6151807909605	64	54	bkgrnd-marine-broth.mzML,8-C3M06.mzML	16																																														
135	36	328.2719735883477	1	328.27197358834746	0.0	396.0892407407408	27	9	bkgrnd-marine-broth.mzML,8-C3M06.mzML	16																																														
136	66	329.270867550012	1	329.2708675500118	0.0	467.2033787878788	0	66	8-C3M06.mzML	16																																														
137	12	331.1985473632815	1	331.1985473632815	0.0	286.01125	6	6	bkgrnd-marine-broth.mzML,8-C3M06.mzML	32																																														
138	12	332.3317006429041	1	332.3317006429041	0.0	699.6213333333333	0	12	8-C3M06.mzML	23	CCMSLIB00003138474	138.0	specs_ms.mgf	GNPS-NIST14-MATCHES.mgf	0.884282	11713.0	688.541	29.2024	6.0	0.00970459	332.332	1.0	temp/specs_ms.mgf138	1.0	Spectral Match to Benzyltetradecyldimethylammonium from NIST14	ESI	QqQ	Isolated	Data from Maria Maansson	Data deposited by marjo	Cat	332.322	0.0	1.0	16287711					3.0	Positive	GNPS-NIST14-MATCHES	332.322	UPDATE-SINGLE-ANNOTATED-BRONZE	Bronze											mzspec:GNPS:GNPS-LIBRARY:CCMSLIB00003138474
139	8	332.3369522094728	1	332.3369522094727	0.0	719.1603749999999	6	2	bkgrnd-marine-broth.mzML,8-C3M06.mzML	23	CCMSLIB00003135888	139.0	specs_ms.mgf	GNPS-NIST14-MATCHES.mgf	0.926066	282848.0	714.894	19.5595	6.0	0.00650024	332.339	1.0	temp/specs_ms.mgf139	1.0	Spectral Match to Benzyltetradecyldimethylammonium from NIST14	ESI	QqQ	Isolated	Data from Maria Maansson	Data deposited by marjo	Cat	332.332	0.0	1.0	16287711					3.0	Positive	GNPS-NIST14-MATCHES	332.332	UPDATE-SINGLE-ANNOTATED-BRONZE	Bronze											mzspec:GNPS:GNPS-LIBRARY:CCMSLIB00003135888
140	6	333.335652669271	1	333.335652669271	0.0	713.0939999999999	0	6	8-C3M06.mzML	23	CCMSLIB00003139865	140.0	specs_ms.mgf	GNPS-NIST14-MATCHES.mgf	0.825135	85960.3	713.19	3023.1	6.0	1.00467	333.336	1.0	temp/specs_ms.mgf140	1.0	Spectral Match to Benzyltetradecyldimethylammonium from NIST14	ESI	QqQ	Isolated	Data from Pieter Dorrestein;Ruben Abagayan	Data deposited by lfnothias	Cat	332.331	0.0	1.0	16287711					3.0	Positive	GNPS-NIST14-MATCHES	332.331	UPDATE-SINGLE-ANNOTATED-BRONZE	Bronze											mzspec:GNPS:GNPS-LIBRARY:CCMSLIB00003139865
141	12	335.2819976806645	1	335.2819976806645	0.0	828.3131666666667	6	6	bkgrnd-marine-broth.mzML,8-C3M06.mzML	4																																														
142	3	344.2299804687503	1	344.2299804687503	0.0	432.3586666666667	2	1	bkgrnd-marine-broth.mzML,8-C3M06.mzML	4	CCMSLIB00010119628	142.0	specs_ms.mgf	BERKELEY-LAB.mgf	0.770553	9291.2	433.084	2926.09	7.0	1.0043	344.227	1.0	temp/specs_ms.mgf142	1.0	CCG-208200 CollisionEnergy:205060	LC-ESI	Orbitrap	Commercial	Trent Northen	JGI	M+H	343.223	0.0	1.0			CCOC(=O)C1OC1C(O)=NC(CC(C)C)C(O)=NCCC(C)C	"""InChI=1S/C17H30N2O5/c1-6-23-17(22)14-13(24-14)16(21)19-12(9-11(4)5)15(20)18-8-7-10(2)3/h10-14H,6-9H2,1-5H3,(H,18,20)(H,19,21)/t12-,13?,14-/m0/s1"""		3.0	Positive	BERKELEY-LAB	343.223	UPDATE-SINGLE-ANNOTATED-BRONZE	Bronze		C17H30N2O5	SRVFFFJZQVENJC-UHFFFAOYSA-N	SRVFFFJZQVENJC	Organic acids and derivatives	Carboxylic acids and derivatives	Amino acids, peptides, and analogues				mzspec:GNPS:GNPS-LIBRARY:CCMSLIB00010119628
143	62	346.2782481969473	1	346.2782481969474	0.0	610.6226236559139	16	46	bkgrnd-marine-broth.mzML,8-C3M06.mzML	16																																														
144	76	346.2779141520897	1	346.2779141520895	0.0	635.1971754385964	14	62	bkgrnd-marine-broth.mzML,8-C3M06.mzML	16																																														
145	12	352.3085988362631	1	352.3085988362631	0.0	826.4839166666667	6	6	bkgrnd-marine-broth.mzML,8-C3M06.mzML	4																																														
146	7	355.2646687825523	1	355.2646687825523	0.0	619.2424285714285	2	5	bkgrnd-marine-broth.mzML,8-C3M06.mzML	2																																														
147	12	358.24111429850296	1	358.24111429850296	0.0	614.0112499999999	0	12	8-C3M06.mzML	-1																																														
148	24	359.1938171386715	1	359.1938171386715	0.0	264.2315416666667	12	12	bkgrnd-marine-broth.mzML,8-C3M06.mzML	1																																														
149	6	360.36279296875	1	360.36279296875	0.0	782.2231666666665	0	6	8-C3M06.mzML	23	CCMSLIB00012338206	149.0	specs_ms.mgf	MSNLIB-POSITIVE.mgf	0.924132	26421.5	781.343	2.20183	6.0	0.000793457	360.363	1.0	temp/specs_ms.mgf149	1.0	Cetalkonium	ESI	Orbitrap	Crude	Tomas Pluskal	Corinna Brungs	[M]+	360.362	360.362	1.0			CCCCCCCCCCCCCCCC[N+](C)(C)Cc1ccccc1	InChI=1S/C25H46N/c1-4-5-6-7-8-9-10-11-12-13-14-15-16-20-23-26(2,3)24-25-21-18-17-19-22-25/h17-19,21-22H,4-16,20,23-24H2,1-3H3/q+1	QDYLMAYUEZBUFO-UHFFFAOYSA-N	1.0	Positive	MSNLIB-POSITIVE	360.362	UPDATE-SINGLE-ANNOTATED-GOLD	Gold			QDYLMAYUEZBUFO-UHFFFAOYSA-N	QDYLMAYUEZBUFO	Benzenoids	Benzene and substituted derivatives	Phenylmethylamines				mzspec:GNPS:GNPS-LIBRARY:CCMSLIB00012338206
150	2	371.227233886719	1	371.227233886719	0.0	422.019	0	2	8-C3M06.mzML	1																																														
151	2	373.279357910156	1	373.279357910156	0.0	617.053	2	0	bkgrnd-marine-broth.mzML	2	CCMSLIB00012361803	151.0	specs_ms.mgf	MSNLIB-POSITIVE.mgf	0.73326	10299.5	617.86	14.3891	9.0	0.00537109	373.279	1.0	temp/specs_ms.mgf151	1.0	cholic acid	ESI	Orbitrap	Crude	Tomas Pluskal	Corinna Brungs	[M+H-2H2O]+	373.274	408.288	1.0			C[C@H](CCC(=O)O)[C@H]1CC[C@H]2[C@@H]3[C@H](O)C[C@@H]4C[C@H](O)CC[C@]4(C)[C@H]3C[C@H](O)[C@]12C	InChI=1S/C24H40O5/c1-13(4-7-21(28)29)16-5-6-17-22-18(12-20(27)24(16,17)3)23(2)9-8-15(25)10-14(23)11-19(22)26/h13-20,22,25-27H,4-12H2,1-3H3,(H,28,29)/t13-,14+,15-,16-,17+,18+,19-,20+,22+,23+,24-/m1/s1	BHQCQFFYRZLCQQ-OELDTZBJSA-N	1.0	Positive	MSNLIB-POSITIVE	373.274	UPDATE-SINGLE-ANNOTATED-GOLD	Gold		C24H40O5	BHQCQFFYRZLCQQ-OELDTZBJSA-N	BHQCQFFYRZLCQQ	Lipids and lipid-like molecules	Steroids and steroid derivatives	Bile acids, alcohols and derivatives	Steroids	Cholane steroids	Terpenoids	mzspec:GNPS:GNPS-LIBRARY:CCMSLIB00012361803
152	12	379.3080902099604	1	379.3080902099604	0.0	821.3355	6	6	bkgrnd-marine-broth.mzML,8-C3M06.mzML	4																																														
153	2	383.228668212891	1	383.228668212891	0.0	424.405	0	2	8-C3M06.mzML	1	CCMSLIB00012280564	153.0	specs_ms.mgf	MSNLIB-POSITIVE.mgf	0.807459	15839.8	424.309	2561.98	6.0	0.984344	383.229	1.0	temp/specs_ms.mgf153	1.0	CA-074	ESI	Orbitrap	Crude	Tomas Pluskal	Corinna Brungs	[M+H]+	384.213	383.206	1.0			CCCNC(=O)[C@H]1O[C@@H]1C(=O)N[C@H](C(=O)N1CCC[C@H]1C(=O)O)[C@@H](C)CC	InChI=1S/C18H29N3O6/c1-4-8-19-15(22)13-14(27-13)16(23)20-12(10(3)5-2)17(24)21-9-6-7-11(21)18(25)26/h10-14H,4-9H2,1-3H3,(H,19,22)(H,20,23)(H,25,26)/t10-,11-,12-,13-,14-/m0/s1	ZEZGJKSEBRELAS-PEDHHIEDSA-N	1.0	Positive	MSNLIB-POSITIVE	384.213	UPDATE-SINGLE-ANNOTATED-GOLD	Gold		C18H29N3O6	ZEZGJKSEBRELAS-PEDHHIEDSA-N	ZEZGJKSEBRELAS	Organic acids and derivatives	Carboxylic acids and derivatives	Amino acids, peptides, and analogues	Small peptides	Dipeptides|Tripeptides	Amino acids and Peptides	mzspec:GNPS:GNPS-LIBRARY:CCMSLIB00012280564
154	2	385.243469238281	1	385.243469238281	0.0	448.641	0	2	8-C3M06.mzML	-1																																														
155	2	385.249328613281	1	385.249328613281	0.0	442.302	2	0	bkgrnd-marine-broth.mzML	1																																														
156	7	388.2554582868305	1	388.2554582868305	0.0	439.47	3	4	bkgrnd-marine-broth.mzML,8-C3M06.mzML	4																																														
157	6	392.1803487141929	1	392.1803487141929	0.0	278.39283333333333	0	6	8-C3M06.mzML	1																																														
158	12	396.335952758789	1	396.335952758789	0.0	818.3787500000001	6	6	bkgrnd-marine-broth.mzML,8-C3M06.mzML	4																																														
159	2	401.290990193685	1	401.290990193685	0.0	818.4110000000001	1	1	bkgrnd-marine-broth.mzML,8-C3M06.mzML	42																																														
160	2	403.319376627604	1	403.319376627604	0.0	825.0290000000001	1	1	bkgrnd-marine-broth.mzML,8-C3M06.mzML	13																																														
161	6	414.2333780924481	1	414.2333780924481	0.0	380.09366666666665	0	6	8-C3M06.mzML	-1																																														
162	4	415.210830688477	1	415.210830688477	0.0	730.6530000000001	0	4	8-C3M06.mzML	-1	CCMSLIB00010139347	162.0	specs_ms.mgf	MCE-DRUG.mgf	0.890981	7038.5	731.173	0.367495	6.0	0.000152588	415.211	1.0	temp/specs_ms.mgf162	1.0	Trospium	ESI	Orbitrap	Crude	Tomas Pluskal	Corinna Brungs	M+H	415.211	392.222	1.0			O=C(OC1C[C@H]2CC[C@@H](C1)[N+]21CCCC1)C(O)(c1ccccc1)c1ccccc1	"""InChI=1S/C25H30NO3/c27-24(25(28,19-9-3-1-4-10-19)20-11-5-2-6-12-20)29-23-17-21-13-14-22(18-23)26(21)15-7-8-16-26/h1-6,9-12,21-23,28H,7-8,13-18H2/q+1/t21-,22+,23?"""	OYYDSUSKLWTMMQ-AIZNXBIQSA-N	3.0	Positive	MCE-DRUG	415.211	UPDATE-SINGLE-ANNOTATED-BRONZE	Bronze			OYYDSUSKLWTMMQ-AIZNXBIQSA-N	OYYDSUSKLWTMMQ	Benzenoids	Benzene and substituted derivatives	Diphenylmethanes				mzspec:GNPS:GNPS-LIBRARY:CCMSLIB00010139347
163	2	415.2554321289065	1	415.2554321289065	0.0	445.3765	1	1	bkgrnd-marine-broth.mzML,8-C3M06.mzML	4																																														
164	4	419.23078918457054	1	419.23078918457054	0.0	458.586	2	2	bkgrnd-marine-broth.mzML,8-C3M06.mzML	1	CCMSLIB00012315475	164.0	specs_ms.mgf	MSNLIB-NEGATIVE.mgf	0.729371	24975.5	457.697	1923.9	6.0	0.808105	419.228	1.0	temp/specs_ms.mgf164	1.0	223499-30-7	ESI	Orbitrap	Crude	Tomas Pluskal	Corinna Brungs	[M-H]-	420.036	421.043	1.0			Cc1c(C(=O)Nc2ccc(-n3nc(C(F)(F)F)cc3C(F)(F)F)cc2)snn1	InChI=1S/C15H9F6N5OS/c1-7-12(28-25-23-7)13(27)22-8-2-4-9(5-3-8)26-11(15(19,20)21)6-10(24-26)14(16,17)18/h2-6H,1H3,(H,22,27)	XPRZIORDEVHURQ-UHFFFAOYSA-N	1.0	Negative	MSNLIB-NEGATIVE	420.036	UPDATE-SINGLE-ANNOTATED-GOLD	Gold		C15H9F6N5OS	XPRZIORDEVHURQ-UHFFFAOYSA-N	XPRZIORDEVHURQ	Benzenoids	Benzene and substituted derivatives	Anilides			Alkaloids	mzspec:GNPS:GNPS-LIBRARY:CCMSLIB00012315475
165	12	423.3348693847655	1	423.3348693847655	0.0	813.7030833333333	6	6	bkgrnd-marine-broth.mzML,8-C3M06.mzML	4	CCMSLIB00013641099	165.0	specs_ms.mgf	3-HYDROXY-ACYL-AMIDES-LIBRARY.mgf	0.729368	9542.1	814.411	2204.87	7.0	0.935455	423.332	1.0	temp/specs_ms.mgf165	1.0	3-hydroxyhexadecanoyl glutamic acid [M+Na]+	LC-ESI	Orbitrap	Crude	Pieter Dorrestein	victoriadeleray	[M+Na]+	424.267	401.278	1.0			CCCCCCCCCCCCCC(O)CC(=O)N[C@@H](CCC(=O)O)C(=O)O	"""InChI=1S/C21H39NO6/c1-2-3-4-5-6-7-8-9-10-11-12-13-17(23)16-19(24)22-18(21(27)28)14-15-20(25)26/h17-18,23H,2-16H2,1H3,(H,22,24)(H,25,26)(H,27,28)/t17?,18-/m0/s1"""	"""InChI=1S/C21H39NO6/c1-2-3-4-5-6-7-8-9-10-11-12-13-17(23)16-19(24)22-18(21(27)28)14-15-20(25)26/h17-18,23H,2-16H2,1H3,(H,22,24)(H,25,26)(H,27,28)/t17?,18-/m0/s1 [M+Na]+"""	1.0	Positive	3-HYDROXY-ACYL-AMIDES-LIBRARY	424.267	UPDATE-SINGLE-ANNOTATED-GOLD	Gold		C21H39NO6	AQACJCDWHULJHK-ZVAWYAOSSA-N	AQACJCDWHULJHK				Fatty amides	N-acyl amines	Fatty acids	mzspec:GNPS:GNPS-LIBRARY:CCMSLIB00013641099
166	2	426.321350097656	1	426.321350097656	0.0	618.3745	0	2	8-C3M06.mzML	2	CCMSLIB00004691587	166.0	specs_ms.mgf	MONA.mgf	0.730542	18622.7	616.374	0.787419	16.0	0.000335693	426.321	1.0	temp/specs_ms.mgf166	1.0	Cholic Acid		ESI-QFT	isolated	MoNA	MoNA:VF-NPL-QEHF000524	[M+NH4]+	426.321	0.0	1.0			C[C@H](CCC(=O)O)[C@H]1CC[C@H]2[C@@H]3[C@H](O)C[C@@H]4C[C@H](O)CC[C@]4(C)[C@H]3C[C@H](O)[C@]12C	InChI=1S/C24H40O5/c1-13(4-7-21(28)29)16-5-6-17-22-18(12-20(27)24(16,17)3)23(2)9-8-15(25)10-14(23)11-19(22)26/h13-20,22,25-27H,4-12H2,1-3H3,(H,28,29)/t13-,14+,15-,16-,17+,18+,19-,20+,22+,23+,24-/m1/s1		3.0	positive	MONA	426.321	UPDATE-SINGLE-ANNOTATED-BRONZE	Bronze		C24H40O5	BHQCQFFYRZLCQQ-OELDTZBJSA-N	BHQCQFFYRZLCQQ	Lipids and lipid-like molecules	Steroids and steroid derivatives	Bile acids, alcohols and derivatives	Steroids	Cholane steroids	Terpenoids	mzspec:GNPS:GNPS-LIBRARY:CCMSLIB00004691587
167	2	427.229553222656	1	427.229553222656	0.0	410.466	0	2	8-C3M06.mzML	1																																														
168	7	428.2525394984656	1	428.2525394984656	0.0	424.0207142857143	4	3	bkgrnd-marine-broth.mzML,8-C3M06.mzML	-1																																														
169	10	430.23171997070295	1	430.23171997070295	0.0	415.5009	6	4	bkgrnd-marine-broth.mzML,8-C3M06.mzML	1																																														
170	2	430.243286132813	1	430.243286132813	0.0	471.5455	0	2	8-C3M06.mzML	-1																																														
171	10	432.2819519042968	1	432.2819519042968	0.0	444.9532	4	6	bkgrnd-marine-broth.mzML,8-C3M06.mzML	4																																														
172	10	440.25278930664047	1	440.2527893066404	0.0	429.4532	6	4	bkgrnd-marine-broth.mzML,8-C3M06.mzML	1																																														
173	11	440.361954197739	1	440.361954197739	0.0	809.6380000000001	5	6	bkgrnd-marine-broth.mzML,8-C3M06.mzML	4																																														
174	6	440.413314819336	1	440.413314819336	0.0	729.7038333333334	3	3	bkgrnd-marine-broth.mzML,8-C3M06.mzML	28																																														
175	6	440.413314819336	1	440.413314819336	0.0	729.8955000000001	3	3	bkgrnd-marine-broth.mzML,8-C3M06.mzML	28																																														
176	6	444.288208007813	1	444.288208007813	0.0	605.3701666666667	0	6	8-C3M06.mzML	13																																														
177	10	444.2999084472658	1	444.2999084472658	0.0	736.0435999999999	4	6	bkgrnd-marine-broth.mzML,8-C3M06.mzML	13																																														
178	6	446.223108927409	1	446.223108927409	0.0	322.7875	0	6	8-C3M06.mzML	1																																														
179	6	446.223108927409	1	446.223108927409	0.0	382.1735	0	6	8-C3M06.mzML	-1																																														
180	3	447.349294026693	1	447.349294026693	0.0	820.9879999999999	3	0	bkgrnd-marine-broth.mzML	13																																														
181	2	448.305643717448	1	448.305643717448	0.0	552.4079999999999	0	2	8-C3M06.mzML	2	CCMSLIB00005464592	181.0	specs_ms.mgf	GNPS-MSMLS.mgf	0.742966	26366.5	551.599	1.42954	15.0	0.000640869	448.306	1.0	temp/specs_ms.mgf181	1.0	GLYCOCHOLATE	ESI	Orbitrap	Commercial	Dorrestein	Kelly Weldon	M-H2O+H	448.305	465.309	1.0	475-31-0		[H][C@@]12CC[C@H]([C@H](C)CCC(=O)NCC(O)=O)[C@@]1(C)[C@@H](O)C[C@@]1([H])[C@@]2([H])[C@H](O)CC2C[C@H](O)CC[C@]12C	"""InChI=1S/C26H43NO6/c1-14(4-7-22(31)27-13-23(32)33)17-5-6-18-24-19(12-21(30)26(17,18)3)25(2)9-8-16(28)10-15(25)11-20(24)29/h14-21,24,28-30H,4-13H2,1-3H3,(H,27,31)(H,32,33)/t14-,15?,16-,17-,18+,19+,20-,21+,24+,25+,26-/m1/s1"""		1.0	Positive	GNPS-MSMLS	448.305	UPDATE-SINGLE-ANNOTATED-GOLD	Gold		C26H43NO6	RFDAIACWWDREDC-MZMBZMQMSA-N	RFDAIACWWDREDC	Lipids and lipid-like molecules	Steroids and steroid derivatives	Bile acids, alcohols and derivatives	Steroids	Cholane steroids	Terpenoids	mzspec:GNPS:GNPS-LIBRARY:CCMSLIB00005464592
182	2	450.321736653646	1	450.321736653646	0.0	638.3410000000001	0	2	8-C3M06.mzML	2	CCMSLIB00005738045	182.0	specs_ms.mgf	MASSBANK.mgf	0.766177	15706.9	637.917	1.62644	18.0	0.000732422	450.322	1.0	temp/specs_ms.mgf182	1.0	Massbank:RP005403 Glycodeoxycholic acid|2-[[(4R)-4-[(3R,8R,9S,10S,12S,13R,14S,17R)-3,12-dihydroxy-10,13-dimethyl-2,3,4,5,6,7,8,9,11,12,14,15,16,17-tetradecahydro-1H-cyclopenta[a]phenanthren-17-yl]pentanoyl]amino]acetic	ESI	qTof	Isolated	Massbank	Massbank	M+H	450.321	0.0	1.0	360-65-6		C[C@H](CCC(=O)NCC(=O)O)[C@H]1CC[C@@H]2[C@@]1([C@H](C[C@H]3[C@H]2CCC4[C@@]3(CC[C@H](C4)O)C)O)C	1S/C26H43NO5/c1-15(4-9-23(30)27-14-24(31)32)19-7-8-20-18-6-5-16-12-17(28)10-11-25(16,2)21(18)13-22(29)26(19,20)3/h15-22,28-29H,4-14H2,1-3H3,(H,27,30)(H,31,32)/t15-,16?,17-,18+,19-,20+,21+,22+,25+,26-/m1/s1		3.0	Positive	MASSBANK	450.321	UPDATE-SINGLE-ANNOTATED-BRONZE	Bronze		C26H43NO5	WVULKSPCQVQLCU-XMPMLJJQSA-N	WVULKSPCQVQLCU	Lipids and lipid-like molecules	Steroids and steroid derivatives	Bile acids, alcohols and derivatives	Steroids	Cholane steroids	Terpenoids	mzspec:GNPS:GNPS-LIBRARY:CCMSLIB00005738045
183	3	450.3237575954863	1	450.3237575954863	0.0	638.4169999999999	1	2	bkgrnd-marine-broth.mzML,8-C3M06.mzML	2																																														
184	4	456.24716186523455	1	456.24716186523455	0.0	424.196	2	2	bkgrnd-marine-broth.mzML,8-C3M06.mzML	1																																														
185	5	458.26353149414064	1	458.26353149414064	0.0	426.3072	3	2	bkgrnd-marine-broth.mzML,8-C3M06.mzML	1																																														
186	4	460.242263793945	1	460.242263793945	0.0	417.38000000000005	2	2	bkgrnd-marine-broth.mzML,8-C3M06.mzML	1																																														
187	3	466.3187967936197	1	466.3187967936197	0.0	550.1333333333333	1	2	bkgrnd-marine-broth.mzML,8-C3M06.mzML	2	CCMSLIB00004716316	187.0	specs_ms.mgf	MONA.mgf	0.937409	86780.3	550.831	0.850772	22.0	0.000396729	466.316	1.0	temp/specs_ms.mgf187	1.0	Glycocholic Acid		ESI-QFT	isolated	MoNA	MoNA:VF-NPL-QEHF025253	[M+H]+	466.316	0.0	1.0			C[C@H](CCC(O)=NCC(=O)O)[C@H]1CC[C@H]2[C@@H]3[C@H](O)C[C@@H]4C[C@H](O)CC[C@]4(C)[C@H]3C[C@H](O)[C@]12C	InChI=1S/C26H43NO6/c1-14(4-7-22(31)27-13-23(32)33)17-5-6-18-24-19(12-21(30)26(17,18)3)25(2)9-8-16(28)10-15(25)11-20(24)29/h14-21,24,28-30H,4-13H2,1-3H3,(H,27,31)(H,32,33)/t14-,15+,16-,17-,18+,19+,20-,21+,24+,25+,26-/m1/s1		3.0	positive	MONA	466.316	UPDATE-SINGLE-ANNOTATED-BRONZE	Bronze		C26H43NO6	RFDAIACWWDREDC-FRVQLJSFSA-N	RFDAIACWWDREDC	Lipids and lipid-like molecules	Steroids and steroid derivatives	Bile acids, alcohols and derivatives	Steroids	Cholane steroids	Terpenoids	mzspec:GNPS:GNPS-LIBRARY:CCMSLIB00004716316
188	4	466.3199920654295	1	466.3199920654295	0.0	550.0720000000001	2	2	bkgrnd-marine-broth.mzML,8-C3M06.mzML	2	CCMSLIB00012282092	188.0	specs_ms.mgf	MSNLIB-POSITIVE.mgf	0.921601	38332.8	549.408	0.850772	16.0	0.000396729	466.316	1.0	temp/specs_ms.mgf188	1.0	Glycocholic acid	ESI	Orbitrap	Crude	Tomas Pluskal	Corinna Brungs	[M+H]+	466.316	465.309	1.0			C[C@H](CCC(=O)NCC(=O)O)[C@H]1CC[C@H]2[C@@H]3[C@H](O)C[C@@H]4C[C@H](O)CC[C@]4(C)[C@H]3C[C@H](O)[C@]12C	InChI=1S/C26H43NO6/c1-14(4-7-22(31)27-13-23(32)33)17-5-6-18-24-19(12-21(30)26(17,18)3)25(2)9-8-16(28)10-15(25)11-20(24)29/h14-21,24,28-30H,4-13H2,1-3H3,(H,27,31)(H,32,33)/t14-,15+,16-,17-,18+,19+,20-,21+,24+,25+,26-/m1/s1	RFDAIACWWDREDC-FRVQLJSFSA-N	1.0	Positive	MSNLIB-POSITIVE	466.316	UPDATE-SINGLE-ANNOTATED-GOLD	Gold		C26H43NO6	RFDAIACWWDREDC-FRVQLJSFSA-N	RFDAIACWWDREDC	Lipids and lipid-like molecules	Steroids and steroid derivatives	Bile acids, alcohols and derivatives	Steroids	Cholane steroids	Terpenoids	mzspec:GNPS:GNPS-LIBRARY:CCMSLIB00012282092
189	11	476.30925034031713	1	476.3092503403172	0.0	448.89627272727273	6	5	bkgrnd-marine-broth.mzML,8-C3M06.mzML	4																																														
190	8	477.3336791992188	1	477.3336791992188	0.0	618.870625	2	6	bkgrnd-marine-broth.mzML,8-C3M06.mzML	13																																														
191	5	482.368275960286	1	482.368275960286	0.0	888.4707999999999	0	5	8-C3M06.mzML	4																																														
192	12	483.25283304850245	1	483.25283304850245	0.0	728.429	6	6	bkgrnd-marine-broth.mzML,8-C3M06.mzML	13																																														
193	2	483.290130615234	1	483.290130615234	0.0	446.259	0	2	8-C3M06.mzML	13																																														
194	12	484.3879241943359	1	484.387924194336	0.0	802.0838333333335	6	6	bkgrnd-marine-broth.mzML,8-C3M06.mzML	4																																														
195	10	488.2378601074223	1	488.2378601074223	0.0	413.6689	6	4	bkgrnd-marine-broth.mzML,8-C3M06.mzML	1																																														
196	9	491.373731825087	1	491.373731825087	0.0	812.5547777777778	6	3	bkgrnd-marine-broth.mzML,8-C3M06.mzML	13																																														
197	9	495.476874457465	1	495.476874457465	0.0	19.38711111111111	9	0	bkgrnd-marine-broth.mzML	-1																																														
198	9	495.476874457465	1	495.476874457465	0.0	19.39027777777778	9	0	bkgrnd-marine-broth.mzML	-1																																														
199	6	498.291834513346	1	498.291834513346	0.0	601.6816666666667	3	3	bkgrnd-marine-broth.mzML,8-C3M06.mzML	2	CCMSLIB00005465772	199.0	specs_ms.mgf	BILELIB19.mgf	0.877845	24827.7	608.478	0.306224	18.0	0.000152588	498.288	1.0	temp/specs_ms.mgf199	1.0	"""2-((R)-4-((3R,5S,7S,8R,9S,10S,12S,13R,14S,17R)-3,7,12-trihydroxy-10,13-dimethylhexadecahydro-1H-cyclopenta[a]phenanthren-17-yl)pentanamido)ethane-1-sulfonic acid"""	ESI	qTof	crude	Dorrestein	Emily Gentry	M-H2O+H	498.288	515.292	1.0			C[C@@H]([C@H]1CC[C@]2([H])[C@]1(C)[C@@H](O)C[C@@]3([H])[C@@]2([H])[C@@H](O)C[C@@]4([H])[C@]3(C)CC[C@@H](O)C4)CCC(NCCS(O)(=O)=O)=O	"""InChI=1S/C26H45NO7S/c1-15(4-7-23(31)27-10-11-35(32,33)34)18-5-6-19-24-20(14-22(30)26(18,19)3)25(2)9-8-17(28)12-16(25)13-21(24)29/h15-22,24,28-30H,4-14H2,1-3H3,(H,27,31)(H,32,33,34)/t15-,16+,17-,18-,19+,20+,21+,22+,24+,25+,26-/m1/s1"""		1.0	Positive	BILELIB19	498.288	UPDATE-SINGLE-ANNOTATED-GOLD	Gold		C26H45NO7S	WBWWGRHZICKQGZ-FREJXKSPSA-N	WBWWGRHZICKQGZ	Lipids and lipid-like molecules	Steroids and steroid derivatives	Bile acids, alcohols and derivatives	Steroids	Cholane steroids	Terpenoids	mzspec:GNPS:GNPS-LIBRARY:CCMSLIB00005465772
200	4	498.289990743001	1	498.289990743001	0.0	604.24	1	3	bkgrnd-marine-broth.mzML,8-C3M06.mzML	2	CCMSLIB00011429941	200.0	specs_ms.mgf	BILELIB19.mgf	0.760641	18183.3	606.287	0.306224	11.0	0.000152588	498.288	1.0	temp/specs_ms.mgf200	1.0	(((3a,7a,12b)-3,7,12-trihydroxy-24-oxocholan-24-yl)amino)ethanesulfonic acid	ESI	Orbitrap	Isolated	Dorrestein	Ipsita Mohanty	M-H2O+H	498.288	515.292	1.0			O=S(O)(CCNC(CC[C@@H](C)C1CC[C@@]2([H])[C@]3([H])[C@H](O)CC4C[C@H](O)CC[C@]4(C)[C@@]3([H])C[C@@H](O)[C@]12C)=O)=O	InChI=1S/C26H45NO7S/c1-15(4-7-23(31)27-10-11-35(32,33)34)18-5-6-19-24-20(14-22(30)26(18,19)3)25(2)9-8-17(28)12-16(25)13-21(24)29/h15-22,24,28-30H,4-14H2,1-3H3,(H,27,31)(H,32,33,34)/t15-,16?,17-,18?,19+,20+,21-,22-,24+,25+,26-/m1/s1		1.0	Positive	BILELIB19	498.288	UPDATE-SINGLE-ANNOTATED-GOLD	Gold		C26H45NO7S	WBWWGRHZICKQGZ-HWRPTZMOSA-N	WBWWGRHZICKQGZ				Steroids	Cholane steroids	Terpenoids	mzspec:GNPS:GNPS-LIBRARY:CCMSLIB00011429941
201	12	499.2127990722659	1	499.2127990722659	0.0	360.0745	0	12	8-C3M06.mzML	-1																																														
202	6	511.290323893229	1	511.290323893229	0.0	431.4408333333333	4	2	bkgrnd-marine-broth.mzML,8-C3M06.mzML	1																																														
203	3	514.357666015625	1	514.357666015625	0.0	651.8979999999999	0	3	8-C3M06.mzML	4																																														
204	3	514.357666015625	1	514.357666015625	0.0	652.09	0	3	8-C3M06.mzML	4																																														
205	2	516.298299153646	1	516.298299153646	0.0	612.0555	0	2	8-C3M06.mzML	2	CCMSLIB00003136277	205.0	specs_ms.mgf	GNPS-NIST14-MATCHES.mgf	0.718153	11897.6	612.863	1.4186	15.0	0.000732422	516.298	1.0	temp/specs_ms.mgf205	1.0	Spectral Match to Taurocholic acid from NIST14	ESI	Q-TOF	Isolated	Data from Joshua Wollam	Data deposited by fevargas	M+H	516.299	0.0	1.0	81243					3.0	Positive	GNPS-NIST14-MATCHES	516.299	UPDATE-SINGLE-ANNOTATED-BRONZE	Bronze											mzspec:GNPS:GNPS-LIBRARY:CCMSLIB00003136277
206	6	518.358194986979	1	518.358194986979	0.0	640.8133333333334	0	6	8-C3M06.mzML	13																																														
207	9	520.3361748589411	1	520.336174858941	0.0	452.92288888888896	5	4	bkgrnd-marine-broth.mzML,8-C3M06.mzML	4	CCMSLIB00017431428	207.0	specs_ms.mgf	GNPS-ION-MOBILITY-LIBRARY.mgf	0.705534	49136.0	450.594	1951.67	9.0	1.01355	520.339	1.0	temp/specs_ms.mgf207	1.0	C23 3a, 7b_kojic acid [CCS=212.06292724609375]	LC-ESI	ToF	Crude	Pieter Dorrestein	victoriadeleray	[M+NH4]+	519.325	502.299	1.0			C[C@H](CC(=O)Oc1coc(CO)cc1=O)[C@H]1CC[C@H]2[C@@H]3[C@@H](O)C[C@@H]4C[C@H](O)CC[C@]4(C)[C@H]3CC[C@]12C	InChI=1S/C29H42O7/c1-16(10-26(34)36-25-15-35-19(14-30)13-23(25)32)20-4-5-21-27-22(7-9-29(20,21)3)28(2)8-6-18(31)11-17(28)12-24(27)33/h13,15-18,20-22,24,27,30-31,33H,4-12,14H2,1-3H3/t16-,17+,18-,20-,21+,22+,24+,27+,28+,29-/m1/s1		1.0	Positive	GNPS-ION-MOBILITY-LIBRARY	519.325	UPDATE-SINGLE-ANNOTATED-GOLD	Gold		C29H42O7	CJTAEJMPVLHPJH-ZWRVDEOFSA-N	CJTAEJMPVLHPJH				Steroids	Cholestane steroids	Terpenoids	mzspec:GNPS:GNPS-LIBRARY:CCMSLIB00017431428
208	5	522.2221557617186	1	522.2221557617186	0.0	428.6948	3	2	bkgrnd-marine-broth.mzML,8-C3M06.mzML	1																																														
209	2	525.290283203125	1	525.290283203125	0.0	453.72100000000006	1	1	bkgrnd-marine-broth.mzML,8-C3M06.mzML	42																																														
210	11	526.3987667199336	1	526.3987667199336	0.0	880.0920000000002	6	5	bkgrnd-marine-broth.mzML,8-C3M06.mzML	4																																														
211	8	527.2823181152347	1	527.2823181152347	0.0	395.171625	2	6	bkgrnd-marine-broth.mzML,8-C3M06.mzML	-1																																														
212	12	528.4142354329424	1	528.4142354329424	0.0	796.3570000000001	6	6	bkgrnd-marine-broth.mzML,8-C3M06.mzML	4																																														
213	2	531.349772135417	1	531.349772135417	0.0	883.3045000000001	0	2	8-C3M06.mzML	42																																														
214	6	533.328857421875	1	533.328857421875	0.0	601.1938333333334	3	3	bkgrnd-marine-broth.mzML,8-C3M06.mzML	2																																														
215	4	533.3269856770835	1	533.3269856770835	0.0	603.91225	1	3	bkgrnd-marine-broth.mzML,8-C3M06.mzML	2	CCMSLIB00011429967	215.0	specs_ms.mgf	BILELIB19.mgf	0.79304	17947.7	605.055	1.6022	14.0	0.000854492	533.325	1.0	temp/specs_ms.mgf215	1.0	(((3a,7b,12a)-3,7,12-trihydroxy-24-oxocholan-24-yl)amino)ethanesulfonic acid	ESI	Orbitrap	Isolated	Dorrestein	Ipsita Mohanty	M+NH4	533.326	515.292	1.0			O=S(O)(CCNC(CC[C@@H](C)C1CC[C@@]2([H])[C@]3([H])[C@@H](O)CC4C[C@H](O)CC[C@]4(C)[C@@]3([H])C[C@H](O)[C@]12C)=O)=O	InChI=1S/C26H45NO7S/c1-15(4-7-23(31)27-10-11-35(32,33)34)18-5-6-19-24-20(14-22(30)26(18,19)3)25(2)9-8-17(28)12-16(25)13-21(24)29/h15-22,24,28-30H,4-14H2,1-3H3,(H,27,31)(H,32,33,34)/t15-,16?,17-,18?,19+,20+,21+,22+,24+,25+,26-/m1/s1		1.0	Positive	BILELIB19	533.326	UPDATE-SINGLE-ANNOTATED-GOLD	Gold		C26H45NO7S	WBWWGRHZICKQGZ-QEKOJPBFSA-N	WBWWGRHZICKQGZ				Steroids	Cholane steroids	Terpenoids	mzspec:GNPS:GNPS-LIBRARY:CCMSLIB00011429967
216	9	534.3588256835933	1	534.3588256835933	0.0	552.3785555555555	6	3	bkgrnd-marine-broth.mzML,8-C3M06.mzML	13																																														
217	8	535.3987731933595	1	535.3987731933594	0.0	806.53075	4	4	bkgrnd-marine-broth.mzML,8-C3M06.mzML	13																																														
218	2	538.280456542969	1	538.280456542969	0.0	611.727	0	2	8-C3M06.mzML	-1																																														
219	6	542.350301106771	1	542.350301106771	0.0	19.438444444444443	0	6	8-C3M06.mzML	13																																														
220	2	557.2951965332035	1	557.2951965332035	0.0	426.294	1	1	bkgrnd-marine-broth.mzML,8-C3M06.mzML	-1																																														
221	12	564.3616333007816	1	564.3616333007816	0.0	456.6901666666667	6	6	bkgrnd-marine-broth.mzML,8-C3M06.mzML	4																																														
222	3	569.3203531901044	1	569.3203531901044	0.0	454.9736666666667	2	1	bkgrnd-marine-broth.mzML,8-C3M06.mzML	42																																														
223	2	569.3189086914065	1	569.3189086914065	0.0	456.722	1	1	bkgrnd-marine-broth.mzML,8-C3M06.mzML	42																																														
224	6	570.2860310872401	1	570.2860310872401	0.0	276.39500000000004	0	6	8-C3M06.mzML	-1																																														
225	12	570.424641927083	1	570.424641927083	0.0	872.0886666666667	6	6	bkgrnd-marine-broth.mzML,8-C3M06.mzML	4																																														
226	12	572.4410196940104	1	572.4410196940104	0.0	790.1575	6	6	bkgrnd-marine-broth.mzML,8-C3M06.mzML	4																																														
227	3	584.3074883355036	1	584.3074883355036	0.0	417.7686666666668	2	1	bkgrnd-marine-broth.mzML,8-C3M06.mzML	1																																														
228	4	584.3081054687502	1	584.3081054687502	0.0	416.065	3	1	bkgrnd-marine-broth.mzML,8-C3M06.mzML	1																																														
229	7	586.3210841587609	1	586.3210841587609	0.0	432.3725714285714	3	4	bkgrnd-marine-broth.mzML,8-C3M06.mzML	1																																														
230	2	590.283935546875	1	590.283935546875	0.0	401.684	0	2	8-C3M06.mzML	-1																																														
231	4	598.451202392578	1	598.451202392578	0.0	508.0212916666667	0	4	8-C3M06.mzML	4																																														
232	2	602.277038574219	1	602.277038574219	0.0	410.795	0	2	8-C3M06.mzML	-1																																														
233	2	602.277038574219	1	602.277038574219	0.0	410.987	0	2	8-C3M06.mzML	-1																																														
234	12	608.3876342773441	1	608.3876342773441	0.0	458.8178333333334	6	6	bkgrnd-marine-broth.mzML,8-C3M06.mzML	4	CCMSLIB00004698561	234.0	specs_ms.mgf	MONA.mgf	0.814627	33742.0	457.121	1713.45	10.0	1.04065	608.384	1.0	temp/specs_ms.mgf234	1.0	dehydroxynocardamine		ESI-QFT	isolated	MoNA	MoNA:VF-NPL-QEHF007498	[M+Na]+	607.343	0.0	1.0			O=C1CCC(O)=NCCCCCN=C(O)CCC(O)=NCCCCCN(O)C(=O)CCC(O)=NCCCCCN1O	InChI=1S/C27H48N6O8/c34-22-10-11-23(35)29-18-6-2-8-20-32(40)27(39)15-13-25(37)31-19-7-3-9-21-33(41)26(38)14-12-24(36)30-17-5-1-4-16-28-22/h40-41H,1-21H2,(H,28,34)(H,29,35)(H,30,36)(H,31,37)		3.0	positive	MONA	607.343	UPDATE-SINGLE-ANNOTATED-BRONZE	Bronze		C27H48N6O8	ABHHIGWFFMCQOC-UHFFFAOYSA-N	ABHHIGWFFMCQOC						Alkaloids	mzspec:GNPS:GNPS-LIBRARY:CCMSLIB00004698561
235	3	612.3362155490453	1	612.3362155490453	0.0	429.7653333333333	1	2	bkgrnd-marine-broth.mzML,8-C3M06.mzML	1																																														
236	3	612.3362155490453	1	612.3362155490453	0.0	429.9573333333334	1	2	bkgrnd-marine-broth.mzML,8-C3M06.mzML	1																																														
237	4	612.3375040690105	1	612.3375040690105	0.0	436.7389999999999	2	2	bkgrnd-marine-broth.mzML,8-C3M06.mzML	1																																														
238	2	612.341369628906	1	612.341369628906	0.0	439.529	2	0	bkgrnd-marine-broth.mzML	-1																																														
239	8	614.353057861328	1	614.3530578613281	0.0	442.4135	4	4	bkgrnd-marine-broth.mzML,8-C3M06.mzML	1																																														
240	10	614.4524861653643	1	614.4524861653642	0.0	865.4338000000001	6	4	bkgrnd-marine-broth.mzML,8-C3M06.mzML	4																																														
241	2	614.446980794271	1	614.446980794271	0.0	865.4879999999999	0	2	8-C3M06.mzML	4																																														
242	2	615.311218261719	1	615.311218261719	0.0	413.2815	1	1	bkgrnd-marine-broth.mzML,8-C3M06.mzML	-1																																														
243	12	616.4670715332031	1	616.4670715332031	0.0	785.8820000000001	6	6	bkgrnd-marine-broth.mzML,8-C3M06.mzML	4																																														
244	6	618.3265991210941	1	618.3265991210941	0.0	405.4363333333334	3	3	bkgrnd-marine-broth.mzML,8-C3M06.mzML	-1																																														
245	6	618.3265991210941	1	618.3265991210941	0.0	405.6283333333333	3	3	bkgrnd-marine-broth.mzML,8-C3M06.mzML	1																																														
246	8	652.4116210937498	1	652.4116210937498	0.0	462.28575	2	6	bkgrnd-marine-broth.mzML,8-C3M06.mzML	4																																														
247	3	655.339274088542	1	655.339274088542	0.0	423.6023333333333	0	3	8-C3M06.mzML	1																																														
248	2	655.339274088542	1	655.339274088542	0.0	424.732	0	2	8-C3M06.mzML	1																																														
249	12	658.4775797526039	1	658.4775797526039	0.0	858.929	6	6	bkgrnd-marine-broth.mzML,8-C3M06.mzML	4																																														
250	9	660.493060076678	1	660.493060076678	0.0	781.5814444444444	4	5	bkgrnd-marine-broth.mzML,8-C3M06.mzML	4																																														
251	7	696.4394444056923	1	696.4394444056923	0.0	463.2615714285713	3	4	bkgrnd-marine-broth.mzML,8-C3M06.mzML	4																																														
252	4	702.498616536458	1	702.498616536458	0.0	852.6985	0	4	8-C3M06.mzML	4																																														
253	2	702.498616536458	1	702.498616536458	0.0	852.794	0	2	8-C3M06.mzML	4																																														
254	6	740.4647420247397	1	740.4647420247397	0.0	465.1163333333333	2	4	bkgrnd-marine-broth.mzML,8-C3M06.mzML	4																																														
255	3	743.394734700521	1	743.394734700521	0.0	443.946	1	2	bkgrnd-marine-broth.mzML,8-C3M06.mzML	-1																																														
256	3	743.394734700521	1	743.394734700521	0.0	444.1386666666667	1	2	bkgrnd-marine-broth.mzML,8-C3M06.mzML	1																																														
257	2	746.5224609375	1	746.5224609375	0.0	848.502	0	2	8-C3M06.mzML	4																																														
258	3	751.3705851236979	1	751.3705851236979	0.0	257.9866666666666	0	3	8-C3M06.mzML	-1																																														
259	2	751.370585123698	1	751.370585123698	0.0	258.47450000000003	0	2	8-C3M06.mzML	-1																																														
260	3	756.349609375	1	756.349609375	0.0	402.5646666666667	0	3	8-C3M06.mzML	-1																																														
261	6	756.3541768391924	1	756.3541768391924	0.0	402.7525000000001	3	3	bkgrnd-marine-broth.mzML,8-C3M06.mzML	1																																														
262	5	783.4395751953126	1	783.4395751953126	0.0	405.8052	3	2	bkgrnd-marine-broth.mzML,8-C3M06.mzML	-1																																														
263	5	783.4395751953126	1	783.4395751953126	0.0	405.9974	3	2	bkgrnd-marine-broth.mzML,8-C3M06.mzML	-1																																														
264	4	784.4899444580083	1	784.4899444580083	0.0	467.5055	1	3	bkgrnd-marine-broth.mzML,8-C3M06.mzML	4																																														
265	2	811.3971252441405	1	811.3971252441405	0.0	407.272	1	1	bkgrnd-marine-broth.mzML,8-C3M06.mzML	-1																																														
266	8	817.5846557617185	1	817.5846557617184	0.0	618.87075	2	6	bkgrnd-marine-broth.mzML,8-C3M06.mzML	-1	CCMSLIB00005435982	266.0	specs_ms.mgf	GNPS-LIBRARY.mgf	0.925525	48271.5	617.142	0.970492	13.0	0.000793457	817.581	1.0	temp/specs_ms.mgf266	1.0	Cholic acid	LC-ESI	qTof	Commercial	Uwe Karst	Robin Schmid	2M+H	817.582	408.288	1.0	81-25-4	 	[H][C@@]12C[C@H](O)CC[C@]1(C)[C@@]1([H])C[C@H](O)[C@]3(C)[C@]([H])(CC[C@@]3([H])[C@]1([H])[C@H](O)C2)[C@H](C)CCC(O)=O	InChI=1S/C24H40O5/c1-13(4-7-21(28)29)16-5-6-17-22-18(12-20(27)24(16,17)3)23(2)9-8-15(25)10-14(23)11-19(22)26/h13-20,22,25-27H,4-12H2,1-3H3,(H,28,29)/t13-,14+,15-,16-,17+,18+,19-,20+,22+,23+,24-/m1/s1	BHQCQFFYRZLCQQ-OELDTZBJSA-N	3.0	Positive	GNPS-LIBRARY	817.582	UPDATE-SINGLE-ANNOTATED-BRONZE	Bronze		C24H40O5	BHQCQFFYRZLCQQ-OELDTZBJSA-N	BHQCQFFYRZLCQQ	Lipids and lipid-like molecules	Steroids and steroid derivatives	Bile acids, alcohols and derivatives	Steroids	Cholane steroids	Terpenoids	mzspec:GNPS:GNPS-LIBRARY:CCMSLIB00005435982
267	2	828.512512207031	1	828.512512207031	0.0	468.944	0	2	8-C3M06.mzML	4																																														
268	2	853.4552154541016	1	853.4552154541016	0.0	410.08600000000007	1	1	bkgrnd-marine-broth.mzML,8-C3M06.mzML	-1																																														
269	2	853.4552154541016	1	853.4552154541016	0.0	412.8595	1	1	bkgrnd-marine-broth.mzML,8-C3M06.mzML	-1																																														
270	2	871.448608398438	1	871.448608398438	0.0	437.0460000000001	0	2	8-C3M06.mzML	-1																																														
271	3	871.4527486165366	1	871.4527486165366	0.0	437.36766666666665	1	2	bkgrnd-marine-broth.mzML,8-C3M06.mzML	25																																														
272	2	872.539001464844	1	872.539001464844	0.0	470.1775	0	2	8-C3M06.mzML	-1																																														
273	2	906.428426106771	1	906.428426106771	0.0	403.63000000000005	0	2	8-C3M06.mzML	12																																														
274	3	906.4323866102432	1	906.4323866102432	0.0	403.8753333333333	1	2	bkgrnd-marine-broth.mzML,8-C3M06.mzML	56																																														
275	2	922.422648111979	1	922.422648111979	0.0	399.5065	0	2	8-C3M06.mzML	12																																														
276	4	922.425582885742	1	922.425582885742	0.0	400.037	1	3	bkgrnd-marine-broth.mzML,8-C3M06.mzML	56																																														
277	4	931.6273040771484	1	931.6273040771484	0.0	553.96175	1	3	bkgrnd-marine-broth.mzML,8-C3M06.mzML	2	CCMSLIB00005464875	277.0	specs_ms.mgf	BILELIB19.mgf	0.860411	46434.9	553.986	1.37581	20.0	0.00128174	931.624	1.0	temp/specs_ms.mgf277	1.0	"""((R)-4-((3R,5S,7S,8R,9S,10S,12S,13R,14S,17R)-3,7,12-trihydroxy-10,13-dimethylhexadecahydro-1H-cyclopenta[a]phenanthren-17-yl)pentanoyl)glycine"""	ESI	qTof	crude	Dorrestein	Emily Gentry	2M+H	931.625	465.309	1.0			C[C@@H]([C@H]1CC[C@]2([H])[C@]1(C)[C@@H](O)C[C@@]3([H])[C@@]2([H])[C@@H](O)C[C@@]4([H])[C@]3(C)CC[C@@H](O)C4)CCC(NCC(O)=O)=O	"""InChI=1S/C26H43NO6/c1-14(4-7-22(31)27-13-23(32)33)17-5-6-18-24-19(12-21(30)26(17,18)3)25(2)9-8-16(28)10-15(25)11-20(24)29/h14-21,24,28-30H,4-13H2,1-3H3,(H,27,31)(H,32,33)/t14-,15+,16-,17-,18+,19+,20+,21+,24+,25+,26-/m1/s1"""		1.0	Positive	BILELIB19	931.625	UPDATE-SINGLE-ANNOTATED-GOLD	Gold		C26H43NO6	RFDAIACWWDREDC-IFZPJRIXSA-N	RFDAIACWWDREDC	Lipids and lipid-like molecules	Steroids and steroid derivatives	Bile acids, alcohols and derivatives	Steroids	Cholane steroids	Terpenoids	mzspec:GNPS:GNPS-LIBRARY:CCMSLIB00005464875
278	3	931.623738606771	1	931.623738606771	0.0	554.3063333333334	0	3	8-C3M06.mzML	2	CCMSLIB00005435517	278.0	specs_ms.mgf	BILELIB19.mgf	0.781917	57204.0	552.176	1.37581	17.0	0.00128174	931.624	1.0	temp/specs_ms.mgf278	1.0	glycocholic acid	ESI	Orbitrap	commercial	Dorrestein	A. Jarmusch	2M+H	931.625	465.309	1.0	475-31-0		C[C@H](CCC(=O)NCC(=O)O)[C@H]1CC[C@@H]2[C@@]1([C@H](C[C@H]3[C@H]2[C@@H](C[C@H]4[C@@]3(CC[C@H](C4)O)C)O)O)C	1S/C26H43NO6/c1-14(4-7-22(31)27-13-23(32)33)17-5-6-18-24-19(12-21(30)26(17,18)3)25(2)9-8-16(28)10-15(25)11-20(24)29/h14-21,24,28-30H,4-13H2,1-3H3,(H,27,31)(H,32,33)/t14?,15-,16+,17+,18-,19-,20+,21-,24-,25?,26?/m0/s1		1.0	Positive	BILELIB19	931.625	UPDATE-SINGLE-ANNOTATED-GOLD	Gold		C26H43NO6	RFDAIACWWDREDC-FRVQLJSFSA-N	RFDAIACWWDREDC	Lipids and lipid-like molecules	Steroids and steroid derivatives	Bile acids, alcohols and derivatives	Steroids	Cholane steroids	Terpenoids	mzspec:GNPS:GNPS-LIBRARY:CCMSLIB00005435517
279	2	938.4241485595704	1	938.4241485595704	0.0	409.0835	1	1	bkgrnd-marine-broth.mzML,8-C3M06.mzML	-1																																														
280	2	947.4512939453124	1	947.4512939453124	0.0	440.2195	1	1	bkgrnd-marine-broth.mzML,8-C3M06.mzML	-1																																														
281	3	947.4532674153646	1	947.4532674153646	0.0	440.946	2	1	bkgrnd-marine-broth.mzML,8-C3M06.mzML	25																																														
282	2	953.606079101563	1	953.606079101563	0.0	554.8515	0	2	8-C3M06.mzML	-1	CCMSLIB00005464872	282.0	specs_ms.mgf	BILELIB19.mgf	0.814891	19262.7	554.948	0.960068	6.0	0.000915527	953.606	1.0	temp/specs_ms.mgf282	1.0	"""((R)-4-((3R,5S,7S,8R,9S,10S,12S,13R,14S,17R)-3,7,12-trihydroxy-10,13-dimethylhexadecahydro-1H-cyclopenta[a]phenanthren-17-yl)pentanoyl)glycine"""	ESI	qTof	crude	Dorrestein	Emily Gentry	2M+Na	953.607	465.309	1.0			C[C@@H]([C@H]1CC[C@]2([H])[C@]1(C)[C@@H](O)C[C@@]3([H])[C@@]2([H])[C@@H](O)C[C@@]4([H])[C@]3(C)CC[C@@H](O)C4)CCC(NCC(O)=O)=O	"""InChI=1S/C26H43NO6/c1-14(4-7-22(31)27-13-23(32)33)17-5-6-18-24-19(12-21(30)26(17,18)3)25(2)9-8-16(28)10-15(25)11-20(24)29/h14-21,24,28-30H,4-13H2,1-3H3,(H,27,31)(H,32,33)/t14-,15+,16-,17-,18+,19+,20+,21+,24+,25+,26-/m1/s1"""		1.0	Positive	BILELIB19	953.607	UPDATE-SINGLE-ANNOTATED-GOLD	Gold		C26H43NO6	RFDAIACWWDREDC-IFZPJRIXSA-N	RFDAIACWWDREDC	Lipids and lipid-like molecules	Steroids and steroid derivatives	Bile acids, alcohols and derivatives	Steroids	Cholane steroids	Terpenoids	mzspec:GNPS:GNPS-LIBRARY:CCMSLIB00005464872
283	2	997.461364746094	1	997.461364746094	0.0	412.667	1	1	bkgrnd-marine-broth.mzML,8-C3M06.mzML	-1																																														
284	2	1064.5405273437505	1	1064.5405273437505	0.0	423.3295	1	1	bkgrnd-marine-broth.mzML,8-C3M06.mzML	14																																														
285	3	1105.5795491536458	1	1105.5795491536458	0.0	407.1896666666667	2	1	bkgrnd-marine-broth.mzML,8-C3M06.mzML	36																																														
286	3	1105.5795491536458	1	1105.5795491536458	0.0	407.3826666666667	2	1	bkgrnd-marine-broth.mzML,8-C3M06.mzML	-1																																														
287	2	1106.5639953613286	1	1106.5639953613286	0.0	409.12299999999993	1	1	bkgrnd-marine-broth.mzML,8-C3M06.mzML	36																																														
288	2	1149.549438476563	1	1149.549438476563	0.0	420.3435	0	2	8-C3M06.mzML	14																																														
289	2	1149.564208984375	1	1149.564208984375	0.0	419.5435	2	0	bkgrnd-marine-broth.mzML	-1																																														
290	2	1149.564208984375	1	1149.564208984375	0.0	419.7365	2	0	bkgrnd-marine-broth.mzML	14																																														
291	3	1200.560017903646	1	1200.560017903646	0.0	451.601	2	1	bkgrnd-marine-broth.mzML,8-C3M06.mzML	31																																														
292	2	1200.5574340820317	1	1200.5574340820317	0.0	451.5285	1	1	bkgrnd-marine-broth.mzML,8-C3M06.mzML	-1																																														
293	2	1216.558837890625	1	1216.558837890625	0.0	448.5515	2	0	bkgrnd-marine-broth.mzML	31																																														
