cluster index	number of spectra	parent mass	precursor charge	RTMean	origin	match_quality	flag_ion_mobility	flag_high_ppm	Compound_Name	MQScore	MZErrorPPM	Adduct	npclassifier_pathway	npclassifier_class	component	ATTRIBUTE_ORGANISM:GNPSGROUP:Vibrio_1A01	ATTRIBUTE_ORGANISM:GNPSGROUP:Vibrio_6D03	ATTRIBUTE_ORGANISM:GNPSGROUP:Phaeobacter_B2R04	ATTRIBUTE_ORGANISM:GNPSGROUP:Shewanella_B2R08	ATTRIBUTE_ORGANISM:GNPSGROUP:Roseovarius_B2R09	ATTRIBUTE_ORGANISM:GNPSGROUP:Colwellia_C2M19	ATTRIBUTE_ORGANISM:GNPSGROUP:Paracoccus_C2R07	ATTRIBUTE_ORGANISM:GNPSGROUP:Salipiger_C3M06	ATTRIBUTE_ORGANISM:GNPSGROUP:Acinetobacter_D3M06	ATTRIBUTE_ORGANISM:GNPSGROUP:Arenibacter_D3M17	ATTRIBUTE_ORGANISM:GNPSGROUP:Motilimonas_G1M02
1	14	103.05396670386892	1	282.62807142857145	isolate_only	FLAGGED	True	True	3-hydroxybenzaldehyde [CCS=112.9464111328125]	0.822599	9363.44	[M+H-H2O]+	Shikimates and Phenylpropanoids	Shikimic acids and derivatives|Simple phenolic acids	7	0	0	0	0	1	3	2	2	3	3	0
2	15	103.05397186279284	1	282.8816666666667	isolate_only	UNANNOTATED	False	False							7	0	0	0	0	1	3	2	3	3	3	0
3	6	105.06956481933598	1	316.66283333333337	isolate_only	UNANNOTATED	False	False							7	0	0	0	0	0	0	0	0	0	6	0
6	6	113.033991495768	1	189.9838333333333	isolate_only	UNANNOTATED	False	False							-1	0	0	0	6	0	0	0	0	0	0	0
7	46	113.9631894982382	1	296.19778260869566	isolate_only	UNANNOTATED	False	False							7	0	0	0	12	0	16	0	0	0	6	12
8	6	116.07022942437102	1	143.92883333333336	isolate_only	UNANNOTATED	False	False							7	0	0	0	0	0	0	0	0	0	6	0
9	6	116.07022942437102	1	173.57533333333336	isolate_only	UNANNOTATED	False	False							94	0	0	0	0	0	0	0	0	0	6	0
10	6	116.07022942437102	1	173.7663333333333	isolate_only	UNANNOTATED	False	False							94	0	0	0	0	0	0	0	0	0	6	0
12	30	117.07281668123105	1	207.51523333333333	isolate_only	UNANNOTATED	False	False							10	0	1	3	2	5	1	3	4	4	4	3
15	61	117.07280633724385	1	203.6066885245901	isolate_only	UNANNOTATED	False	False							10	0	8	5	6	7	4	7	7	7	2	8
16	49	117.07282274998148	1	125.69079931972789	isolate_only	UNANNOTATED	False	False							10	0	7	7	5	3	3	2	9	4	3	6
17	35	117.07279948366464	1	223.42544285714288	isolate_only	UNANNOTATED	False	False							10	0	5	4	5	3	4	5	1	2	2	4
22	12	118.08583638932951	1	209.72583333333336	isolate_only	UNANNOTATED	False	False							5	0	0	0	3	0	1	3	0	2	3	0
23	9	118.08583814832878	1	208.44722222222225	isolate_only	UNANNOTATED	False	False							5	0	0	0	3	0	1	2	0	2	1	0
24	3	118.08587985568568	1	212.734	isolate_only	UNANNOTATED	False	False							5	0	0	0	0	0	0	1	0	1	1	0
25	3	118.085833231608	1	153.29066666666668	isolate_only	UNANNOTATED	False	False							7	0	0	3	0	0	0	0	0	0	0	0
26	2	118.086082458496	1	180.1125	isolate_only	UNANNOTATED	False	False							-1	0	0	0	0	0	0	0	0	0	0	2
27	4	120.044278462728	1	524.0065	isolate_only	UNANNOTATED	False	False							119	0	0	0	0	0	0	0	0	0	4	0
28	2	120.044278462728	1	524.4979999999999	isolate_only	UNANNOTATED	False	False							119	0	0	0	0	0	0	0	0	0	2	0
31	64	120.08051685680697	1	293.29676562500003	isolate_only	UNANNOTATED	False	False							7	0	0	4	6	8	9	8	8	6	11	4
34	47	120.08051897275452	1	285.1966170212766	isolate_only	UNANNOTATED	False	False							7	0	0	2	6	6	7	6	5	5	6	4
37	3	120.080488840739	1	334.34433333333334	isolate_only	UNANNOTATED	False	False							-1	0	0	0	0	0	0	3	0	0	0	0
39	10	122.096512031555	1	319.0994	isolate_only	UNANNOTATED	False	False							7	0	3	3	0	0	1	0	0	0	3	0
40	10	122.096512031555	1	319.2905	isolate_only	UNANNOTATED	False	False							7	0	3	3	0	0	1	0	0	0	3	0
41	6	122.09605587853316	1	18.9845	isolate_only	UNANNOTATED	False	False							142	0	0	1	0	1	0	1	0	1	0	2
42	2	122.0960782368975	1	18.82875	isolate_only	UNANNOTATED	False	False							142	0	0	0	0	0	0	0	0	1	0	1
43	48	122.96373526255316	1	292.3574791666667	isolate_only	UNANNOTATED	False	False							-1	0	0	0	2	0	0	0	0	0	0	46
47	5	127.049627685547	1	230.124	isolate_only	FLAGGED	False	True	5-Methylcytosine - 40.0 eV	0.851742	7803.27	M+H	Alkaloids	Pyridine alkaloids	98	0	0	0	3	0	0	0	0	0	2	0
48	5	127.0496643066408	1	249.06840000000005	isolate_only	UNANNOTATED	False	False							98	0	0	0	2	0	0	0	0	1	2	0
49	5	127.0497090657556	1	229.92300000000003	isolate_only	FLAGGED	False	True	5-Methylcytosine - 40.0 eV	0.8634	7803.14	M+H	Alkaloids	Pyridine alkaloids	98	0	0	0	0	0	2	3	0	0	0	0
50	8	127.049743652344	1	264.608	isolate_only	UNANNOTATED	False	False							98	0	0	0	0	1	2	3	0	2	0	0
51	9	127.049835205078	1	311.90155555555555	isolate_only	FLAGGED	False	True	5-Methylcytosine - 40.0 eV	0.781084	7803.39	M+H	Alkaloids	Pyridine alkaloids	98	0	0	0	0	5	1	0	0	3	0	0
52	25	129.06544738769543	1	158.86752000000004	isolate_only	UNANNOTATED	False	False							7	0	0	4	0	0	0	6	3	6	6	0
53	8	129.0652923583985	1	158.431125	isolate_only	UNANNOTATED	False	False							7	0	0	0	4	0	4	0	0	0	0	0
54	4	129.065322875977	1	158.658	isolate_only	UNANNOTATED	False	False							7	0	0	0	0	4	0	0	0	0	0	0
55	6	129.065567016602	1	163.83383333333333	isolate_only	UNANNOTATED	False	False							-1	0	0	0	0	0	0	0	0	0	0	6
56	18	129.13820393880198	1	122.46277777777776	isolate_only	UNANNOTATED	False	False							45	0	0	0	6	0	6	0	0	0	6	0
62	2	130.051445007324	1	179.08149999999998	isolate_only	UNANNOTATED	False	False							7	2	0	0	0	0	0	0	0	0	0	0
63	3	130.085698445638	1	150.8493333333333	isolate_only	UNANNOTATED	False	False							7	0	0	0	0	3	0	0	0	0	0	0
64	3	130.085698445638	1	151.04033333333334	isolate_only	UNANNOTATED	False	False							7	0	0	0	0	3	0	0	0	0	0	0
66	6	130.122512817383	1	511.01566666666673	isolate_only	UNANNOTATED	False	False							-1	0	6	0	0	0	0	0	0	0	0	0
67	36	130.9661602444119	1	193.7498611111111	isolate_only	UNANNOTATED	False	False							7	4	2	6	6	0	4	4	0	4	2	4
72	19	131.92925092977703	1	286.3182631578948	isolate_only	UNANNOTATED	False	False							7	0	0	7	4	4	4	0	0	0	0	0
73	6	132.06501388549802	1	142.61633333333336	isolate_only	UNANNOTATED	False	False							11	0	0	0	6	0	0	0	0	0	0	0
76	40	132.10164549328044	1	193.2461	isolate_only	UNANNOTATED	False	False							7	0	0	1	5	2	3	3	8	7	9	2
78	17	132.1015798189394	1	194.27094117647056	isolate_only	UNANNOTATED	False	False							7	0	0	4	2	3	1	1	3	1	1	1
81	12	132.10167401026175	1	192.53041666666664	isolate_only	UNANNOTATED	False	False							7	0	0	0	1	0	2	2	1	2	3	1
82	7	132.10388546898244	1	192.4051428571429	isolate_only	UNANNOTATED	False	False							7	2	2	0	1	0	0	0	0	0	0	2
84	44	132.1017115853052	1	226.81531818181827	isolate_only	UNANNOTATED	False	False							7	0	0	3	4	1	0	5	7	15	7	2
88	2	132.10467529296898	1	198.524	isolate_only	UNANNOTATED	False	False							7	0	0	0	1	0	0	0	0	0	1	0
89	2	136.0613327026365	1	199.1825	isolate_only	FLAGGED	True	True	2,4,6-trimethylaniline [CCS=136.8988494873047]	0.721143	355.938	[M+H]+			-1	0	0	0	0	0	0	0	0	1	1	0
90	2	136.0613327026365	1	199.374	isolate_only	FLAGGED	True	True	2,4,6-trimethylaniline [CCS=136.0012664794922]	0.703418	355.938	[M+H]+			7	0	0	0	0	0	0	0	0	1	1	0
91	6	136.061462402344	1	197.0128333333333	isolate_only	VALID	False	False	Adenine - 40.0 eV	0.987902	4.1494	M+H	Alkaloids		114	0	0	0	0	2	0	0	2	2	0	0
96	2	138.054718017578	1	526.193	isolate_only	UNANNOTATED	False	False							119	0	0	0	0	0	0	0	0	0	2	0
97	2	138.054718017578	1	526.3845	isolate_only	FLAGGED	False	True	HYPOXANTHINE	0.71329	7360.4	M+H	Alkaloids	pteridine alkaloids	119	0	0	0	0	0	0	0	0	0	2	0
98	22	138.0912107987836	1	203.5174545454545	isolate_only	FLAGGED	True	True	2,4,6-trimethylaniline [CCS=136.8988494873047]	0.778987	14552.5	[M+H]+			7	3	0	0	3	3	3	3	2	2	1	2
99	22	138.0912107987836	1	203.70881818181817	isolate_only	FLAGGED	True	True	2,4,6-trimethylaniline [CCS=136.8988494873047]	0.758708	14554.0	[M+H]+			7	3	0	0	3	3	3	3	2	2	1	2
100	14	141.95801439183614	1	352.6979285714286	isolate_only	UNANNOTATED	False	False							22	0	0	4	3	1	1	1	1	0	1	2
105	32	141.95806602377542	1	366.8864375	isolate_only	UNANNOTATED	False	False							22	0	0	2	5	6	4	3	1	1	1	9
108	6	144.065007527669	1	227.20750000000004	isolate_only	UNANNOTATED	False	False							-1	0	0	0	0	6	0	0	0	0	0	0
109	6	144.065007527669	1	227.39883333333333	isolate_only	UNANNOTATED	False	False							-1	0	0	0	0	6	0	0	0	0	0	0
110	34	145.07574343213855	1	490.9916176470588	isolate_only	UNANNOTATED	False	False							-1	0	0	2	2	5	5	5	5	5	5	0
112	2	146.0596618652345	1	446.372	isolate_only	UNANNOTATED	False	False							-1	0	0	0	0	0	1	0	0	1	0	0
113	22	146.09184820001772	1	154.86040909090906	isolate_only	UNANNOTATED	False	False							-1	0	0	0	4	0	6	6	0	0	2	4
114	2	146.091888427734	1	154.2435	isolate_only	UNANNOTATED	False	False							-1	0	0	0	0	0	0	0	0	0	2	0
121	3	152.056106567383	1	155.882	isolate_only	UNANNOTATED	False	False							-1	0	0	0	1	0	0	0	0	0	0	2
122	2	152.056079864502	1	156.14449999999997	isolate_only	FLAGGED	False	True	HMDB:HMDB00292-496 Xanthine	0.858039	6436.19	M+H	Alkaloids	Purine alkaloids	114	0	0	0	1	0	0	0	0	0	0	1
124	10	153.04160766601564	1	205.1561	isolate_only	UNANNOTATED	False	False							22	0	6	0	0	0	0	0	0	4	0	0
125	52	155.08105675490572	1	211.8252884615385	isolate_only	VALID	False	False	Massbank:PR300401 Cyclo-prolylglycine	0.710186	0.688747	M+H	Alkaloids|Amino acids and Peptides		22	0	0	8	6	6	6	5	6	6	6	3
127	51	155.081056064085	1	211.7145882352941	isolate_only	UNANNOTATED	False	False							22	0	0	8	6	6	6	5	6	6	5	3
129	25	155.08114071932692	1	240.67736	isolate_only	UNANNOTATED	False	False							22	0	1	3	3	3	3	3	3	3	3	0
130	26	155.0811431487585	1	240.3467307692308	isolate_only	UNANNOTATED	False	False							-1	1	0	3	3	3	3	3	3	3	4	0
131	4	156.101715087891	1	464.50925	isolate_only	UNANNOTATED	False	False							31	0	4	0	0	0	0	0	0	0	0	0
132	54	157.09686787923195	1	254.81281481481483	isolate_only	UNANNOTATED	False	False							31	2	4	6	6	6	6	6	6	6	6	0
134	4	158.099472045898	1	458.3	isolate_only	UNANNOTATED	False	False							-1	0	0	0	0	0	0	0	0	0	0	4
136	3	158.963729858398	1	130.92233333333334	isolate_only	UNANNOTATED	False	False							117	0	0	0	0	0	0	0	0	0	0	3
137	54	160.07571354618764	1	225.5860185185185	isolate_only	FLAGGED	False	True	Spectral Match to 2-Propylbenzimidazole from NIST14	0.716784	6379.59	M+H	Alkaloids	Quinazoline alkaloids	48	6	6	6	6	0	6	6	6	6	6	0
138	6	160.13258361816403	1	147.7841666666667	isolate_only	UNANNOTATED	False	False							-1	0	0	6	0	0	0	0	0	0	0	0
139	6	160.180470784505	1	117.92533333333334	isolate_only	UNANNOTATED	False	False							84	0	0	0	0	0	0	0	0	0	6	0
142	6	166.08612504182034	1	271.61	isolate_only	UNANNOTATED	False	False							-1	0	0	0	1	1	1	1	0	0	2	0
143	11	166.08625664759143	1	272.5967272727273	isolate_only	UNANNOTATED	False	False							7	0	1	1	2	1	2	2	1	0	1	0
145	94	166.08608404946986	1	306.9086382978723	isolate_only	VALID	False	False	Spectral Match to DL-Phenylalanine from NIST14	0.944979	0.459364	M+H	Amino acids and Peptides|Shikimates and Phenylpropanoids	Aminoacids	7	0	0	7	9	11	17	11	10	10	13	6
148	89	166.0860952152835	1	308.28124719101123	isolate_only	VALID	False	False	Phenylalanine_(L-)_30EV	0.991867	4.59364	M+H	Amino acids and Peptides|Shikimates and Phenylpropanoids	Aminoacids	7	0	0	6	7	11	16	10	9	10	14	6
151	54	169.09681136519805	1	259.7540555555556	isolate_only	UNANNOTATED	False	False							-1	0	6	6	6	6	6	6	6	6	6	0
152	3	170.118057250977	1	499.8176666666667	isolate_only	UNANNOTATED	False	False							31	0	3	0	0	0	0	0	0	0	0	0
153	3	170.118057250977	1	500.009	isolate_only	UNANNOTATED	False	False							31	0	3	0	0	0	0	0	0	0	0	0
154	6	173.09155782063797	1	151.21866666666668	isolate_only	FLAGGED	False	True	Xylitol - 40.0 eV	0.932669	11233.1	M+Na	Carbohydrates	Monosaccharides	225	0	0	0	0	0	0	0	0	0	6	0
155	9	174.05426025390597	1	211.21911111111112	isolate_only	FLAGGED	False	True	quinoxaline-2-carboxylic acid	0.765215	5688.33	M+H	Alkaloids	Phenazine alkaloids	48	0	0	4	0	3	0	0	0	0	2	0
156	2	174.054270426432	1	209.6095	isolate_only	VALID	False	False	Quinoline-4-carboxylic acid	0.88768	4.12032	[M+H]+	Alkaloids	Quinoline alkaloids	48	0	0	0	0	2	0	0	0	0	0	0
157	3	174.112360636393	1	465.2863333333333	isolate_only	UNANNOTATED	False	False							31	0	3	0	0	0	0	0	0	0	0	0
158	2	174.112360636393	1	464.02900000000005	isolate_only	UNANNOTATED	False	False							31	0	2	0	0	0	0	0	0	0	0	0
160	34	175.1184046128218	1	141.68238235294118	isolate_only	FLAGGED	False	True	Xylitol - 40.0 eV	0.926564	345.083	M+Na	Carbohydrates	Monosaccharides	225	0	0	6	0	0	0	6	6	6	6	4
161	11	176.1277340975671	1	415.1933636363637	isolate_only	UNANNOTATED	False	False							-1	0	0	0	0	0	4	0	0	3	4	0
162	2	180.104133605957	1	469.6525	isolate_only	UNANNOTATED	False	False							222	2	0	0	0	0	0	0	0	0	0	0
163	2	180.104133605957	1	469.844	isolate_only	UNANNOTATED	False	False							222	2	0	0	0	0	0	0	0	0	0	0
168	2	183.091320037842	1	465.6915	isolate_only	UNANNOTATED	False	False							20	0	0	0	1	0	0	0	1	0	0	0
169	3	183.0912551879883	1	465.4806666666666	isolate_only	UNANNOTATED	False	False							20	0	0	0	1	1	0	0	1	0	0	0
170	4	183.164527893066	1	156.20775	isolate_only	UNANNOTATED	False	False							-1	0	4	0	0	0	0	0	0	0	0	0
171	9	185.09266323513447	1	196.838	isolate_only	UNANNOTATED	False	False							138	2	2	1	0	2	2	0	0	0	0	0
172	2	185.0914306640625	1	197.736	isolate_only	UNANNOTATED	False	False							184	0	0	1	1	0	0	0	0	0	0	0
173	4	185.0914878845215	1	199.2555	isolate_only	UNANNOTATED	False	False							184	0	0	0	0	0	2	2	0	0	0	0
174	71	185.11024239994893	1	18.03884037558685	isolate_only	UNANNOTATED	False	False							20	0	10	8	7	7	5	10	4	7	7	6
178	143	185.1102536002812	1	21.575280885780884	isolate_only	UNANNOTATED	False	False							20	0	12	14	17	16	17	12	15	12	15	13
180	76	186.22164751115	1	531.4478815789474	isolate_only	UNANNOTATED	False	False							-1	0	7	7	7	8	8	7	9	8	6	9
182	3	188.128514607747	1	498.3333333333333	isolate_only	UNANNOTATED	False	False							31	0	3	0	0	0	0	0	0	0	0	0
183	3	188.128514607747	1	498.5243333333334	isolate_only	UNANNOTATED	False	False							31	0	3	0	0	0	0	0	0	0	0	0
188	6	189.1227251688641	1	276.4005	isolate_only	UNANNOTATED	False	False							11	0	0	3	0	0	0	0	2	1	0	0
189	3	195.061655680339	1	489.7583333333333	isolate_only	UNANNOTATED	False	False							-1	0	0	0	3	0	0	0	0	0	0	0
190	48	195.11223411560067	1	386.9902291666667	isolate_only	UNANNOTATED	False	False							-1	0	0	6	6	6	6	6	6	6	6	0
192	37	202.18009818137207	1	154.17367567567572	isolate_only	UNANNOTATED	False	False							-1	4	4	6	1	6	6	6	0	0	0	4
197	2	212.102447509766	1	200.5	isolate_only	UNANNOTATED	False	False							-1	0	0	1	1	0	0	0	0	0	0	0
200	3	216.097147623698	1	192.925	isolate_only	UNANNOTATED	False	False							-1	0	0	0	0	0	0	1	0	0	2	0
202	3	220.11821831597203	1	338.372	isolate_only	FLAGGED	False	True	Massbank:KO003698 Pantothenate|(R)-Pantothenate|Pantothenic acid|D-(+)-Pantothenic acid	0.897548	533.017	[M+H]+	Amino acids and Peptides	Dipeptides	-1	1	0	0	1	0	1	0	0	0	0	0
203	42	221.0913550967263	1	225.26066666666665	isolate_only	UNANNOTATED	False	False							-1	0	0	6	6	6	6	6	6	2	4	0
204	6	222.1123046875	1	514.8558333333334	isolate_only	UNANNOTATED	False	False							-1	0	6	0	0	0	0	0	0	0	0	0
207	33	226.1542236636382	1	183.5330909090909	isolate_only	UNANNOTATED	False	False							-1	0	0	6	0	6	4	4	5	4	4	0
208	3	226.95100402832	1	129.30933333333334	isolate_only	UNANNOTATED	False	False							117	0	0	0	0	0	0	0	0	0	0	3
209	3	226.982828776042	1	515.2743333333333	isolate_only	UNANNOTATED	False	False							-1	0	0	3	0	0	0	0	0	0	0	0
210	48	227.10184605916325	1	279.20725000000004	isolate_only	VALID	False	False	Spectral Match to PyroGlu-Pro from NIST14	0.866457	4.90479	M+H	Amino acids and Peptides	Dipeptides	217	0	0	6	6	6	6	6	6	6	6	0
213	6	229.11766967773403	1	146.13433333333336	isolate_only	UNANNOTATED	False	False							7	0	0	0	0	0	0	0	0	0	6	0
214	3	229.117669677734	1	424.6813333333334	isolate_only	FLAGGED	False	True	1-(oxolane-2-carbonyl)piperidine-2-carboxylic acid	0.767803	4360.26	[M+H]+	Amino acids and Peptides	Dipeptides	-1	0	0	0	0	0	0	0	0	0	3	0
216	4	230.112594604492	1	202.46575	isolate_only	UNANNOTATED	False	False							-1	0	0	2	0	0	0	2	0	0	0	0
219	40	235.1182144165037	1	156.54754999999997	isolate_only	VALID	False	False	Cyclo(-His-Pro)	0.897255	4.15348	M+H	Amino acids and Peptides	Dipeptides	-1	0	0	6	4	6	4	4	6	4	4	2
221	2	237.0879249572755	1	220.9345	isolate_only	UNANNOTATED	False	False							62	1	0	0	1	0	0	0	0	0	0	0
226	25	245.14966349283853	1	208.88336	isolate_only	FLAGGED	False	True	Spectral Match to Ile-Asn from NIST14	0.789162	4043.2	M+H			37	6	0	0	0	0	5	2	0	0	12	0
227	16	247.1279682431901	1	390.386375	isolate_only	UNANNOTATED	False	False							213	0	0	0	11	0	4	0	0	0	1	0
229	5	256.1742004394534	1	365.5144	isolate_only	UNANNOTATED	False	False							-1	0	0	0	2	0	2	1	0	0	0	0
231	4	260.123764038086	1	415.0557500000001	isolate_only	UNANNOTATED	False	False							11	0	0	0	0	2	0	0	2	0	0	0
233	35	261.1228884742373	1	458.6868857142857	isolate_only	VALID	False	False	cyclo(Phe-4-Hyp)	0.923645	5.14228	M+H			120	0	2	4	3	4	4	4	4	3	4	3
236	2	263.13856506347645	1	437.218	isolate_only	VALID	False	False	Spectral Match to Phe-Pro from NIST14	0.840977	2.7834	M+H			180	0	0	0	0	0	1	0	0	1	0	0
240	2	268.138824462891	1	198.251	isolate_only	FLAGGED	False	True	ReSpect:PS025606 Inosine|INO|(?)-Inosine|beta-Inosine|Hypoxanthine 9-beta-D-ribofuranoside|9-beta-D-ribofuranosylhypoxanthine|Hypoxanthine ribonucleoside|Oxiamin|Ribonosine|Trophicardyl	0.786058	4274.89	[M+H]	Carbohydrates	Purine nucleos(t)ides	100	0	0	0	2	0	0	0	0	0	0	0
241	3	268.139572143555	1	189.65833333333333	isolate_only	FLAGGED	False	True	Adenosine - 40.0 eV	0.741579	2274.81	Unknown	Carbohydrates	Purine nucleos(t)ides	100	0	0	0	0	0	0	0	0	0	0	3
243	6	270.14387003580737	1	194.335	isolate_only	UNANNOTATED	False	False							97	0	0	0	2	0	4	0	0	0	0	0
244	3	270.19151814778667	1	400.2776666666667	isolate_only	UNANNOTATED	False	False							164	0	0	0	1	0	1	0	0	0	1	0
245	3	273.187754313151	1	200.1283333333333	isolate_only	UNANNOTATED	False	False							-1	0	3	0	0	0	0	0	0	0	0	0
246	2	273.187754313151	1	200.9355	isolate_only	UNANNOTATED	False	False							-1	0	2	0	0	0	0	0	0	0	0	0
249	36	279.1331634521489	1	360.7748333333333	isolate_only	UNANNOTATED	False	False							180	0	0	0	0	0	6	0	0	0	30	0
250	2	279.133605957031	1	435.7705	isolate_only	UNANNOTATED	False	False							100	0	0	2	0	0	0	0	0	0	0	0
251	2	281.112335205078	1	436.8825	isolate_only	FLAGGED	False	True	o-acetyl threonine_p-Anisaldehyde (known isomers: 0; isobaric peaks in run: 5)	0.731902	3621.21	[M+H]+	Amino acids and Peptides	Aminoacids	213	0	0	0	2	0	0	0	0	0	0	0
252	3	282.118576049805	1	234.6013333333333	isolate_only	UNANNOTATED	False	False							102	0	0	0	0	0	0	0	0	0	3	0
253	3	282.118576049805	1	234.7923333333333	isolate_only	UNANNOTATED	False	False							102	0	0	0	0	0	0	0	0	0	3	0
254	12	282.1189041137696	1	262.04966666666667	isolate_only	FLAGGED	False	True	Guanosine - 40.0 eV	0.791142	6970.84	M+H	Carbohydrates	Purine nucleos(t)ides	-1	0	0	0	0	0	0	0	0	6	6	0
257	6	286.138763427734	1	150.44466666666668	isolate_only	UNANNOTATED	False	False							7	0	0	0	0	0	6	0	0	0	0	0
258	36	286.1751607259116	1	392.76475	isolate_only	UNANNOTATED	False	False							-1	0	0	6	0	6	6	6	6	6	0	0
260	2	286.21957861858846	1	699.0755	isolate_only	UNANNOTATED	False	False							-1	0	0	0	1	0	0	0	1	0	0	0
261	2	286.219560706097	1	714.937	isolate_only	UNANNOTATED	False	False							24	0	0	0	0	1	0	0	0	0	1	0
262	4	286.21967438080526	1	554.5239999999999	isolate_only	UNANNOTATED	False	False							10	0	1	0	0	0	1	0	1	0	0	1
263	2	286.2196004649135	1	706.3009999999999	isolate_only	UNANNOTATED	False	False							-1	0	0	0	0	0	1	0	0	0	1	0
264	2	286.21961245329453	1	689.874	isolate_only	UNANNOTATED	False	False							-1	0	1	0	0	0	0	0	0	1	0	0
265	4	286.21965715509924	1	704.9100000000001	isolate_only	UNANNOTATED	False	False							24	0	2	1	0	0	0	0	0	0	0	1
266	2	286.219603165336	1	710.3444999999999	isolate_only	UNANNOTATED	False	False							-1	0	2	0	0	0	0	0	0	0	0	0
267	2	286.219673488451	1	668.428	isolate_only	UNANNOTATED	False	False							24	0	0	1	0	0	0	1	0	0	0	0
268	2	286.219649605129	1	689.4860000000001	isolate_only	UNANNOTATED	False	False							10	0	0	0	0	0	0	1	0	1	0	0
269	6	287.122741699219	1	226.4255	isolate_only	UNANNOTATED	False	False							-1	0	0	0	0	6	0	0	0	0	0	0
270	2	288.117767333984	1	193.7575	isolate_only	UNANNOTATED	False	False							130	0	0	0	0	0	2	0	0	0	0	0
271	38	290.13376496967527	1	229.43260526315788	isolate_only	UNANNOTATED	False	False							130	0	0	6	2	6	6	0	6	6	6	0
273	6	295.020385742188	1	513.1003333333333	isolate_only	UNANNOTATED	False	False							-1	0	0	6	0	0	0	0	0	0	0	0
274	98	298.2555847167968	1	929.7476530612244	isolate_only	UNANNOTATED	False	False							-1	0	18	18	18	12	8	6	6	6	6	0
275	13	300.20197237454937	1	420.2227692307692	isolate_only	UNANNOTATED	False	False							82	3	1	0	5	0	2	0	0	0	1	1
277	2	300.217569986979	1	727.155	isolate_only	UNANNOTATED	False	False							-1	0	2	0	0	0	0	0	0	0	0	0
278	4	302.170013427734	1	207.743	isolate_only	FLAGGED	False	True	401564-30-5	0.927227	3189.91	[M+H]+	Alkaloids	Piperidine alkaloids	-1	0	0	0	0	0	0	4	0	0	0	0
279	60	302.2869415283204	1	19.85113055555556	isolate_only	UNANNOTATED	False	False							24	0	6	6	6	6	6	6	6	6	6	6
280	5	304.212707519531	1	577.9986	isolate_only	UNANNOTATED	False	False							16	0	0	5	0	0	0	0	0	0	0	0
283	4	305.304153442383	1	646.0695	isolate_only	FLAGGED	False	True	"""3,3'-Dimethoxyflavone CollisionEnergy:205060"""	0.926272	741.338	M+Na	Shikimates and Phenylpropanoids	Flavonols	78	0	0	0	0	0	0	0	4	0	0	0
284	12	307.18506876627595	1	363.33183333333335	isolate_only	FLAGGED	False	True	AKOS033333909	0.925509	3179.66	[M+H-H2O]+	Alkaloids	Piperidine alkaloids	-1	0	0	0	6	0	6	0	0	0	0	0
286	36	311.1750030517578	1	499.0219166666667	isolate_only	UNANNOTATED	False	False							-1	0	0	6	0	6	6	0	6	6	6	0
287	2	312.154205322266	1	194.2035	isolate_only	UNANNOTATED	False	False							-1	0	0	0	2	0	0	0	0	0	0	0
288	2	312.154296875	1	193.529	isolate_only	UNANNOTATED	False	False							-1	0	0	0	1	0	1	0	0	0	0	0
289	9	316.2120344373913	1	431.0604444444445	isolate_only	UNANNOTATED	False	False							-1	2	0	0	3	0	1	0	0	0	3	0
290	23	317.1809365092843	1	254.190695652174	isolate_only	UNANNOTATED	False	False							-1	0	0	6	0	5	0	0	6	6	0	0
292	4	320.159744262695	1	445.2375	isolate_only	UNANNOTATED	False	False							7	0	0	0	0	0	0	0	0	0	4	0
293	8	327.2010726928713	1	431.75525	isolate_only	UNANNOTATED	False	False							82	1	1	0	3	0	2	0	0	0	1	0
295	2	328.268135541751	1	520.286	isolate_only	UNANNOTATED	False	False							10	0	0	0	1	1	0	0	0	0	0	0
296	2	328.268290259786	1	509.3475	isolate_only	UNANNOTATED	False	False							24	0	0	0	0	0	0	0	1	1	0	0
298	2	329.181060791016	1	208.3985	isolate_only	FLAGGED	False	True	67341-40-6	0.806179	2919.71	[M+H]+	Shikimates and Phenylpropanoids	Simple coumarins	-1	0	0	0	0	0	0	0	0	2	0	0
299	640	329.27061824798574	1	473.0569721354167	isolate_only	UNANNOTATED	False	False							10	0	60	60	66	66	64	66	66	66	66	60
301	72	332.3313496907554	1	709.5763333333332	isolate_only	VALID	False	False	Spectral Match to Benzyltetradecyldimethylammonium from NIST14	0.926093	1.65292	Cat			78	0	6	6	12	6	6	6	12	6	6	6
303	6	333.335652669271	1	713.0939999999999	isolate_only	FLAGGED	False	True	Spectral Match to Benzyltetradecyldimethylammonium from NIST14	0.825135	3023.1	Cat			78	0	0	0	0	0	0	0	6	0	0	0
305	6	336.15453084309905	1	389.4453333333333	isolate_only	UNANNOTATED	False	False							-1	0	0	0	0	0	0	6	0	0	0	0
306	2	343.196228027344	1	276.5815	isolate_only	UNANNOTATED	False	False							-1	0	0	0	0	2	0	0	0	0	0	0
308	2	345.248825073242	1	486.86	isolate_only	UNANNOTATED	False	False							-1	0	0	2	0	0	0	0	0	0	0	0
310	2	346.277022251636	1	760.0894999999999	isolate_only	UNANNOTATED	False	False							10	0	0	0	0	0	0	1	0	0	0	1
311	4	351.21145629882847	1	421.747	isolate_only	FLAGGED	False	True	Z1589946986	0.874546	2843.87	[M+H]+	Alkaloids	Carboline alkaloids	-1	0	0	0	2	0	2	0	0	0	0	0
314	4	355.263631184896	1	618.8172500000001	isolate_only	UNANNOTATED	False	False							8	0	0	0	0	0	0	0	0	4	0	0
315	2	357.211395263672	1	393.64900000000006	isolate_only	UNANNOTATED	False	False							-1	0	0	2	0	0	0	0	0	0	0	0
316	61	358.24085823434297	1	614.2833278688523	isolate_only	UNANNOTATED	False	False							172	0	4	8	9	8	8	7	6	2	6	3
317	43	358.240930601608	1	608.6682325581395	isolate_only	UNANNOTATED	False	False							172	0	6	4	3	4	4	5	6	4	4	3
319	16	359.28984451293974	1	837.9795625000002	isolate_only	UNANNOTATED	False	False							27	0	4	0	4	2	2	2	0	2	0	0
320	38	360.3626596551191	1	787.094947368421	isolate_only	VALID	False	False	Cetalkonium	0.930141	2.20183	[M]+			78	2	4	6	6	0	2	2	6	6	4	0
321	6	362.92556762695307	1	134.6308333333333	isolate_only	FLAGGED	False	True	Z1145039212	0.81445	3406.19	[M+H]+			117	0	0	0	0	0	0	0	0	0	0	6
322	5	370.295084635417	1	961.8628	isolate_only	UNANNOTATED	False	False							16	0	0	0	0	0	0	5	0	0	0	0
323	6	371.154459635417	1	221.4526666666667	isolate_only	UNANNOTATED	False	False							97	0	0	0	0	0	0	0	0	0	6	0
324	7	371.2268502371653	1	440.8080000000001	isolate_only	UNANNOTATED	False	False							-1	0	0	2	0	0	0	2	2	0	0	1
325	13	371.22789353590775	1	439.2043076923077	isolate_only	FLAGGED	False	True	3-(4-hydroxyphenyl)-2-{2-[(phenylmethoxy)carbonylamino]acetylamino}propanoic a cid CollisionEnergy:205060	0.703424	5126.19	M+H	Shikimates and Phenylpropanoids		82	3	1	0	4	0	2	0	0	0	3	0
326	4	371.227935791016	1	423.0465	isolate_only	UNANNOTATED	False	False							18	0	0	0	0	0	0	0	2	2	0	0
328	9	373.2737664116751	1	617.4266666666667	isolate_only	VALID	False	False	cholic acid	0.870919	0.163513	[M+H-2H2O]+	Terpenoids	Cholane steroids	8	0	1	1	0	1	1	1	1	1	2	0
330	2	383.228668212891	1	424.405	isolate_only	UNANNOTATED	False	False							18	0	0	0	0	0	0	0	2	0	0	0
333	52	392.1803471491887	1	278.82992307692314	isolate_only	UNANNOTATED	False	False							88	0	0	6	6	6	6	6	6	6	6	4
334	6	393.176005045573	1	415.6446666666668	isolate_only	UNANNOTATED	False	False							-1	0	0	4	0	0	0	2	0	0	0	0
335	5	393.2086181640624	1	438.8108	isolate_only	UNANNOTATED	False	False							12	0	1	0	1	0	1	0	0	1	1	0
336	8	393.20854759216286	1	438.597875	isolate_only	UNANNOTATED	False	False							-1	0	2	0	2	0	2	1	0	0	1	0
337	3	393.208511352539	1	439.8913333333333	isolate_only	UNANNOTATED	False	False							12	0	0	1	0	0	1	0	1	0	0	0
338	4	395.2379913330075	1	432.99225	isolate_only	UNANNOTATED	False	False							107	0	0	0	2	0	2	0	0	0	0	0
340	6	398.326232910156	1	17.934250000000002	isolate_only	UNANNOTATED	False	False							16	0	0	0	0	0	0	6	0	0	0	0
342	3	401.289476182726	1	821.2456666666666	isolate_only	UNANNOTATED	False	False							12	0	1	0	1	0	0	0	0	0	1	0
343	2	401.2903238932295	1	821.8634999999999	isolate_only	UNANNOTATED	False	False							-1	0	1	0	1	0	0	0	0	0	0	0
345	3	407.2123718261721	1	355.1233333333333	isolate_only	UNANNOTATED	False	False							-1	0	0	0	0	3	0	0	0	0	0	0
346	2	413.348892211914	1	635.8209999999999	isolate_only	UNANNOTATED	False	False							-1	0	0	0	0	0	0	0	0	2	0	0
347	27	414.2333374023437	1	384.3458148148148	isolate_only	UNANNOTATED	False	False							-1	0	0	8	0	6	0	1	6	6	0	0
348	8	415.21086120605503	1	731.0982499999999	isolate_only	VALID	False	False	Trospium	0.890981	0.367495	M+H			-1	0	0	0	0	0	0	2	4	0	2	0
350	2	415.252705891927	1	435.267	isolate_only	UNANNOTATED	False	False							-1	0	0	0	2	0	0	0	0	0	0	0
351	6	416.336588541667	1	17.21930555555555	isolate_only	UNANNOTATED	False	False							16	0	0	0	0	0	0	6	0	0	0	0
352	4	417.203094482422	1	419.83475	isolate_only	UNANNOTATED	False	False							-1	4	0	0	0	0	0	0	0	0	0	0
355	6	426.233032226563	1	402.3528333333333	isolate_only	UNANNOTATED	False	False							67	0	0	0	6	0	0	0	0	0	0	0
356	28	426.3215767996653	1	617.7226785714286	isolate_only	VALID	False	False	Cholic Acid	0.874554	1.36009	[M+NH4]+	Terpenoids	Cholane steroids	8	2	3	3	3	3	3	3	3	3	2	0
357	11	426.32111150568176	1	617.1342727272727	isolate_only	VALID	False	False	cholic acid	0.809839	0.357918	[M+NH4]+	Terpenoids	Cholane steroids	8	0	1	2	1	1	2	0	0	3	1	0
358	8	427.2289123535155	1	409.67325	isolate_only	UNANNOTATED	False	False							-1	0	0	2	0	2	0	0	2	0	0	2
361	23	430.2434369515684	1	471.1918260869566	isolate_only	UNANNOTATED	False	False							-1	2	2	3	2	3	2	2	2	3	2	0
362	24	430.2434255811904	1	471.4784166666667	isolate_only	UNANNOTATED	False	False							-1	2	3	3	3	2	2	2	2	3	2	0
363	2	430.29499816894497	1	551.4334999999999	isolate_only	UNANNOTATED	False	False							8	0	1	0	0	0	0	0	0	0	1	0
364	6	430.91259765625	1	132.76016666666666	isolate_only	UNANNOTATED	False	False							117	0	0	0	0	0	0	0	0	0	0	6
365	12	431.20654296875006	1	535.9885	isolate_only	UNANNOTATED	False	False							27	6	6	0	0	0	0	0	0	0	0	0
366	4	431.248886108398	1	414.62299999999993	isolate_only	UNANNOTATED	False	False							-1	0	0	0	0	0	4	0	0	0	0	0
368	4	433.24365234375	1	467.07125	isolate_only	UNANNOTATED	False	False							-1	0	0	2	0	0	0	0	0	2	0	0
369	2	437.2343114217125	1	444.0415	isolate_only	UNANNOTATED	False	False							12	0	0	0	1	0	1	0	0	0	0	0
370	2	437.2343114217125	1	443.3295	isolate_only	UNANNOTATED	False	False							12	0	0	0	1	0	1	0	0	0	0	0
371	2	437.23461151123047	1	444.85	isolate_only	UNANNOTATED	False	False							-1	0	0	0	0	1	0	0	0	1	0	0
373	2	437.234954833984	1	444.375	isolate_only	UNANNOTATED	False	False							12	0	0	0	0	0	0	0	0	0	2	0
374	8	439.2664794921877	1	439.890875	isolate_only	UNANNOTATED	False	False							107	4	0	0	2	0	2	0	0	0	0	0
375	10	440.2153442382812	1	428.6176	isolate_only	UNANNOTATED	False	False							-1	2	2	0	0	0	0	0	0	0	6	0
376	2	440.242980957031	1	409.07	isolate_only	UNANNOTATED	False	False							-1	2	0	0	0	0	0	0	0	0	0	0
382	4	442.263656616211	1	431.772	isolate_only	UNANNOTATED	False	False							18	0	0	2	0	0	0	0	0	0	0	2
383	78	444.2885468311797	1	608.9857307692307	isolate_only	UNANNOTATED	False	False							107	0	6	8	8	10	10	10	6	6	8	6
385	17	445.314494413488	1	811.8575294117647	isolate_only	UNANNOTATED	False	False							12	2	2	1	2	2	1	2	1	3	1	0
386	14	445.31363278343554	1	814.4527142857143	isolate_only	UNANNOTATED	False	False							12	0	2	2	2	1	2	2	0	1	2	0
387	2	446.186462402344	1	193.798	isolate_only	UNANNOTATED	False	False							-1	0	0	2	0	0	0	0	0	0	0	0
388	42	446.22302100771947	1	348.53571428571433	isolate_only	UNANNOTATED	False	False							-1	0	0	6	0	12	0	0	12	12	0	0
390	15	448.3059305826824	1	551.8563333333333	isolate_only	VALID	False	False	glycocholic acid	0.731608	0.408439	M-H2O+H	Terpenoids	Cholane steroids	8	0	1	2	2	1	3	1	2	2	1	0
391	22	448.3066239790482	1	551.9570454545457	isolate_only	UNANNOTATED	False	False							8	2	1	2	3	1	3	3	2	3	2	0
392	2	448.305887858073	1	549.8354999999999	isolate_only	VALID	False	False	GLYCOCHOLATE	0.743677	1.83798	M-H2O+H	Terpenoids	Cholane steroids	8	0	0	1	0	0	0	1	0	0	0	0
393	2	448.30598449707	1	552.5755	isolate_only	VALID	False	False	glycocholic acid	0.724478	0.0680731	M-H2O+H	Terpenoids	Cholane steroids	8	0	0	0	0	0	0	1	0	0	1	0
394	12	449.2015686035156	1	280.7789166666667	isolate_only	UNANNOTATED	False	False							88	0	0	0	6	0	0	0	0	0	6	0
396	10	450.3215810139973	1	638.7507	isolate_only	VALID	False	False	Massbank:RP005403 Glycodeoxycholic acid|2-[[(4R)-4-[(3R,8R,9S,10S,12S,13R,14S,17R)-3,12-dihydroxy-10,13-dimethyl-2,3,4,5,6,7,8,9,11,12,14,15,16,17-tetradecahydro-1H-cyclopenta[a]phenanthren-17-yl]pentanoyl]amino]acetic	0.787302	0.745453	M+H	Terpenoids	Cholane steroids	8	0	1	1	0	0	1	2	2	2	1	0
399	2	452.276545206706	1	683.7209999999999	isolate_only	UNANNOTATED	False	False							46	0	0	0	0	0	2	0	0	0	0	0
400	2	452.276545206706	1	702.319	isolate_only	UNANNOTATED	False	False							46	0	0	0	0	0	2	0	0	0	0	0
401	2	453.718322753906	1	405.6449999999999	isolate_only	UNANNOTATED	False	False							156	0	0	0	0	0	0	2	0	0	0	0
405	11	459.279890580611	1	449.86345454545454	isolate_only	UNANNOTATED	False	False							-1	2	1	0	2	1	1	1	1	1	1	0
409	2	467.300354003906	1	471.6859999999999	isolate_only	UNANNOTATED	False	False							-1	0	0	0	1	0	1	0	0	0	0	0
410	39	467.3579054612381	1	807.237512820513	isolate_only	UNANNOTATED	False	False							-1	3	4	2	6	4	4	4	4	4	4	0
411	26	470.3318317119893	1	655.0192307692307	isolate_only	UNANNOTATED	False	False							3	0	6	0	6	2	2	4	0	6	0	0
412	2	472.275054931641	1	438.169	isolate_only	UNANNOTATED	False	False							-1	0	0	0	2	0	0	0	0	0	0	0
413	2	472.275054931641	1	438.3605	isolate_only	UNANNOTATED	False	False							-1	0	0	0	2	0	0	0	0	0	0	0
415	3	476.306193033854	1	452.55500000000006	isolate_only	UNANNOTATED	False	False							53	0	0	1	0	1	0	0	1	0	0	0
417	3	480.27746582031233	1	606.7813333333332	isolate_only	VALID	False	False	taurocholic acid	0.706671	2.98644	M-2H2O+H	Terpenoids	Cholane steroids	8	0	0	1	0	0	0	1	0	0	1	0
418	4	480.2775650024415	1	602.93275	isolate_only	UNANNOTATED	False	False							8	0	1	0	1	0	1	1	0	0	0	0
419	23	481.26133219401055	1	449.1162608695652	isolate_only	UNANNOTATED	False	False							12	2	4	3	0	3	2	1	3	2	3	0
421	35	482.36810796828496	1	889.7721714285713	isolate_only	UNANNOTATED	False	False							3	0	4	6	0	4	4	4	5	4	4	0
422	13	482.36811319986987	1	889.7424615384612	isolate_only	UNANNOTATED	False	False							3	0	2	0	0	2	2	2	1	2	2	0
423	8	483.0496368408208	1	282.85825	isolate_only	UNANNOTATED	False	False							-1	0	0	0	0	0	6	0	0	0	2	0
425	20	483.2914672851563	1	445.60235	isolate_only	UNANNOTATED	False	False							27	4	2	2	2	2	2	2	2	0	2	0
426	10	484.3244093718352	1	19.2939	isolate_only	UNANNOTATED	False	False							-1	0	0	0	1	1	1	2	0	0	0	5
429	4	489.3390604654948	1	804.61225	isolate_only	UNANNOTATED	False	False							12	0	1	0	0	1	1	0	0	0	1	0
430	4	489.3391850789387	1	804.8505	isolate_only	UNANNOTATED	False	False							12	0	0	0	2	0	0	1	0	1	0	0
431	17	489.33932136086855	1	806.8781764705883	isolate_only	UNANNOTATED	False	False							12	0	4	1	3	0	3	2	1	2	1	0
435	6	497.270914713542	1	403.48766666666666	isolate_only	UNANNOTATED	False	False							-1	0	0	0	0	0	0	0	0	0	0	6
438	6	498.89985148112	1	135.29683333333335	isolate_only	UNANNOTATED	False	False							117	0	0	0	0	0	0	0	0	0	0	6
439	50	499.2128283691408	1	360.9053200000001	isolate_only	UNANNOTATED	False	False							-1	0	0	2	0	12	0	12	12	12	0	0
440	6	499.23629760742193	1	729.2936666666666	isolate_only	UNANNOTATED	False	False							-1	6	0	0	0	0	0	0	0	0	0	0
443	6	511.25713094075496	1	200.92600000000004	isolate_only	UNANNOTATED	False	False							18	6	0	0	0	0	0	0	0	0	0	0
445	4	511.3829040527343	1	800.37825	isolate_only	UNANNOTATED	False	False							-1	0	1	0	2	0	0	1	0	0	0	0
446	3	512.269755045573	1	404.8406666666667	isolate_only	UNANNOTATED	False	False							152	0	0	0	0	0	3	0	0	0	0	0
447	3	512.269755045573	1	405.0323333333333	isolate_only	UNANNOTATED	False	False							-1	0	0	0	0	0	3	0	0	0	0	0
448	3	513.265482584635	1	414.14699999999993	isolate_only	UNANNOTATED	False	False							-1	0	0	0	0	0	0	0	0	0	3	0
449	3	513.265482584635	1	414.339	isolate_only	UNANNOTATED	False	False							18	0	0	0	0	0	0	0	0	0	3	0
450	54	514.3580457899307	1	651.7861296296297	isolate_only	UNANNOTATED	False	False							3	0	6	6	6	6	6	6	6	6	6	0
451	17	516.2985935585173	1	606.6096470588235	isolate_only	VALID	False	False	Spectral Match to Taurocholic acid from NIST14	0.77582	0.472867	M+H			8	0	3	3	2	1	1	2	3	0	2	0
452	7	516.2983427501862	1	605.2909999999999	isolate_only	UNANNOTATED	False	False							8	0	0	3	1	1	1	0	1	0	0	0
453	2	516.298736572266	1	608.043	isolate_only	VALID	False	False	Spectral Match to Taurocholic acid from NIST14	0.720366	0.472867	M+H			8	0	0	0	0	1	0	1	0	0	0	0
454	10	517.2437255859375	1	572.4482	isolate_only	UNANNOTATED	False	False							-1	6	4	0	0	0	0	0	0	0	0	0
455	52	518.3584383451024	1	640.6356730769231	isolate_only	UNANNOTATED	False	False							27	0	6	6	6	6	5	6	6	6	5	0
457	2	520.33295694987	1	457.8245	isolate_only	UNANNOTATED	False	False							53	0	0	0	0	0	1	1	0	0	0	0
459	3	522.354919433594	1	797.4	isolate_only	VALID	False	False	Spectral Match to 1-(9Z-Octadecenoyl)-sn-glycero-3-phosphocholine from NIST14	0.937317	0.116846	M+H			169	0	0	3	0	0	0	0	0	0	0	0
460	3	522.354919433594	1	797.592	isolate_only	VALID	False	False	Spectral Match to 1-(9Z-Octadecenoyl)-sn-glycero-3-phosphocholine from NIST14	0.86215	2.10323	M+H			169	0	0	3	0	0	0	0	0	0	0	0
463	2	525.28662109375	1	451.764	isolate_only	UNANNOTATED	False	False							12	0	0	0	1	0	1	0	0	0	0	0
464	4	525.2868652343752	1	452.84775	isolate_only	UNANNOTATED	False	False							12	0	2	0	0	0	0	0	1	0	1	0
465	16	526.2603225708009	1	193.175375	isolate_only	UNANNOTATED	False	False							-1	0	0	2	0	6	0	4	2	2	0	0
466	16	526.3943036397299	1	879.15125	isolate_only	UNANNOTATED	False	False							3	0	0	2	0	2	4	2	1	2	3	0
469	4	527.280914306641	1	420.0865	isolate_only	UNANNOTATED	False	False							41	0	0	2	0	0	0	0	0	0	0	2
470	18	527.3166775173613	1	450.1164444444445	isolate_only	UNANNOTATED	False	False							-1	2	2	2	2	2	2	2	2	0	2	0
471	4	528.227844238281	1	197.5195	isolate_only	UNANNOTATED	False	False							18	0	0	0	0	0	4	0	0	0	0	0
473	4	529.2604064941405	1	394.877	isolate_only	UNANNOTATED	False	False							-1	0	0	2	0	2	0	0	0	0	0	0
474	2	529.296142578125	1	436.537	isolate_only	UNANNOTATED	False	False							-1	0	0	0	0	0	0	0	0	0	0	2
475	48	530.379280090332	1	19.476197916666663	isolate_only	UNANNOTATED	False	False							27	0	18	12	12	6	0	0	0	0	0	0
476	3	531.276000976563	1	413.9923333333333	isolate_only	UNANNOTATED	False	False							-1	0	0	0	0	0	0	0	0	0	0	3
477	3	531.276000976563	1	414.1843333333333	isolate_only	UNANNOTATED	False	False							-1	0	0	0	0	0	0	0	0	0	0	3
484	2	537.266418457031	1	445.208	isolate_only	UNANNOTATED	False	False							18	0	2	0	0	0	0	0	0	0	0	0
485	8	537.301513671875	1	435.82475	isolate_only	UNANNOTATED	False	False							18	0	0	2	0	2	0	0	2	2	0	0
486	26	538.2799682617189	1	609.395	isolate_only	VALID	False	False	Spectral Match to Taurocholic acid from NIST14	0.738861	1.36067	M+Na	Terpenoids	Cholane steroids	-1	0	2	2	2	4	4	4	2	0	6	0
487	6	539.289184570313	1	399.7421666666667	isolate_only	UNANNOTATED	False	False							-1	0	6	0	0	0	0	0	0	0	0	0
488	44	542.3501226251776	1	19.42642045454545	isolate_only	UNANNOTATED	False	False							-1	0	6	6	6	6	4	4	6	4	2	0
489	2	542.388671875	1	755.1659999999999	isolate_only	UNANNOTATED	False	False							3	0	0	0	0	0	0	2	0	0	0	0
490	2	543.238372802734	1	201.2725	isolate_only	UNANNOTATED	False	False							41	0	0	2	0	0	0	0	0	0	0	0
491	2	543.238372802734	1	201.4645	isolate_only	UNANNOTATED	False	False							-1	0	0	2	0	0	0	0	0	0	0	0
492	2	544.770324707031	1	424.3615	isolate_only	UNANNOTATED	False	False							-1	0	0	0	0	0	0	2	0	0	0	0
493	2	553.288696289063	1	404.979	isolate_only	UNANNOTATED	False	False							-1	0	0	0	0	0	0	0	0	2	0	0
494	6	553.305094401042	1	422.2576666666666	isolate_only	UNANNOTATED	False	False							18	6	0	0	0	0	0	0	0	0	0	0
495	18	554.2936876085073	1	393.86016666666666	isolate_only	UNANNOTATED	False	False							-1	0	6	0	6	0	0	0	0	0	0	6
496	6	554.4251708984376	1	16.794472222222222	isolate_only	UNANNOTATED	False	False							3	0	0	0	0	2	0	4	0	0	0	0
498	48	558.3839950561525	1	648.804	isolate_only	UNANNOTATED	False	False							3	0	6	4	6	6	6	6	2	6	6	0
499	4	561.7605285644535	1	402.998	isolate_only	UNANNOTATED	False	False							156	0	0	2	0	0	0	2	0	0	0	0
500	2	562.29443359375	1	456.556	isolate_only	UNANNOTATED	False	False							82	2	0	0	0	0	0	0	0	0	0	0
502	6	568.279296875	1	196.5455	isolate_only	UNANNOTATED	False	False							-1	6	0	0	0	0	0	0	0	0	0	0
503	3	569.290303548177	1	399.0183333333334	isolate_only	UNANNOTATED	False	False							152	0	0	0	0	0	3	0	0	0	0	0
504	9	569.2937418619792	1	402.4817777777778	isolate_only	UNANNOTATED	False	False							18	3	0	0	3	0	3	0	0	0	0	0
505	6	569.2954610188805	1	403.92550000000006	isolate_only	UNANNOTATED	False	False							-1	3	0	0	3	0	0	0	0	0	0	0
506	2	569.312896728516	1	455.86	isolate_only	UNANNOTATED	False	False							12	0	1	0	1	0	0	0	0	0	0	0
507	2	569.312469482422	1	455.312	isolate_only	UNANNOTATED	False	False							12	0	0	0	0	0	2	0	0	0	0	0
509	9	570.2171291775172	1	607.140888888889	isolate_only	UNANNOTATED	False	False							-1	0	3	2	1	1	1	1	0	0	0	0
510	22	570.2859829989346	1	276.87054545454544	isolate_only	UNANNOTATED	False	False							-1	0	0	6	0	4	0	0	6	6	0	0
511	15	570.4203803168405	1	872.1976666666667	isolate_only	FLAGGED	False	True	5-methoxy-3-methyl-4-[(2S,3R,4S,5S,6R)-3,4,5-trihydroxy-6-[[(2R,3R,4S,5S,6R)-3,4,5-trihydroxy-6-(hydroxymethyl)oxan-2-yl]oxymethyl]oxan-2-yl]oxy-3H-benzo[f][2]benzofuran-1-one	0.73228	2168.67	[M+H]+	Polyketides	Naphthalenes and derivatives	3	0	1	1	0	2	4	2	0	2	3	0
513	6	571.262288411458	1	417.412	isolate_only	UNANNOTATED	False	False							-1	6	0	0	0	0	0	0	0	0	0	0
514	4	571.3415832519535	1	453.62700000000007	isolate_only	UNANNOTATED	False	False							-1	0	0	0	2	0	2	0	0	0	0	0
516	3	573.294514973958	1	414.304	isolate_only	UNANNOTATED	False	False							-1	3	0	0	0	0	0	0	0	0	0	0
517	3	573.294514973958	1	414.496	isolate_only	UNANNOTATED	False	False							-1	3	0	0	0	0	0	0	0	0	0	0
518	2	577.268432617188	1	426.891	isolate_only	UNANNOTATED	False	False							89	2	0	0	0	0	0	0	0	0	0	0
519	15	577.3935289171006	1	795.1681333333332	isolate_only	UNANNOTATED	False	False							12	3	4	0	3	2	0	2	0	1	0	0
520	38	579.4219520970395	1	800.401263157895	isolate_only	UNANNOTATED	False	False							27	6	6	0	6	6	4	6	0	4	0	0
522	2	584.302480061849	1	410.024	isolate_only	UNANNOTATED	False	False							-1	0	0	0	0	1	0	0	0	1	0	0
523	6	585.274943033854	1	744.3363333333333	isolate_only	UNANNOTATED	False	False							27	6	0	0	0	0	0	0	0	0	0	0
524	3	585.287272135417	1	417.0583333333333	isolate_only	UNANNOTATED	False	False							-1	0	0	0	3	0	0	0	0	0	0	0
525	3	585.287272135417	1	417.2503333333333	isolate_only	UNANNOTATED	False	False							-1	0	0	0	3	0	0	0	0	0	0	0
526	4	585.295532226563	1	435.3760000000001	isolate_only	UNANNOTATED	False	False							-1	4	0	0	0	0	0	0	0	0	0	0
528	4	587.3169555664065	1	468.636	isolate_only	UNANNOTATED	False	False							18	0	2	0	0	0	0	0	0	2	0	0
529	4	590.2830810546875	1	401.40375000000006	isolate_only	UNANNOTATED	False	False							-1	0	0	2	0	0	0	0	2	0	0	0
530	3	592.2710266113282	1	424.8026666666667	isolate_only	UNANNOTATED	False	False							-1	0	1	0	0	1	0	0	0	0	0	1
531	4	592.2710571289065	1	425.2115	isolate_only	UNANNOTATED	False	False							-1	0	1	0	0	1	0	0	0	0	0	2
532	6	596.3399251302084	1	440.7705	isolate_only	UNANNOTATED	False	False							18	1	1	1	0	2	0	0	0	1	0	0
533	4	596.3409118652345	1	440.4045	isolate_only	UNANNOTATED	False	False							-1	1	1	1	0	0	0	0	0	1	0	0
534	22	598.4514049183236	1	552.5913712121212	isolate_only	UNANNOTATED	False	False							3	0	0	6	0	6	0	6	4	0	0	0
535	32	602.2783546447754	1	410.166125	isolate_only	UNANNOTATED	False	False							-1	6	2	0	6	2	4	4	4	4	0	0
536	2	603.284240722656	1	607.115	isolate_only	UNANNOTATED	False	False							27	2	0	0	0	0	0	0	0	0	0	0
538	12	610.2827962239584	1	196.201	isolate_only	UNANNOTATED	False	False							-1	2	0	2	0	2	0	0	2	2	0	2
543	9	613.3390096028647	1	459.1632222222223	isolate_only	UNANNOTATED	False	False							12	0	2	0	2	0	0	1	0	2	2	0
546	11	614.4467422022967	1	865.8102727272727	isolate_only	UNANNOTATED	False	False							3	0	0	1	0	2	1	1	2	3	1	0
552	6	619.3166707356769	1	455.78899999999993	isolate_only	UNANNOTATED	False	False							26	6	0	0	0	0	0	0	0	0	0	0
553	13	621.4193796011119	1	789.2637692307692	isolate_only	UNANNOTATED	False	False							12	2	4	0	4	0	0	3	0	0	0	0
554	17	623.4476174747243	1	794.7036470588234	isolate_only	UNANNOTATED	False	False							27	2	6	0	3	0	0	6	0	0	0	0
555	12	625.5551554361981	1	17.15056944444444	isolate_only	VALID	False	False	OL (32:0)	0.722508	14.2453	M+H			47	6	6	0	0	0	0	0	0	0	0	0
556	6	626.3136494954427	1	413.6721666666666	isolate_only	UNANNOTATED	False	False							-1	0	1	1	0	0	3	0	0	0	1	0
557	10	626.3134582519531	1	415.1493	isolate_only	UNANNOTATED	False	False							50	0	1	1	0	0	3	0	2	2	1	0
558	2	636.397277832031	1	474.441	isolate_only	UNANNOTATED	False	False							135	0	0	0	0	0	0	0	0	0	2	0
559	6	641.3356933593753	1	193.87000000000003	isolate_only	UNANNOTATED	False	False							-1	0	0	2	0	0	0	2	0	2	0	0
560	2	642.47705078125	1	990.839	isolate_only	UNANNOTATED	False	False							3	0	0	0	0	0	0	2	0	0	0	0
561	2	648.306182861328	1	432.705	isolate_only	UNANNOTATED	False	False							-1	2	0	0	0	0	0	0	0	0	0	0
562	2	648.306182861328	1	432.897	isolate_only	UNANNOTATED	False	False							89	2	0	0	0	0	0	0	0	0	0	0
563	6	651.565592447917	1	17.274694444444442	isolate_only	UNANNOTATED	False	False							47	0	6	0	0	0	0	0	0	0	0	0
564	2	652.327178955078	1	403.961	isolate_only	UNANNOTATED	False	False							-1	0	0	0	2	0	0	0	0	0	0	0
566	6	654.3499145507812	1	425.5636666666666	isolate_only	UNANNOTATED	False	False							18	4	0	0	2	0	0	0	0	0	0	0
567	25	655.3390030924481	1	422.80724	isolate_only	UNANNOTATED	False	False							90	0	4	2	0	4	0	4	4	3	1	3
568	7	655.339096795945	1	424.2435714285714	isolate_only	UNANNOTATED	False	False							41	0	1	0	0	1	0	2	2	1	0	0
569	2	657.36474609375	1	461.4740000000001	isolate_only	UNANNOTATED	False	False							12	0	0	0	2	0	0	0	0	0	0	0
571	14	658.4725559779579	1	858.707285714286	isolate_only	UNANNOTATED	False	False							3	0	0	3	0	3	2	2	0	2	2	0
573	2	665.359802246094	1	437.572	isolate_only	UNANNOTATED	False	False							-1	0	1	0	0	0	0	0	0	0	1	0
574	3	665.443837483724	1	783.1306666666667	isolate_only	UNANNOTATED	False	False							12	0	1	0	2	0	0	0	0	0	0	0
575	6	667.322672526042	1	404.3128333333333	isolate_only	FLAGGED	False	True	7-benzyl-11,14,20-trimethyl-16-(2-methylpropyl)-10,13-di(propan-2-yl)-17-oxa-1,5,8,11,14-pentazabicyclo[17.3.0]docosane-2,6,9,12,15,18-hexone	0.767812	1619.2	[M-H]-	Amino acids and Peptides|Polyketides	Cyclic peptides|Depsipeptides	65	0	0	2	0	2	0	2	0	0	0	0
576	12	667.472930908203	1	788.5413333333333	isolate_only	UNANNOTATED	False	False							27	0	6	0	4	0	0	2	0	0	0	0
577	18	669.3177625868058	1	399.01822222222216	isolate_only	UNANNOTATED	False	False							65	0	0	4	0	4	4	0	2	4	0	0
578	10	671.303271484375	1	782.6687999999999	isolate_only	UNANNOTATED	False	False							27	2	4	4	0	0	0	0	0	0	0	0
579	2	673.349792480469	1	431.494	isolate_only	UNANNOTATED	False	False							-1	0	0	0	0	0	0	0	1	1	0	0
580	3	673.349833170573	1	431.281	isolate_only	UNANNOTATED	False	False							90	0	0	0	0	0	0	1	1	1	0	0
581	2	679.302876790365	1	411.3925	isolate_only	UNANNOTATED	False	False							-1	0	0	0	0	0	0	0	0	0	2	0
582	3	679.302876790365	1	412.71633333333335	isolate_only	UNANNOTATED	False	False							-1	0	0	0	0	0	0	0	0	0	3	0
583	4	680.422332763672	1	474.8995000000001	isolate_only	UNANNOTATED	False	False							135	0	2	0	0	2	0	0	0	0	0	0
586	2	683.370391845703	1	433.834	isolate_only	UNANNOTATED	False	False							41	0	0	0	0	0	0	1	1	0	0	0
587	6	693.3548380533854	1	453.3336666666667	isolate_only	UNANNOTATED	False	False							-1	0	0	0	0	2	0	2	0	0	2	0
589	30	702.4982957628039	1	853.3253	isolate_only	UNANNOTATED	False	False							3	0	3	3	0	6	4	2	4	5	3	0
590	18	702.4984797724974	1	853.5856111111111	isolate_only	UNANNOTATED	False	False							3	0	3	3	0	0	2	4	2	1	3	0
591	2	702.936279296875	1	475.5595	isolate_only	UNANNOTATED	False	False							135	0	0	0	2	0	0	0	0	0	0	0
592	56	704.5158233642579	1	775.1910357142857	isolate_only	UNANNOTATED	False	False							1	6	6	6	6	6	6	6	2	6	6	0
594	8	711.4994354248049	1	782.57375	isolate_only	UNANNOTATED	False	False							-1	0	4	0	4	0	0	0	0	0	0	0
595	3	724.3715616861979	1	412.365	isolate_only	UNANNOTATED	False	False							108	0	3	0	0	0	0	0	0	0	0	0
596	2	725.3505706787109	1	416.397	isolate_only	UNANNOTATED	False	False							108	0	1	0	1	0	0	0	0	0	0	0
597	12	736.3619435628256	1	398.3594166666666	isolate_only	UNANNOTATED	False	False							-1	3	0	3	0	1	0	4	1	0	0	0
599	12	741.572499593099	1	19.807166666666667	isolate_only	UNANNOTATED	False	False							-1	0	12	0	0	0	0	0	0	0	0	0
602	5	746.5236450195314	1	848.6767999999998	isolate_only	UNANNOTATED	False	False							3	0	0	1	0	0	1	1	2	0	0	0
603	9	746.5240139431426	1	848.7281111111112	isolate_only	UNANNOTATED	False	False							3	0	2	1	0	2	3	1	0	0	0	0
604	30	748.5430338541667	1	771.0641333333333	isolate_only	UNANNOTATED	False	False							1	6	6	0	6	2	0	6	0	4	0	0
605	7	751.3710239955356	1	257.1	isolate_only	UNANNOTATED	False	False							-1	0	0	0	0	0	0	1	3	3	0	0
606	2	751.370585123698	1	258.47450000000003	isolate_only	UNANNOTATED	False	False							-1	0	0	0	0	0	0	0	2	0	0	0
607	8	755.3552284240725	1	420.801625	isolate_only	UNANNOTATED	False	False							-1	0	2	0	0	2	0	1	1	1	1	0
608	10	755.3552795410158	1	421.2875000000001	isolate_only	UNANNOTATED	False	False							50	0	2	1	0	2	0	1	1	1	2	0
611	6	766.382486979167	1	405.3781666666667	isolate_only	UNANNOTATED	False	False							-1	3	3	0	0	0	0	0	0	0	0	0
612	3	766.382527669271	1	409.83566666666667	isolate_only	UNANNOTATED	False	False							-1	0	3	0	0	0	0	0	0	0	0	0
613	6	767.4019165039066	1	195.45416666666668	isolate_only	UNANNOTATED	False	False							-1	0	0	1	0	1	0	2	1	1	0	0
614	2	767.4014739990234	1	194.4465	isolate_only	UNANNOTATED	False	False							-1	0	0	0	0	1	0	1	0	0	0	0
615	2	773.380737304688	1	456.452	isolate_only	UNANNOTATED	False	False							26	0	2	0	0	0	0	0	0	0	0	0
616	2	773.380737304688	1	456.644	isolate_only	UNANNOTATED	False	False							26	0	2	0	0	0	0	0	0	0	0	0
620	3	785.5922241210941	1	768.7296666666665	isolate_only	VALID	False	False	Spectral Match to Deoxycholic acid from NIST14	0.841164	1.55387	2M+H	Terpenoids	Cholane steroids	-1	0	0	0	0	0	0	0	0	3	0	0
621	22	792.5694469105115	1	766.7927272727271	isolate_only	UNANNOTATED	False	False							1	4	6	0	6	0	0	6	0	0	0	0
622	2	795.408752441406	1	413.238	isolate_only	UNANNOTATED	False	False							-1	0	2	0	0	0	0	0	0	0	0	0
623	2	806.400512695313	1	416.1225	isolate_only	UNANNOTATED	False	False							34	0	0	0	2	0	0	0	0	0	0	0
624	2	806.400512695313	1	416.3145	isolate_only	UNANNOTATED	False	False							-1	0	0	0	2	0	0	0	0	0	0	0
625	2	808.416961669922	1	429.3295	isolate_only	UNANNOTATED	False	False							80	0	1	0	0	0	1	0	0	0	0	0
626	2	808.416961669922	1	429.5225	isolate_only	UNANNOTATED	False	False							-1	0	1	0	0	0	1	0	0	0	0	0
628	2	811.3920135498049	1	406.0045	isolate_only	UNANNOTATED	False	False							-1	0	0	0	0	1	0	1	0	0	0	0
630	20	828.5133972167971	1	469.0864	isolate_only	UNANNOTATED	False	False							82	0	2	2	4	2	2	4	2	0	2	0
631	2	835.44081624349	1	425.9295	isolate_only	UNANNOTATED	False	False							80	2	0	0	0	0	0	0	0	0	0	0
632	3	835.4408162434898	1	426.99533333333335	isolate_only	UNANNOTATED	False	False							60	3	0	0	0	0	0	0	0	0	0	0
633	10	836.5926879882812	1	763.1743000000001	isolate_only	UNANNOTATED	False	False							1	0	6	0	4	0	0	0	0	0	0	0
634	4	839.564025878906	1	621.20225	isolate_only	VALID	False	False	"""(4R)-4-((3R,5R,6R,9S,10R,12S,13R,14S,17R)-3,6,12-trihydroxy-10,13-dimethylhexadecahydro-1H-cyclopenta[a]phenanthren-17-yl)pentanoic acid"""	0.88606	0.0	2M+Na	Terpenoids	Cholane steroids	-1	0	0	0	0	0	0	0	0	4	0	0
635	4	853.4497222900392	1	409.7517500000001	isolate_only	UNANNOTATED	False	False							-1	0	0	1	0	0	0	1	1	1	0	0
637	4	855.3821563720704	1	417.12074999999993	isolate_only	UNANNOTATED	False	False							-1	0	0	0	0	0	1	1	1	0	1	0
638	10	871.4490783691408	1	436.8969	isolate_only	UNANNOTATED	False	False							-1	0	1	2	0	2	0	1	2	1	1	0
640	10	872.5390258789064	1	469.9574	isolate_only	UNANNOTATED	False	False							82	0	2	0	2	0	2	2	2	0	0	0
641	2	879.4544372558595	1	429.664	isolate_only	UNANNOTATED	False	False							80	0	1	0	0	0	0	0	0	0	0	1
642	3	879.4585774739584	1	429.7413333333333	isolate_only	UNANNOTATED	False	False							-1	1	1	0	0	0	0	0	0	0	0	1
643	2	879.478373209635	1	404.722	isolate_only	UNANNOTATED	False	False							-1	2	0	0	0	0	0	0	0	0	0	0
644	2	881.352752685547	1	399.1155	isolate_only	UNANNOTATED	False	False							-1	0	0	0	0	1	0	0	0	0	1	0
645	7	883.4494803292412	1	429.2231428571428	isolate_only	UNANNOTATED	False	False							-1	0	0	1	0	1	0	2	1	2	0	0
646	6	891.5888061523439	1	19.79158333333333	isolate_only	UNANNOTATED	False	False							-1	0	6	0	0	0	0	0	0	0	0	0
647	10	895.3956604003906	1	416.10239999999993	isolate_only	UNANNOTATED	False	False							-1	0	0	1	0	1	1	2	1	1	3	0
648	3	895.3956909179689	1	417.3973333333333	isolate_only	UNANNOTATED	False	False							-1	0	0	0	0	0	1	2	0	0	0	0
651	9	906.4283289026332	1	403.4061111111111	isolate_only	UNANNOTATED	False	False							34	0	0	1	0	3	0	0	2	1	2	0
653	4	922.4231414794922	1	401.24125	isolate_only	UNANNOTATED	False	False							34	0	0	1	0	1	0	0	0	1	1	0
654	9	922.4230934425638	1	399.9391111111111	isolate_only	UNANNOTATED	False	False							34	0	0	0	0	1	0	3	2	1	2	0
656	14	931.624221801758	1	554.0586428571428	isolate_only	VALID	False	False	glycocholic acid	0.781917	1.37581	2M+H	Terpenoids	Cholane steroids	8	0	1	0	1	1	2	2	3	2	2	0
657	2	934.458618164063	1	413.271	isolate_only	UNANNOTATED	False	False							34	0	0	0	2	0	0	0	0	0	0	0
658	3	934.458618164063	1	414.0159999999999	isolate_only	UNANNOTATED	False	False							-1	0	0	0	3	0	0	0	0	0	0	0
659	8	936.4750747680664	1	427.380375	isolate_only	UNANNOTATED	False	False							60	0	2	2	0	0	0	1	0	1	2	0
660	2	936.488983154297	1	427.9325	isolate_only	UNANNOTATED	False	False							80	2	0	0	0	0	0	0	0	0	0	0
661	2	936.488983154297	1	428.125	isolate_only	UNANNOTATED	False	False							60	2	0	0	0	0	0	0	0	0	0	0
666	4	953.606079101563	1	554.3405	isolate_only	VALID	False	False	"""((R)-4-((3R,5S,7S,8R,9S,10S,12S,13R,14S,17R)-3,7,12-trihydroxy-10,13-dimethylhexadecahydro-1H-cyclopenta[a]phenanthren-17-yl)pentanoyl)glycine"""	0.86887	0.960068	2M+Na	Terpenoids	Cholane steroids	-1	0	0	0	0	0	0	0	2	0	2	0
667	2	967.480010986328	1	420.5685	isolate_only	UNANNOTATED	False	False							-1	0	0	0	0	1	0	0	0	1	0	0
668	5	991.5170471191408	1	442.6436000000001	isolate_only	UNANNOTATED	False	False							60	0	0	1	0	1	0	0	1	1	1	0
672	8	1031.588348388672	1	608.840875	isolate_only	VALID	False	False	"""2-((R)-4-((3R,5S,7S,8R,9S,10S,12R,13R,14S,17R)-3,7,12-trihydroxy-10,13-dimethylhexadecahydro-1H-cyclopenta[a]phenanthren-17-yl)pentanamido)ethane-1-sulfonic acid"""	0.795633	1.41999	2M+H	Terpenoids	Cholane steroids	-1	0	1	0	0	1	2	1	1	0	2	0
673	8	1031.588348388672	1	609.033625	isolate_only	VALID	False	False	taurocholic acid	0.791732	1.41999	2M+H	Terpenoids	Cholane steroids	8	0	1	0	0	1	2	1	1	0	2	0
674	7	1064.5332815987726	1	423.2051428571429	isolate_only	UNANNOTATED	False	False							110	0	1	1	0	1	0	1	1	1	1	0
676	2	1088.5354614257817	1	426.482	isolate_only	UNANNOTATED	False	False							-1	0	0	0	0	0	0	1	1	0	0	0
681	11	1149.5494606711648	1	419.82809090909086	isolate_only	UNANNOTATED	False	False							174	0	0	2	0	2	0	2	2	1	2	0
685	4	1150.5362040201826	1	428.338	isolate_only	UNANNOTATED	False	False							51	0	0	0	0	0	3	0	0	0	1	0
686	5	1150.5364827473963	1	428.1936	isolate_only	UNANNOTATED	False	False							-1	0	0	0	0	0	3	1	0	0	1	0
688	2	1161.549377441406	1	412.4475	isolate_only	UNANNOTATED	False	False							-1	0	0	0	0	0	2	0	0	0	0	0
689	2	1177.580444335938	1	441.7945	isolate_only	UNANNOTATED	False	False							60	0	0	0	0	0	1	0	0	1	0	0
694	2	1279.5751953125005	1	433.095	isolate_only	UNANNOTATED	False	False							51	0	0	0	0	0	1	0	0	0	1	0
695	2	1279.5751953125005	1	433.288	isolate_only	UNANNOTATED	False	False							-1	0	0	0	0	0	1	0	0	0	1	0
