cluster index	number of spectra	parent mass	precursor charge	precursor mass	sum(precursor intensity)	RTMean	ATTRIBUTE_PERFILEGROUPING:GNPSGROUP:3-B2R04.mzML	ATTRIBUTE_PERFILEGROUPING:GNPSGROUP:bkgrnd-marine-broth.mzML	ATTRIBUTE_PERFILEGROUPING	component	SpectrumID	#Scan#	SpectrumFile	LibraryName	MQScore	TIC_Query	RT_Query	MZErrorPPM	SharedPeaks	MassDiff	SpecMZ	SpecCharge	FileScanUniqueID	NumberHits	Compound_Name	Ion_Source	Instrument	Compound_Source	PI	Data_Collector	Adduct	Precursor_MZ	ExactMass	Charge	CAS_Number	Pubmed_ID	Smiles	INCHI	INCHI_AUX	Library_Class	IonMode	Organism	LibMZ	UpdateWorkflowName	LibraryQualityString	tags	molecular_formula	InChIKey	InChIKey-Planar	superclass	class	subclass	npclassifier_superclass	npclassifier_class	npclassifier_pathway	library_usi
1	24	110.0091342926025	1	110.00913429260248	0.0	116.91816666666664	12	12	3-B2R04.mzML,bkgrnd-marine-broth.mzML	4																																														
2	48	117.07306575775137	1	117.07306575775132	0.0	250.98303472222224	42	6	3-B2R04.mzML,bkgrnd-marine-broth.mzML	-1																																														
3	3	118.085833231608	1	118.085833231608	0.0	153.09933333333336	3	0	3-B2R04.mzML	4																																														
4	3	118.085833231608	1	118.085833231608	0.0	153.29066666666668	3	0	3-B2R04.mzML	4																																														
5	3	118.087252298991	1	118.087252298991	0.0	148.307	0	3	bkgrnd-marine-broth.mzML	-1																																														
6	15	118.087252298991	1	118.08725229899098	0.0	172.20680000000002	0	15	bkgrnd-marine-broth.mzML	4																																														
7	18	120.081518809001	1	120.081518809001	0.0	298.686	6	12	3-B2R04.mzML,bkgrnd-marine-broth.mzML	4																																														
8	18	120.081518809001	1	120.081518809001	0.0	298.87722222222226	6	12	3-B2R04.mzML,bkgrnd-marine-broth.mzML	4																																														
9	3	120.08581288655633	1	120.08581288655633	0.0	280.70733333333334	0	3	bkgrnd-marine-broth.mzML	4																																														
10	3	120.08581288655633	1	120.08581288655633	0.0	280.8983333333333	0	3	bkgrnd-marine-broth.mzML	4																																														
11	6	121.065930684408	1	121.065930684408	0.0	202.85533333333333	0	6	bkgrnd-marine-broth.mzML	4																																														
12	3	122.09598350524898	1	122.09598350524898	0.0	322.83266666666674	3	0	3-B2R04.mzML	4																																														
13	3	122.09598350524898	1	122.09598350524898	0.0	323.02366666666666	3	0	3-B2R04.mzML	4																																														
14	2	123.045349121094	1	123.045349121094	0.0	211.211	0	2	bkgrnd-marine-broth.mzML	4																																														
15	22	125.98661665482923	1	125.98661665482922	0.0	118.41	12	10	3-B2R04.mzML,bkgrnd-marine-broth.mzML	4																																														
16	2	129.065246582031	1	129.065246582031	0.0	159.60150000000002	2	0	3-B2R04.mzML	-1																																														
17	6	130.0502649943035	1	130.0502649943035	0.0	166.75716666666668	3	3	3-B2R04.mzML,bkgrnd-marine-broth.mzML	4																																														
18	11	130.04952633019636	1	130.04952633019636	0.0	187.2811818181818	10	1	3-B2R04.mzML,bkgrnd-marine-broth.mzML	4																																														
19	3	130.049362182617	1	130.049362182617	0.0	184.95066666666665	3	0	3-B2R04.mzML	4	CCMSLIB00006121643	19.0	specs_ms.mgf	BIRMINGHAM-UHPLC-MS-POS.mgf	0.71224	22462.2	184.103	7619.11	6.0	0.983368	130.049	1.0	temp/specs_ms.mgf19	1.0	Dihydrothymine - 30.0 eV	ESI	Orbitrap	Isolated	PI	Data Collector	M+H	129.066	0.0	1.0			CC1CNC(=O)NC1=O	InChI=1S/C5H8N2O2/c1-3-2-6-5(9)7-4(3)8/h3H,2H2,1H3,(H2,6,7,8,9)		1.0	Positive	BIRMINGHAM-UHPLC-MS-POS	129.066	UPDATE-SINGLE-ANNOTATED-GOLD	Gold		C5H8N2O2	NBAKTGXDIBVZOO-UHFFFAOYSA-N	NBAKTGXDIBVZOO						Alkaloids	mzspec:GNPS:GNPS-LIBRARY:CCMSLIB00006121643
20	3	130.04996405707467	1	130.04996405707467	0.0	199.59566666666663	2	1	3-B2R04.mzML,bkgrnd-marine-broth.mzML	4																																														
21	2	130.05116780599	1	130.05116780599	0.0	168.4175	0	2	bkgrnd-marine-broth.mzML	4																																														
22	2	130.05116780599	1	130.05116780599	0.0	192.178	0	2	bkgrnd-marine-broth.mzML	4																																														
23	12	130.097717285156	1	130.097717285156	0.0	150.63499999999996	6	6	3-B2R04.mzML,bkgrnd-marine-broth.mzML	1																																														
24	6	130.9658203125	1	130.9658203125	0.0	309.21966666666674	6	0	3-B2R04.mzML	4																																														
25	2	131.048553466797	1	131.048553466797	0.0	285.46150000000006	2	0	3-B2R04.mzML	4																																														
26	2	131.048553466797	1	131.048553466797	0.0	285.65250000000003	2	0	3-B2R04.mzML	4																																														
27	3	131.05034383138	1	131.05034383138	0.0	279.47700000000003	0	3	bkgrnd-marine-broth.mzML	4																																														
28	3	131.05034383138	1	131.05034383138	0.0	279.668	0	3	bkgrnd-marine-broth.mzML	4																																														
29	38	131.92965939170412	1	131.92965939170412	0.0	270.70863157894735	30	8	3-B2R04.mzML,bkgrnd-marine-broth.mzML	4																																														
30	47	132.10277303385388	1	132.1027730338539	0.0	228.70076595744683	14	33	3-B2R04.mzML,bkgrnd-marine-broth.mzML	4																																														
31	7	132.10301588736613	1	132.10301588736613	0.0	202.6292857142857	3	4	3-B2R04.mzML,bkgrnd-marine-broth.mzML	4																																														
32	3	132.10784403483066	1	132.10784403483066	0.0	197.04366666666667	0	3	bkgrnd-marine-broth.mzML	4																																														
33	11	136.07602714769794	1	136.07602714769794	0.0	208.2358181818182	6	5	3-B2R04.mzML,bkgrnd-marine-broth.mzML	4																																														
34	2	137.04709370931	1	137.04709370931	0.0	204.306	0	2	bkgrnd-marine-broth.mzML	41	CCMSLIB00003137374	34.0	specs_ms.mgf	GNPS-NIST14-MATCHES.mgf	0.896637	10140.9	212.865	7.90519	6.0	0.00108337	137.047	1.0	temp/specs_ms.mgf34	1.0	Spectral Match to Hypoxanthine from NIST14	ESI	qTof	Isolated	Data from Joshua Wollam	Data deposited by fevargas	M+H	137.046	136.038	1.0	68940		C1=NC2=C(N1)C(=O)NC=N2	InChI=1S/C5H4N4O/c10-5-3-4(7-1-6-3)8-2-9-5/h1-2H,(H2,6,7,8,9,10)		3.0	Positive	GNPS-NIST14-MATCHES	137.046	UPDATE-SINGLE-ANNOTATED-BRONZE	Bronze		C5H4N4O	FDGQSTZJBFJUBT-UHFFFAOYSA-N	FDGQSTZJBFJUBT	Organoheterocyclic compounds	Imidazopyrimidines	Purines and purine derivatives	Pseudoalkaloids	Purine alkaloids	Alkaloids	mzspec:GNPS:GNPS-LIBRARY:CCMSLIB00003137374
35	2	137.04709370931	1	137.04709370931	0.0	204.497	0	2	bkgrnd-marine-broth.mzML	41	CCMSLIB00000425122	35.0	specs_ms.mgf	HMDB.mgf	0.957459	12317.2	195.938	7.90519	7.0	0.00108337	137.047	1.0	temp/specs_ms.mgf35	1.0	HMDB:HMDB00157-243 Hypoxanthine	Positive	Quattro_QQQ:25eV	Isolated	HMDB	HMDB	M+H	137.046	136.039	1.0	68-94-0		OC1=NC=NC2=C1NC=N2	InChI=1S/C5H4N4O/c10-5-3-4(7-1-6-3)8-2-9-5/h1-2H,(H2,6,7,8,9,10)		3.0	Positive	HMDB	137.046	UPDATE-SINGLE-ANNOTATED-BRONZE	Bronze		C5H4N4O	FDGQSTZJBFJUBT-UHFFFAOYSA-N	FDGQSTZJBFJUBT	Organoheterocyclic compounds	Imidazopyrimidines	Purines and purine derivatives	Pseudoalkaloids	Purine alkaloids	Alkaloids	mzspec:GNPS:GNPS-LIBRARY:CCMSLIB00000425122
36	84	141.95893859863298	1	141.95893859863313	0.0	326.04285714285714	42	42	3-B2R04.mzML,bkgrnd-marine-broth.mzML	1																																														
37	12	146.16660054524704	1	146.16660054524704	0.0	120.10033333333334	0	12	bkgrnd-marine-broth.mzML	-1	CCMSLIB00006678412	37.0	specs_ms.mgf	MONA.mgf	0.839234	17369.2	128.375	10.9614	6.0	0.00160217	146.167	1.0	temp/specs_ms.mgf37	1.0	SPERMIDINE	ESI	Orbitrap	isolated	MoNA	MoNA:MoNA037229	M+H	146.165	0.0	1.0			C(CCNCCCN)CN	"""InChI=1S/C7H19N3/c8-4-1-2-6-10-7-3-5-9/h10H,1-9H2"""		3.0	positive	MONA	146.165	UPDATE-SINGLE-ANNOTATED-BRONZE	Bronze		C7H19N3	ATHGHQPFGPMSJY-UHFFFAOYSA-N	ATHGHQPFGPMSJY	Organic nitrogen compounds	Organonitrogen compounds	Amines	Ornithine alkaloids	Polyamines	Alkaloids	mzspec:GNPS:GNPS-LIBRARY:CCMSLIB00006678412
38	3	149.061024983724	1	149.061024983724	0.0	283.086	0	3	bkgrnd-marine-broth.mzML	4																																														
39	3	149.061024983724	1	149.061024983724	0.0	283.27733333333333	0	3	bkgrnd-marine-broth.mzML	4																																														
40	5	150.059661865234	1	150.059661865234	0.0	163.932	0	5	bkgrnd-marine-broth.mzML	-1																																														
41	22	151.03561262650916	1	151.03561262650916	0.0	118.93159090909089	12	10	3-B2R04.mzML,bkgrnd-marine-broth.mzML	4																																														
42	6	152.058049519857	1	152.058049519857	0.0	218.01766666666663	0	6	bkgrnd-marine-broth.mzML	-1																																														
43	22	155.08097561922898	1	155.08097561922898	0.0	221.77140909090912	22	0	3-B2R04.mzML	1																																														
44	14	155.08317129952533	1	155.08317129952533	0.0	211.65092857142852	2	12	3-B2R04.mzML,bkgrnd-marine-broth.mzML	1																																														
45	6	157.09657796224	1	157.09657796224	0.0	255.5103333333333	6	0	3-B2R04.mzML	56																																														
46	12	158.0928395589195	1	158.0928395589195	0.0	170.494	6	6	3-B2R04.mzML,bkgrnd-marine-broth.mzML	-1																																														
47	12	158.0928395589195	1	158.0928395589195	0.0	170.68516666666667	6	6	3-B2R04.mzML,bkgrnd-marine-broth.mzML	1																																														
48	22	158.96172818270594	1	158.9617281827059	0.0	317.4501818181818	10	12	3-B2R04.mzML,bkgrnd-marine-broth.mzML	56																																														
49	4	160.075149536133	1	160.075149536133	0.0	228.295	4	0	3-B2R04.mzML	3																																														
50	2	160.075149536133	1	160.075149536133	0.0	228.9785	2	0	3-B2R04.mzML	3																																														
51	6	160.13258361816403	1	160.13258361816403	0.0	147.7841666666667	6	0	3-B2R04.mzML	-1																																														
52	5	165.054949951172	1	165.054949951172	0.0	208.221	3	2	3-B2R04.mzML,bkgrnd-marine-broth.mzML	4	CCMSLIB00003138284	52.0	specs_ms.mgf	GNPS-NIST14-MATCHES.mgf	0.861215	23556.3	207.644	7.58063	6.0	0.00125122	165.056	1.0	temp/specs_ms.mgf52	1.0	Spectral Match to p-Hydroxyphenyllactic acid from NIST14	ESI	HCD	Isolated	Data from Jairam KP Vanamala, PhD	Data deposited by mjmeehan	M+H-H2O	165.055	0.0	1.0	306230					3.0	Positive	GNPS-NIST14-MATCHES	165.055	UPDATE-SINGLE-ANNOTATED-BRONZE	Bronze											mzspec:GNPS:GNPS-LIBRARY:CCMSLIB00003138284
53	3	165.054087320964	1	165.054087320964	0.0	208.1323333333333	3	0	3-B2R04.mzML	4																																														
54	3	165.056243896484	1	165.056243896484	0.0	209.57566666666665	0	3	bkgrnd-marine-broth.mzML	4																																														
55	19	166.08719916092693	1	166.0871991609269	0.0	297.6334736842105	7	12	3-B2R04.mzML,bkgrnd-marine-broth.mzML	4																																														
56	19	166.08719916092693	1	166.0871991609269	0.0	297.824947368421	7	12	3-B2R04.mzML,bkgrnd-marine-broth.mzML	4																																														
57	3	166.093887329102	1	166.093887329102	0.0	283.168	0	3	bkgrnd-marine-broth.mzML	4																																														
58	3	166.093887329102	1	166.093887329102	0.0	283.3593333333334	0	3	bkgrnd-marine-broth.mzML	4	CCMSLIB00013639998	58.0	specs_ms.mgf	WINE-DB-QTOF.mgf	0.991268	334779.0	286.458	47.4982	6.0	0.00788879	166.094	1.0	temp/specs_ms.mgf58	1.0	Phenylalanine_(L-)_30EV	ESI	qTof	Commercial	Axel_Marchal	TE_MLS	M+H	166.086	165.19	1.0	63-91-2		C([C@@H](C(O)=O)N)C1=CC=CC=C1	InChI=1S/C9H11NO2/c10-8(9(11)12)6-7-4-2-1-3-5-7/h1-5,8H,6,10H2,(H,11,12)/t8-/m0/s1		1.0	Positive	WINE-DB-QTOF	166.086	UPDATE-SINGLE-ANNOTATED-GOLD	Gold		C9H11NO2	COLNVLDHVKWLRT-QMMMGPOBSA-N	COLNVLDHVKWLRT	Organic acids and derivatives	Carboxylic acids and derivatives	Amino acids, peptides, and analogues	Small peptides	Aminoacids	Amino acids and Peptides|Shikimates and Phenylpropanoids	mzspec:GNPS:GNPS-LIBRARY:CCMSLIB00013639998
59	6	169.096379597982	1	169.096379597982	0.0	262.53516666666667	6	0	3-B2R04.mzML	1																																														
60	4	174.054260253906	1	174.054260253906	0.0	211.93725	4	0	3-B2R04.mzML	3	CCMSLIB00000224017	60.0	specs_ms.mgf	GNPS-LIBRARY.mgf	0.765215	11581.0	210.064	5688.33	6.0	0.995743	174.054	1.0	temp/specs_ms.mgf60	1.0	quinoxaline-2-carboxylic acid	DI-ESI	qTof	Other	Giuliano Clososki	Daniel Demarque	M+H	175.05	174.043	1.0	 	 	OC(C1=NC2=CC=CC=C2N=C1)=O	InChI=1S/C9H6N2O2/c12-9(13)8-5-10-6-3-1-2-4-7(6)11-8/h1-5H,(H,12,13)	 	3.0	Positive	GNPS-LIBRARY	175.05	UPDATE-SINGLE-ANNOTATED-BRONZE	Bronze		C9H6N2O2	UPUZGXILYFKSGE-UHFFFAOYSA-N	UPUZGXILYFKSGE	Organoheterocyclic compounds	Diazanaphthalenes	Benzodiazines	Anthranilic acid alkaloids	Phenazine alkaloids	Alkaloids	mzspec:GNPS:GNPS-LIBRARY:CCMSLIB00000224017
61	6	175.10894266764333	1	175.10894266764333	0.0	194.65133333333333	2	4	3-B2R04.mzML,bkgrnd-marine-broth.mzML	4																																														
62	6	175.118270874023	1	175.118270874023	0.0	141.83550000000002	6	0	3-B2R04.mzML	1	CCMSLIB00006682319	62.0	specs_ms.mgf	MONA.mgf	0.944806	9247.1	141.74	4.18242	6.0	0.000732422	175.118	1.0	temp/specs_ms.mgf62	1.0	ARGININE	ESI	qTof	isolated	MoNA	MoNA:MoNA032011	M+H	175.119	0.0	1.0			C(C[C@@H](C(=O)O)N)CNC(=N)N	"""InChI=1S/C6H14N4O2/c7-4(5(11)12)2-1-3-10-6(8)9/h4H,1-3,7H2,(H,11,12)(H4,8,9,10)/t4-/m0/s1"""		3.0	positive	MONA	175.119	UPDATE-SINGLE-ANNOTATED-BRONZE	Bronze		C6H14N4O2	ODKSFYDXXFIFQN-BYPYZUCNSA-N	ODKSFYDXXFIFQN	Organic acids and derivatives	Carboxylic acids and derivatives	Amino acids, peptides, and analogues	Small peptides	Aminoacids	Amino acids and Peptides	mzspec:GNPS:GNPS-LIBRARY:CCMSLIB00006682319
63	11	182.08170850349185	1	182.08170850349185	0.0	205.21145454545456	6	5	3-B2R04.mzML,bkgrnd-marine-broth.mzML	4	CCMSLIB00000221703	63.0	specs_ms.mgf	MASSBANK.mgf	0.962444	31563.5	207.494	7.70976	6.0	0.00140381	182.081	1.0	temp/specs_ms.mgf63	1.0	Massbank:PB000414 Tyrosine|2-amino-3-(4-hydroxyphenyl)propanoic acid	ESI	LC-ESI-QTOF	Isolated	Putative Massbank Match	Massbank	[M+H]+	182.082	0.0	1.0			C1=CC(=CC=C1CC(C(=O)O)N)O	1S/C9H11NO3/c10-8(9(12)13)5-6-1-3-7(11)4-2-6/h1-4,8,11H,5,10H2,(H,12,13)		3.0	Positive	MASSBANK	182.082	UPDATE-SINGLE-ANNOTATED-BRONZE	Bronze		C9H11NO3	OUYCCCASQSFEME-UHFFFAOYSA-N	OUYCCCASQSFEME	Organic acids and derivatives	Carboxylic acids and derivatives	Amino acids, peptides, and analogues	Small peptides	Aminoacids	Amino acids and Peptides|Shikimates and Phenylpropanoids	mzspec:GNPS:GNPS-LIBRARY:CCMSLIB00000221703
64	6	182.963104248047	1	182.963104248047	0.0	115.31683333333336	3	3	3-B2R04.mzML,bkgrnd-marine-broth.mzML	25																																														
65	6	182.963104248047	1	182.963104248047	0.0	115.50816666666668	3	3	3-B2R04.mzML,bkgrnd-marine-broth.mzML	25																																														
66	77	185.1107798060295	1	185.1107798060296	0.0	18.64302380952381	59	18	3-B2R04.mzML,bkgrnd-marine-broth.mzML	-1																																														
67	6	186.221539815267	1	186.221539815267	0.0	533.6573333333333	6	0	3-B2R04.mzML	-1	CCMSLIB00012331830	67.0	specs_ms.mgf	MSNLIB-POSITIVE.mgf	0.707615	3940.6	540.288	10133.9	6.0	1.90646	186.222	1.0	temp/specs_ms.mgf67	1.0	Pivagabine	ESI	Orbitrap	Crude	Tomas Pluskal	Corinna Brungs	[M+H]+	188.128	187.121	1.0			CC(C)(C)C(=O)NCCCC(=O)O	InChI=1S/C9H17NO3/c1-9(2,3)8(13)10-6-4-5-7(11)12/h4-6H2,1-3H3,(H,10,13)(H,11,12)	SRPNQDXRVRCTNK-UHFFFAOYSA-N	1.0	Positive	MSNLIB-POSITIVE	188.128	UPDATE-SINGLE-ANNOTATED-GOLD	Gold		C9H17NO3	SRPNQDXRVRCTNK-UHFFFAOYSA-N	SRPNQDXRVRCTNK	Organic acids and derivatives	Carboxylic acids and derivatives	Amino acids, peptides, and analogues	Fatty Acids and Conjugates	Branched fatty acids	Fatty acids	mzspec:GNPS:GNPS-LIBRARY:CCMSLIB00012331830
68	4	188.0711975097655	1	188.0711975097655	0.0	436.074	2	2	3-B2R04.mzML,bkgrnd-marine-broth.mzML	35	CCMSLIB00003138038	68.0	specs_ms.mgf	GNPS-NIST14-MATCHES.mgf	0.942263	18037.6	436.665	2.83963	7.0	0.000534058	188.072	1.0	temp/specs_ms.mgf68	1.0	Spectral Match to L-Tryptophan from NIST14	ESI	HCD	Isolated	Data from Pieter Dorrestein	Data deposited by dfloros	M+H-NH3	188.073	0.0	1.0	73223					3.0	Positive	GNPS-NIST14-MATCHES	188.073	UPDATE-SINGLE-ANNOTATED-BRONZE	Bronze											mzspec:GNPS:GNPS-LIBRARY:CCMSLIB00003138038
69	3	188.0716196695964	1	188.0716196695964	0.0	435.476	1	2	3-B2R04.mzML,bkgrnd-marine-broth.mzML	35	CCMSLIB00003135135	69.0	specs_ms.mgf	GNPS-NIST14-MATCHES.mgf	0.929119	16524.1	436.856	13.0625	6.0	0.00245667	188.072	1.0	temp/specs_ms.mgf69	1.0	Spectral Match to DL-Indole-3-lactic acid from NIST14	ESI	Q-TOF	Isolated	Data from Dorrestein	Data deposited by quinnr	M+H-H2O	188.07	0.0	1.0	832973					3.0	Positive	GNPS-NIST14-MATCHES	188.07	UPDATE-SINGLE-ANNOTATED-BRONZE	Bronze											mzspec:GNPS:GNPS-LIBRARY:CCMSLIB00003135135
70	16	189.0868015289305	1	189.0868015289305	0.0	270.98331249999995	12	4	3-B2R04.mzML,bkgrnd-marine-broth.mzML	1																																														
71	2	189.088806152344	1	189.088806152344	0.0	267.7825	0	2	bkgrnd-marine-broth.mzML	-1																																														
72	22	189.1239026387536	1	189.1239026387536	0.0	293.882	11	11	3-B2R04.mzML,bkgrnd-marine-broth.mzML	1																																														
73	6	195.112116495768	1	195.112116495768	0.0	388.2	6	0	3-B2R04.mzML	1																																														
74	14	198.9405103410991	1	198.9405103410991	0.0	115.42514285714287	8	6	3-B2R04.mzML,bkgrnd-marine-broth.mzML	4																																														
75	3	202.179412841797	1	202.179412841797	0.0	154.45733333333334	3	0	3-B2R04.mzML	36																																														
76	3	202.179412841797	1	202.179412841797	0.0	154.64866666666666	3	0	3-B2R04.mzML	36																																														
77	6	203.224990844727	1	203.224990844727	0.0	117.7635	0	6	bkgrnd-marine-broth.mzML	-1																																														
78	4	205.0979499816895	1	205.0979499816895	0.0	435.69175	2	2	3-B2R04.mzML,bkgrnd-marine-broth.mzML	35	CCMSLIB00000425339	78.0	specs_ms.mgf	HMDB.mgf	0.90892	28570.6	434.525	6.91897	7.0	0.00141907	205.097	1.0	temp/specs_ms.mgf78	1.0	HMDB:HMDB00929-1322 L-Tryptophan	Positive	Quattro_QQQ:25eV	Isolated	HMDB	HMDB	M+H	205.098	204.09	1.0	73-22-3		N[C@@H](CC1=CNC2=CC=CC=C12)C(O)=O	InChI=1S/C11H12N2O2/c12-9(11(14)15)5-7-6-13-10-4-2-1-3-8(7)10/h1-4,6,9,13H,5,12H2,(H,14,15)/t9-/m0/s1		3.0	Positive	HMDB	205.098	UPDATE-SINGLE-ANNOTATED-BRONZE	Bronze		C11H12N2O2	QIVBCDIJIAJPQS-VIFPVBQESA-N	QIVBCDIJIAJPQS	Organoheterocyclic compounds	Indoles and derivatives	Indolyl carboxylic acids and derivatives	Small peptides	Aminoacids	Amino acids and Peptides|Shikimates and Phenylpropanoids	mzspec:GNPS:GNPS-LIBRARY:CCMSLIB00000425339
79	4	205.0979499816895	1	205.0979499816895	0.0	435.88275	2	2	3-B2R04.mzML,bkgrnd-marine-broth.mzML	35	CCMSLIB00013065435	79.0	specs_ms.mgf	MSNLIB-POSITIVE.mgf	0.916041	18692.8	434.09	11.2341	6.0	0.00230408	205.099	1.0	temp/specs_ms.mgf79	1.0	L-tryptophan	ESI	Orbitrap	Commercial	Tomas Pluskal	Corinna Brungs	[M+H]+	205.097	204.09	1.0			N[C@@H](Cc1c[nH]c2ccccc12)C(=O)O	InChI=1S/C11H12N2O2/c12-9(11(14)15)5-7-6-13-10-4-2-1-3-8(7)10/h1-4,6,9,13H,5,12H2,(H,14,15)/t9-/m0/s1	QIVBCDIJIAJPQS-VIFPVBQESA-N	1.0	Positive	MSNLIB-POSITIVE	205.097	UPDATE-SINGLE-ANNOTATED-GOLD	Gold		C11H12N2O2	QIVBCDIJIAJPQS-VIFPVBQESA-N	QIVBCDIJIAJPQS	Organoheterocyclic compounds	Indoles and derivatives	Indolyl carboxylic acids and derivatives	Small peptides	Aminoacids	Amino acids and Peptides|Shikimates and Phenylpropanoids	mzspec:GNPS:GNPS-LIBRARY:CCMSLIB00013065435
80	11	211.10818250251515	1	211.10818250251515	0.0	249.3248181818182	6	5	3-B2R04.mzML,bkgrnd-marine-broth.mzML	1	CCMSLIB00005739084	80.0	specs_ms.mgf	MASSBANK.mgf	0.712542	8698.5	247.522	176.332	6.0	0.0372314	211.107	1.0	temp/specs_ms.mgf80	1.0	Massbank:PR311142 Cyclo(leucylprolyl)	ESI	qTof	Isolated	Massbank	Massbank	M+H	211.144	0.0	1.0			O=C1NC(C(=O)N2CCCC12)CC(C)C	1S/C11H18N2O2/c1-7(2)6-8-11(15)13-5-3-4-9(13)10(14)12-8/h7-9H,3-6H2,1-2H3,(H,12,14)		3.0	Positive	MASSBANK	211.144	UPDATE-SINGLE-ANNOTATED-BRONZE	Bronze		C11H18N2O2	SZJNCZMRZAUNQT-UHFFFAOYSA-N	SZJNCZMRZAUNQT	Organic acids and derivatives	Carboxylic acids and derivatives	Amino acids, peptides, and analogues	Small peptides	Dipeptides	Amino acids and Peptides	mzspec:GNPS:GNPS-LIBRARY:CCMSLIB00005739084
81	12	211.14495595296248	1	211.14495595296248	0.0	471.6649166666666	6	6	3-B2R04.mzML,bkgrnd-marine-broth.mzML	1	CCMSLIB00012440742	81.0	specs_ms.mgf	MSNLIB-POSITIVE.mgf	0.857408	19581.7	472.833	2.45709	6.0	0.000518799	211.143	1.0	temp/specs_ms.mgf81	1.0	5654-86-4	ESI	Orbitrap	Crude	Tomas Pluskal	Corinna Brungs	[M+H]+	211.144	210.137	1.0			CC(C)CC1NC(=O)C2CCCN2C1=O	InChI=1S/C11H18N2O2/c1-7(2)6-8-11(15)13-5-3-4-9(13)10(14)12-8/h7-9H,3-6H2,1-2H3,(H,12,14)	SZJNCZMRZAUNQT-UHFFFAOYSA-N	1.0	Positive	MSNLIB-POSITIVE	211.144	UPDATE-SINGLE-ANNOTATED-GOLD	Gold		C11H18N2O2	SZJNCZMRZAUNQT-UHFFFAOYSA-N	SZJNCZMRZAUNQT	Organic acids and derivatives	Carboxylic acids and derivatives	Amino acids, peptides, and analogues	Small peptides	Dipeptides	Amino acids and Peptides	mzspec:GNPS:GNPS-LIBRARY:CCMSLIB00012440742
82	12	214.91817982991492	1	214.91817982991492	0.0	118.72575000000002	6	6	3-B2R04.mzML,bkgrnd-marine-broth.mzML	-1																																														
83	6	215.141209920247	1	215.141209920247	0.0	205.61616666666663	0	6	bkgrnd-marine-broth.mzML	1																																														
84	6	217.156880696615	1	217.156880696615	0.0	238.2893333333333	0	6	bkgrnd-marine-broth.mzML	4																																														
85	6	221.09142557779896	1	221.09142557779896	0.0	225.12333333333336	6	0	3-B2R04.mzML	-1																																														
86	16	223.989793777466	1	223.98979377746605	0.0	116.70025000000004	8	8	3-B2R04.mzML,bkgrnd-marine-broth.mzML	25																																														
87	6	226.154362996419	1	226.154362996419	0.0	180.2458333333333	6	0	3-B2R04.mzML	-1																																														
88	3	226.982828776042	1	226.982828776042	0.0	515.2743333333333	3	0	3-B2R04.mzML	-1																																														
89	6	227.101913452148	1	227.101913452148	0.0	282.04983333333337	6	0	3-B2R04.mzML	1																																														
90	4	227.138580322266	1	227.138580322266	0.0	451.34125	4	0	3-B2R04.mzML	1	CCMSLIB00000007040	90.0	specs_ms.mgf	GNPS-LIBRARY.mgf	0.713858	12034.4	452.176	1.88099	6.0	0.000427246	227.139	1.0	temp/specs_ms.mgf90	1.0	cyclo(L-Leu-L-4-Hyp)	DI-ESI	qTof	Isolated	Keyzers	R Keyzers	M+H	227.139	244.121	1.0	115006-86-5					3.0	Positive	GNPS-LIBRARY	227.139	UPDATE-SINGLE-ANNOTATED-BRONZE	Bronze											mzspec:GNPS:GNPS-LIBRARY:CCMSLIB00000007040
91	3	227.13951789008263	1	227.13951789008263	0.0	453.49533333333335	2	1	3-B2R04.mzML,bkgrnd-marine-broth.mzML	1	CCMSLIB00000007039	91.0	specs_ms.mgf	GNPS-LIBRARY.mgf	0.914516	22179.8	454.132	10.4798	10.0	0.00238037	227.141	1.0	temp/specs_ms.mgf91	1.0	cyclo(L-Leu-L-4-hydroxy-Pro)	DI-ESI	qTof	Isolated	Keyzers	R Keyzers	M+H	227.139	244.121	1.0	115006-86-5					3.0	Positive	GNPS-LIBRARY	227.139	UPDATE-SINGLE-ANNOTATED-BRONZE	Bronze											mzspec:GNPS:GNPS-LIBRARY:CCMSLIB00000007039
92	5	227.141393025716	1	227.141393025716	0.0	451.0756	0	5	bkgrnd-marine-broth.mzML	1	CCMSLIB00000007040	92.0	specs_ms.mgf	GNPS-LIBRARY.mgf	0.73652	24668.6	448.974	10.4798	8.0	0.00238037	227.141	1.0	temp/specs_ms.mgf92	1.0	cyclo(L-Leu-L-4-Hyp)	DI-ESI	qTof	Isolated	Keyzers	R Keyzers	M+H	227.139	244.121	1.0	115006-86-5					3.0	Positive	GNPS-LIBRARY	227.139	UPDATE-SINGLE-ANNOTATED-BRONZE	Bronze											mzspec:GNPS:GNPS-LIBRARY:CCMSLIB00000007040
93	18	229.157028198242	1	229.15702819824207	0.0	369.7259444444445	0	18	bkgrnd-marine-broth.mzML	1																																														
94	12	230.24966430664048	1	230.24966430664043	0.0	575.7904166666666	6	6	3-B2R04.mzML,bkgrnd-marine-broth.mzML	10	CCMSLIB00004719579	94.0	specs_ms.mgf	MONA.mgf	0.850298	30346.1	575.425	8168.12	6.0	1.89618	230.248	1.0	temp/specs_ms.mgf94	1.0	Harmaline		ESI-QFT	isolated	MoNA	MoNA:VF-NPL-QEHF026687	[M+NH4]+	232.144	0.0	1.0			COc1ccc2c(c1)=NC1=C(C)NCCC=21	InChI=1S/C13H14N2O/c1-8-13-11(5-6-14-8)10-4-3-9(16-2)7-12(10)15-13/h3-4,7,14H,5-6H2,1-2H3		3.0	positive	MONA	232.144	UPDATE-SINGLE-ANNOTATED-BRONZE	Bronze		C13H14N2O	QJOZJXNKVMFAET-UHFFFAOYSA-N	QJOZJXNKVMFAET				Tryptophan alkaloids	Carboline alkaloids	Alkaloids	mzspec:GNPS:GNPS-LIBRARY:CCMSLIB00004719579
95	4	231.172617594401	1	231.172617594401	0.0	366.98975	0	4	bkgrnd-marine-broth.mzML	4	CCMSLIB00003138677	95.0	specs_ms.mgf	GNPS-NIST14-MATCHES.mgf	0.798685	7731.1	366.539	8476.89	6.0	1.97638	231.173	1.0	temp/specs_ms.mgf95	1.0	Spectral Match to Ile-Thr from NIST14	ESI	QQQ	Isolated	Data from Joshua Wollam	Data deposited by fevargas	M+H	233.149	232.142	1.0			CCC(C)C(C(=O)NC(C(C)O)C(=O)O)N	InChI=1S/C10H20N2O4/c1-4-5(2)7(11)9(14)12-8(6(3)13)10(15)16/h5-8,13H,4,11H2,1-3H3,(H,12,14)(H,15,16)		3.0	Positive	GNPS-NIST14-MATCHES	233.149	UPDATE-SINGLE-ANNOTATED-BRONZE	Bronze		C10H20N2O4	DRCKHKZYDLJYFQ-UHFFFAOYSA-N	DRCKHKZYDLJYFQ	Organic acids and derivatives	Carboxylic acids and derivatives	Amino acids, peptides, and analogues	Small peptides	Dipeptides	Amino acids and Peptides	mzspec:GNPS:GNPS-LIBRARY:CCMSLIB00003138677
96	6	235.118026733398	1	235.118026733398	0.0	156.7585	6	0	3-B2R04.mzML	-1	CCMSLIB00012349261	96.0	specs_ms.mgf	MSNLIB-POSITIVE.mgf	0.897255	9293.2	156.854	4.15348	6.0	0.000976562	235.118	1.0	temp/specs_ms.mgf96	1.0	Cyclo(his-pro)	ESI	Orbitrap	Crude	Tomas Pluskal	Corinna Brungs	[M+H]+	235.119	234.112	1.0			O=C1N[C@@H](Cc2cnc[nH]2)C(=O)N2CCC[C@@H]12	InChI=1S/C11H14N4O2/c16-10-9-2-1-3-15(9)11(17)8(14-10)4-7-5-12-6-13-7/h5-6,8-9H,1-4H2,(H,12,13)(H,14,16)/t8-,9-/m0/s1	NAKUGCPAQTUSBE-IUCAKERBSA-N	1.0	Positive	MSNLIB-POSITIVE	235.119	UPDATE-SINGLE-ANNOTATED-GOLD	Gold		C11H14N4O2	NAKUGCPAQTUSBE-IUCAKERBSA-N	NAKUGCPAQTUSBE	Organic acids and derivatives	Carboxylic acids and derivatives	Amino acids, peptides, and analogues	Small peptides	Dipeptides	Amino acids and Peptides	mzspec:GNPS:GNPS-LIBRARY:CCMSLIB00012349261
97	3	237.08618672688803	1	237.08618672688803	0.0	211.4223333333333	3	0	3-B2R04.mzML	2																																														
98	3	237.08618672688803	1	237.08618672688803	0.0	211.6133333333333	3	0	3-B2R04.mzML	2																																														
99	2	237.088798522949	1	237.088798522949	0.0	212.4415	0	2	bkgrnd-marine-broth.mzML	2																																														
100	2	237.088798522949	1	237.088798522949	0.0	212.6325	0	2	bkgrnd-marine-broth.mzML	2																																														
101	12	239.96735127766945	1	239.96735127766945	0.0	116.60216666666666	6	6	3-B2R04.mzML,bkgrnd-marine-broth.mzML	4																																														
102	5	243.1346511840822	1	243.1346511840822	0.0	466.6484	3	2	3-B2R04.mzML,bkgrnd-marine-broth.mzML	1	CCMSLIB00003139634	102.0	specs_ms.mgf	GNPS-NIST14-MATCHES.mgf	0.778247	10811.1	465.522	4224.89	6.0	1.03157	243.133	1.0	temp/specs_ms.mgf102	1.0	Spectral Match to Lys-Pro from NIST14	ESI	Q-TOF	Isolated	Data from Gabriel Haddad	Data deposited by mjmeehan	M+H	244.165	0.0	1.0						3.0	Positive	GNPS-NIST14-MATCHES	244.165	UPDATE-SINGLE-ANNOTATED-BRONZE	Bronze											mzspec:GNPS:GNPS-LIBRARY:CCMSLIB00003139634
103	8	245.1285133361815	1	245.1285133361816	0.0	481.121375	6	2	3-B2R04.mzML,bkgrnd-marine-broth.mzML	1	CCMSLIB00000007135	103.0	specs_ms.mgf	GNPS-LIBRARY.mgf	0.85052	7027.5	481.278	11.2669	12.0	0.00276184	245.131	1.0	temp/specs_ms.mgf103	1.0	cyclo(L-Phe-D-Pro)	DI-ESI	qTof	Isolated	Keyzers	R Keyzers	M+H	245.128	244.121	1.0	32021-26-4					3.0	Positive	GNPS-LIBRARY	245.128	UPDATE-SINGLE-ANNOTATED-BRONZE	Bronze											mzspec:GNPS:GNPS-LIBRARY:CCMSLIB00000007135
104	4	254.16111755371048	1	254.16111755371048	0.0	199.1145	3	1	3-B2R04.mzML,bkgrnd-marine-broth.mzML	-1																																														
105	4	254.16111755371048	1	254.16111755371048	0.0	199.3055	3	1	3-B2R04.mzML,bkgrnd-marine-broth.mzML	1																																														
106	12	258.28128051757795	1	258.28128051757795	0.0	638.4683333333334	6	6	3-B2R04.mzML,bkgrnd-marine-broth.mzML	10	CCMSLIB00013939923	106.0	specs_ms.mgf	WFSR-LIBRARY.mgf	0.905668	14376.4	636.882	0.590787	6.0	0.000152588	258.279	1.0	temp/specs_ms.mgf106	1.0	Myristamine oxide_CE45	ESI	Orbitrap	Commercial	Federico Padilla-Gonzalez	"""Sjors Rasker, Wout Bergkamp"""	M+H	258.279	257.272	1.0	3332-27-2		CCCCCCCCCCCCCC[N+](C)(C)[O-]	"""InChI=1S/C16H35NO/c1-4-5-6-7-8-9-10-11-12-13-14-15-16-17(2,3)18/h4-16H2,1-3H3"""		1.0	Positive	WFSR-LIBRARY	258.279	UPDATE-SINGLE-ANNOTATED-GOLD	Gold			ONHFWHCMZAJCFB-UHFFFAOYSA-N	ONHFWHCMZAJCFB	Organic nitrogen compounds	Organonitrogen compounds	Aminoxides				mzspec:GNPS:GNPS-LIBRARY:CCMSLIB00013939923
107	2	260.199279785156	1	260.199279785156	0.0	193.0805	0	2	bkgrnd-marine-broth.mzML	4																																														
108	4	261.122843424479	1	261.122843424479	0.0	457.84825	4	0	3-B2R04.mzML	1	CCMSLIB00000007114	108.0	specs_ms.mgf	GNPS-LIBRARY.mgf	0.867605	23442.3	458.752	4.44106	8.0	0.00115967	261.123	1.0	temp/specs_ms.mgf108	1.0	cyclo(Phe-4-Hyp)	DI-ESI	qTof	Isolated	Keyzers	R Keyzers	M+H	261.124	260.116	1.0	0					3.0	Positive	GNPS-LIBRARY	261.124	UPDATE-SINGLE-ANNOTATED-BRONZE	Bronze											mzspec:GNPS:GNPS-LIBRARY:CCMSLIB00000007114
109	3	261.1239929199217	1	261.1239929199217	0.0	467.633	2	1	3-B2R04.mzML,bkgrnd-marine-broth.mzML	1	CCMSLIB00000007114	109.0	specs_ms.mgf	GNPS-LIBRARY.mgf	0.768863	33794.3	467.904	4.44106	6.0	0.00115967	261.123	1.0	temp/specs_ms.mgf109	1.0	cyclo(Phe-4-Hyp)	DI-ESI	qTof	Isolated	Keyzers	R Keyzers	M+H	261.124	260.116	1.0	0					3.0	Positive	GNPS-LIBRARY	261.124	UPDATE-SINGLE-ANNOTATED-BRONZE	Bronze											mzspec:GNPS:GNPS-LIBRARY:CCMSLIB00000007114
110	2	261.126291910807	1	261.126291910807	0.0	458.2269999999999	0	2	bkgrnd-marine-broth.mzML	1	CCMSLIB00000007114	110.0	specs_ms.mgf	GNPS-LIBRARY.mgf	0.836677	17400.0	458.131	8.76525	7.0	0.00228882	261.126	1.0	temp/specs_ms.mgf110	1.0	cyclo(Phe-4-Hyp)	DI-ESI	qTof	Isolated	Keyzers	R Keyzers	M+H	261.124	260.116	1.0	0					3.0	Positive	GNPS-LIBRARY	261.124	UPDATE-SINGLE-ANNOTATED-BRONZE	Bronze											mzspec:GNPS:GNPS-LIBRARY:CCMSLIB00000007114
111	2	263.141876220703	1	263.141876220703	0.0	437.91399999999993	0	2	bkgrnd-marine-broth.mzML	-1																																														
112	12	265.01641845703153	1	265.01641845703153	0.0	119.045	6	6	3-B2R04.mzML,bkgrnd-marine-broth.mzML	25																																														
113	7	268.1061314174109	1	268.1061314174109	0.0	197.6572857142857	1	6	3-B2R04.mzML,bkgrnd-marine-broth.mzML	28	CCMSLIB00000216566	113.0	specs_ms.mgf	MASSBANK.mgf	0.940065	18611.3	197.554	397.867	8.0	0.106628	268.107	1.0	temp/specs_ms.mgf113	1.0	Massbank:KO002042 Adenosine	ESI	LC-ESI-QQ	Isolated	Putative Massbank Match	Massbank	[M+H]+	268.0	0.0	1.0	58-61-7		OC[C@@H](O1)[C@@H](O)[C@@H](O)[C@@H]1n(c3)c(n2)c(n3)c(N)nc2	1S/C10H13N5O4/c11-8-5-9(13-2-12-8)15(3-14-5)10-7(18)6(17)4(1-16)19-10/h2-4,6-7,10,16-18H,1H2,(H2,11,12,13)/t4-,6-,7-,10-/m1/s1		3.0	Positive	MASSBANK	268.0	UPDATE-SINGLE-ANNOTATED-BRONZE	Bronze		C10H13N5O4	OIRDTQYFTABQOQ-KQYNXXCUSA-N	OIRDTQYFTABQOQ				Nucleosides	Purine nucleos(t)ides	Carbohydrates	mzspec:GNPS:GNPS-LIBRARY:CCMSLIB00000216566
114	10	274.1772583007813	1	274.1772583007813	0.0	362.72010000000006	4	6	3-B2R04.mzML,bkgrnd-marine-broth.mzML	22																																														
115	10	274.27553710937497	1	274.27553710937497	0.0	542.7675000000002	6	4	3-B2R04.mzML,bkgrnd-marine-broth.mzML	-1																																														
116	2	279.133605957031	1	279.133605957031	0.0	435.7705	2	0	3-B2R04.mzML	28																																														
117	3	284.101715087891	1	284.101715087891	0.0	219.28	0	3	bkgrnd-marine-broth.mzML	28	CCMSLIB00003136679	117.0	specs_ms.mgf	GNPS-NIST14-MATCHES.mgf	0.936613	26172.4	220.255	6.01543	6.0	0.00170898	284.102	1.0	temp/specs_ms.mgf117	1.0	Spectral Match to Guanosine from NIST14	ESI	QqQ	Isolated	Data from Dorrestein	Data deposited by quinnr	M+H	284.1	0.0	1.0	118003					3.0	Positive	GNPS-NIST14-MATCHES	284.1	UPDATE-SINGLE-ANNOTATED-BRONZE	Bronze											mzspec:GNPS:GNPS-LIBRARY:CCMSLIB00003136679
118	3	284.101715087891	1	284.101715087891	0.0	219.47166666666664	0	3	bkgrnd-marine-broth.mzML	28	CCMSLIB00006684524	118.0	specs_ms.mgf	MONA.mgf	0.882013	13742.2	218.369	9.56027	6.0	0.00271606	284.102	1.0	temp/specs_ms.mgf118	1.0	GUANOSINE	ESI	qTof	isolated	MoNA	MoNA:MoNA036418	M+H	284.099	0.0	1.0			C([C@@H]1[C@H]([C@H]([C@H](N2C=NC3=C2NC(=N)N=C3O)O1)O)O)O	"""InChI=1S/C10H13N5O5/c11-10-13-7-4(8(19)14-10)12-2-15(7)9-6(18)5(17)3(1-16)20-9/h2-3,5-6,9,16-18H,1H2,(H3,11,13,14,19)/t3-,5-,6-,9-/m1/s1"""		3.0	positive	MONA	284.099	UPDATE-SINGLE-ANNOTATED-BRONZE	Bronze		C10H13N5O5	NYHBQMYGNKIUIF-UUOKFMHZSA-N	NYHBQMYGNKIUIF				Nucleosides	Purine nucleos(t)ides	Carbohydrates	mzspec:GNPS:GNPS-LIBRARY:CCMSLIB00006684524
119	3	286.17529296875	1	286.17529296875	0.0	389.9266666666667	3	0	3-B2R04.mzML	-1																																														
120	3	286.17529296875	1	286.17529296875	0.0	390.1183333333334	3	0	3-B2R04.mzML	1																																														
121	96	286.2213133498662	1	286.22131334986614	0.0	582.7978593749999	57	39	3-B2R04.mzML,bkgrnd-marine-broth.mzML	7																																														
122	44	286.22169269801293	1	286.22169269801304	0.0	735.0825075757576	22	22	3-B2R04.mzML,bkgrnd-marine-broth.mzML	7																																														
123	2	286.221692698013	1	286.221692698013	0.0	725.6445	1	1	3-B2R04.mzML,bkgrnd-marine-broth.mzML	-1																																														
124	97	286.2215466946026	1	286.22154669460247	0.0	560.3336426116839	52	45	3-B2R04.mzML,bkgrnd-marine-broth.mzML	7																																														
125	2	286.219669507897	1	286.219669507897	0.0	708.9395000000001	2	0	3-B2R04.mzML	39																																														
126	6	290.133626302083	1	290.133626302083	0.0	230.8558333333333	6	0	3-B2R04.mzML	-1																																														
127	9	291.2547822175202	1	291.2547822175203	0.0	836.3202222222222	5	4	3-B2R04.mzML,bkgrnd-marine-broth.mzML	9																																														
128	6	295.020385742188	1	295.020385742188	0.0	513.1003333333333	6	0	3-B2R04.mzML	14																																														
129	18	298.255554199219	1	298.25555419921886	0.0	923.3986111111112	18	0	3-B2R04.mzML	-1																																														
130	6	302.287027994792	1	302.287027994792	0.0	19.79080555555556	6	0	3-B2R04.mzML	39																																														
131	5	304.212707519531	1	304.212707519531	0.0	577.9986	5	0	3-B2R04.mzML	-1																																														
132	102	304.2306446748622	1	304.2306446748625	0.0	496.15444607843153	84	18	3-B2R04.mzML,bkgrnd-marine-broth.mzML	7																																														
133	12	304.3022155761721	1	304.3022155761721	0.0	649.4613333333333	6	6	3-B2R04.mzML,bkgrnd-marine-broth.mzML	20	CCMSLIB00003135025	133.0	specs_ms.mgf	GNPS-NIST14-MATCHES.mgf	0.878789	26471.4	651.07	18.0519	6.0	0.00549316	304.305	1.0	temp/specs_ms.mgf133	1.0	Spectral Match to Benzyldodecyldimethylammonium from NIST14	ESI	QqQ	Isolated	Data from Joshua Wollam	Data deposited by fevargas	Cat	304.299	0.0	1.0	10328355					3.0	Positive	GNPS-NIST14-MATCHES	304.299	UPDATE-SINGLE-ANNOTATED-BRONZE	Bronze											mzspec:GNPS:GNPS-LIBRARY:CCMSLIB00003135025
134	12	308.28166198730463	1	308.28166198730463	0.0	837.1990000000001	6	6	3-B2R04.mzML,bkgrnd-marine-broth.mzML	9																																														
135	6	311.174865722656	1	311.174865722656	0.0	499.5969999999999	6	0	3-B2R04.mzML	-1																																														
136	5	317.180592854818	1	317.180592854818	0.0	255.63200000000003	5	0	3-B2R04.mzML	-1																																														
137	3	318.1299641927083	1	318.1299641927083	0.0	414.1303333333334	2	1	3-B2R04.mzML,bkgrnd-marine-broth.mzML	-1	CCMSLIB00012788902	137.0	specs_ms.mgf	MSNLIB-POSITIVE.mgf	0.757736	8121.6	414.576	6107.05	6.0	1.93106	318.133	1.0	temp/specs_ms.mgf137	1.0	Z2370119375	ESI	Orbitrap	Commercial	Tomas Pluskal	Corinna Brungs	[M+H]+	316.202	315.195	1.0			CC(C)c1ccc(-c2noc(C3CN(C(C)C)CCO3)n2)cc1	InChI=1S/C18H25N3O2/c1-12(2)14-5-7-15(8-6-14)17-19-18(23-20-17)16-11-21(13(3)4)9-10-22-16/h5-8,12-13,16H,9-11H2,1-4H3	ZLFHTMMUIQAMRC-UHFFFAOYSA-N	1.0	Positive	MSNLIB-POSITIVE	316.202	UPDATE-SINGLE-ANNOTATED-GOLD	Gold		C18H25N3O2	ZLFHTMMUIQAMRC-UHFFFAOYSA-N	ZLFHTMMUIQAMRC	Organoheterocyclic compounds	Azoles	Oxadiazoles				mzspec:GNPS:GNPS-LIBRARY:CCMSLIB00012788902
138	7	328.2724974389167	1	328.2724974389167	0.0	473.2781666666666	1	6	3-B2R04.mzML,bkgrnd-marine-broth.mzML	7																																														
139	13	328.27129643643053	1	328.27129643643053	0.0	484.2489615384615	5	8	3-B2R04.mzML,bkgrnd-marine-broth.mzML	7																																														
140	31	328.2704828541011	1	328.270482854101	0.0	441.7914731182796	17	14	3-B2R04.mzML,bkgrnd-marine-broth.mzML	7																																														
141	22	328.27162646397306	1	328.271626463973	0.0	388.50414393939394	7	15	3-B2R04.mzML,bkgrnd-marine-broth.mzML	7																																														
142	122	328.2710897064944	1	328.2710897064952	0.0	619.8610341530054	52	70	3-B2R04.mzML,bkgrnd-marine-broth.mzML	7																																														
143	5	328.2712200089996	1	328.2712200089996	0.0	560.8578	2	3	3-B2R04.mzML,bkgrnd-marine-broth.mzML	7																																														
144	126	328.27072323069854	1	328.2707232306991	0.0	616.2513015873016	63	63	3-B2R04.mzML,bkgrnd-marine-broth.mzML	7																																														
145	32	328.2719651764512	1	328.271965176451	0.0	374.9088958333333	8	24	3-B2R04.mzML,bkgrnd-marine-broth.mzML	7																																														
146	60	329.2705393473309	1	329.2705393473309	0.0	482.3743444444444	60	0	3-B2R04.mzML	7																																														
147	12	331.19857788085943	1	331.19857788085943	0.0	286.8828333333333	6	6	3-B2R04.mzML,bkgrnd-marine-broth.mzML	22																																														
148	12	332.33371480306	1	332.33371480305993	0.0	718.581	6	6	3-B2R04.mzML,bkgrnd-marine-broth.mzML	20	CCMSLIB00003139865	148.0	specs_ms.mgf	GNPS-NIST14-MATCHES.mgf	0.913532	31046.2	717.364	0.0	6.0	0.0	332.331	1.0	temp/specs_ms.mgf148	1.0	Spectral Match to Benzyltetradecyldimethylammonium from NIST14	ESI	QqQ	Isolated	Data from Pieter Dorrestein;Ruben Abagayan	Data deposited by lfnothias	Cat	332.331	0.0	1.0	16287711					3.0	Positive	GNPS-NIST14-MATCHES	332.331	UPDATE-SINGLE-ANNOTATED-BRONZE	Bronze											mzspec:GNPS:GNPS-LIBRARY:CCMSLIB00003139865
149	12	335.2818654378255	1	335.2818654378255	0.0	828.4139166666666	6	6	3-B2R04.mzML,bkgrnd-marine-broth.mzML	9																																														
150	3	344.22984822591167	1	344.22984822591167	0.0	432.1720000000001	1	2	3-B2R04.mzML,bkgrnd-marine-broth.mzML	18	CCMSLIB00012338748	150.0	specs_ms.mgf	MSNLIB-POSITIVE.mgf	0.761723	9777.9	432.524	2924.94	6.0	1.00391	344.227	1.0	temp/specs_ms.mgf150	1.0	Aloxistatin	ESI	Orbitrap	Crude	Tomas Pluskal	Corinna Brungs	[M+H]+	343.223	342.215	1.0			CCOC(=O)[C@H]1O[C@@H]1C(=O)N[C@@H](CC(C)C)C(=O)NCCC(C)C	InChI=1S/C17H30N2O5/c1-6-23-17(22)14-13(24-14)16(21)19-12(9-11(4)5)15(20)18-8-7-10(2)3/h10-14H,6-9H2,1-5H3,(H,18,20)(H,19,21)/t12-,13-,14-/m0/s1	SRVFFFJZQVENJC-IHRRRGAJSA-N	1.0	Positive	MSNLIB-POSITIVE	343.223	UPDATE-SINGLE-ANNOTATED-GOLD	Gold		C17H30N2O5	SRVFFFJZQVENJC-IHRRRGAJSA-N	SRVFFFJZQVENJC				Small peptides	Tripeptides	Amino acids and Peptides	mzspec:GNPS:GNPS-LIBRARY:CCMSLIB00012338748
151	2	345.248825073242	1	345.248825073242	0.0	486.86	2	0	3-B2R04.mzML	-1																																														
152	64	346.27805741254	1	346.27805741254053	0.0	605.2711354166667	48	16	3-B2R04.mzML,bkgrnd-marine-broth.mzML	7																																														
153	68	346.27784878951854	1	346.277848789519	0.0	628.1431421568627	54	14	3-B2R04.mzML,bkgrnd-marine-broth.mzML	7																																														
154	12	352.30868021647103	1	352.30868021647115	0.0	827.7111666666667	6	6	3-B2R04.mzML,bkgrnd-marine-broth.mzML	9																																														
155	2	355.263041178385	1	355.263041178385	0.0	617.321	2	0	3-B2R04.mzML	21																																														
156	5	355.26527913411417	1	355.26527913411417	0.0	618.6734	3	2	3-B2R04.mzML,bkgrnd-marine-broth.mzML	21																																														
157	2	357.211395263672	1	357.211395263672	0.0	393.64900000000006	2	0	3-B2R04.mzML	-1																																														
158	12	358.240778605143	1	358.240778605143	0.0	611.4626666666667	12	0	3-B2R04.mzML	-1																																														
159	30	359.1932332356774	1	359.1932332356773	0.0	269.9092	18	12	3-B2R04.mzML,bkgrnd-marine-broth.mzML	1																																														
160	6	360.362416585286	1	360.362416585286	0.0	791.0306666666667	6	0	3-B2R04.mzML	20	CCMSLIB00012338213	160.0	specs_ms.mgf	MSNLIB-POSITIVE.mgf	0.895721	15256.0	789.703	1.1856	6.0	0.000427246	360.362	1.0	temp/specs_ms.mgf160	1.0	Cetalkonium	ESI	Orbitrap	Crude	Tomas Pluskal	Corinna Brungs	[M]+	360.362	360.362	1.0			CCCCCCCCCCCCCCCC[N+](C)(C)Cc1ccccc1	InChI=1S/C25H46N/c1-4-5-6-7-8-9-10-11-12-13-14-15-16-20-23-26(2,3)24-25-21-18-17-19-22-25/h17-19,21-22H,4-16,20,23-24H2,1-3H3/q+1	QDYLMAYUEZBUFO-UHFFFAOYSA-N	1.0	Positive	MSNLIB-POSITIVE	360.362	UPDATE-SINGLE-ANNOTATED-GOLD	Gold			QDYLMAYUEZBUFO-UHFFFAOYSA-N	QDYLMAYUEZBUFO	Benzenoids	Benzene and substituted derivatives	Phenylmethylamines				mzspec:GNPS:GNPS-LIBRARY:CCMSLIB00012338213
161	3	373.2774793836804	1	373.2774793836804	0.0	617.1553333333334	1	2	3-B2R04.mzML,bkgrnd-marine-broth.mzML	21																																														
162	12	379.3080190022784	1	379.3080190022784	0.0	821.0122500000001	6	6	3-B2R04.mzML,bkgrnd-marine-broth.mzML	9																																														
163	4	385.2462921142575	1	385.2462921142575	0.0	445.192	2	2	3-B2R04.mzML,bkgrnd-marine-broth.mzML	1																																														
164	7	388.255336216518	1	388.255336216518	0.0	439.0401428571429	4	3	3-B2R04.mzML,bkgrnd-marine-broth.mzML	18	CCMSLIB00004721221	164.0	specs_ms.mgf	MONA.mgf	0.783319	11357.2	437.869	4652.57	6.0	1.81482	388.253	1.0	temp/specs_ms.mgf164	1.0	GALANTHAMINE HYDROBROMIDE		ESI-QFT	isolated	MoNA	MoNA:VF-NPL-QEHF027640	[M+Na]+	390.068	0.0	1.0			Br.COc1ccc2c3c1OC1CC(O)C=CC31CCN(C)C2	InChI=1S/C17H21NO3.BrH/c1-18-8-7-17-6-5-12(19)9-14(17)21-16-13(20-2)4-3-11(10-18)15(16)17;/h3-6,12,14,19H,7-10H2,1-2H3;1H		3.0	positive	MONA	390.068	UPDATE-SINGLE-ANNOTATED-BRONZE	Bronze		C17H22BrNO3	QORVDGQLPPAFRS-UHFFFAOYSA-N	QORVDGQLPPAFRS				Tyrosine alkaloids	Amarylidaceae alkaloids	Alkaloids	mzspec:GNPS:GNPS-LIBRARY:CCMSLIB00004721221
165	6	392.18017578125	1	392.18017578125	0.0	283.153	6	0	3-B2R04.mzML	-1																																														
166	4	393.175704956055	1	393.175704956055	0.0	415.87025	4	0	3-B2R04.mzML	-1																																														
167	12	396.33586120605446	1	396.33586120605446	0.0	819.1184166666667	6	6	3-B2R04.mzML,bkgrnd-marine-broth.mzML	9																																														
168	2	401.2911529541015	1	401.2911529541015	0.0	820.0855	1	1	3-B2R04.mzML,bkgrnd-marine-broth.mzML	11																																														
169	8	414.233215332031	1	414.2332153320312	0.0	389.5655	8	0	3-B2R04.mzML	1																																														
170	2	415.255096435547	1	415.255096435547	0.0	445.095	1	1	3-B2R04.mzML,bkgrnd-marine-broth.mzML	18																																														
171	4	419.2306213378905	1	419.2306213378905	0.0	458.4975	2	2	3-B2R04.mzML,bkgrnd-marine-broth.mzML	1																																														
172	12	423.334782918294	1	423.334782918294	0.0	814.4424166666668	6	6	3-B2R04.mzML,bkgrnd-marine-broth.mzML	9	CCMSLIB00011436668	172.0	specs_ms.mgf	ECG-ACYL-AMIDES-C4-C24-LIBRARY.mgf	0.724374	6408.7	816.145	2119.58	6.0	0.895386	423.331	1.0	temp/specs_ms.mgf172	1.0	amylamine-C23:1	ESI	Orbitrap	Commercial	Dorrestein	Ipsita	M+H	422.436	421.428	1.0			O=C(NCCCCC)CCCCCCCCCCCCC=CCCCCCCCC	InChI=1S/C28H55NO/c1-3-5-7-8-9-10-11-12-13-14-15-16-17-18-19-20-21-22-23-24-26-28(30)29-27-25-6-4-2/h12-13H,3-11,14-27H2,1-2H3,(H,29,30)		1.0	Positive	ECG-ACYL-AMIDES-C4-C24-LIBRARY	422.436	UPDATE-SINGLE-ANNOTATED-GOLD	Gold		C28H55NO	YRVQNGMZZDQLKS-UHFFFAOYSA-N	YRVQNGMZZDQLKS	Lipids and lipid-like molecules	Fatty Acyls	Fatty amides	Fatty amides	N-acyl amines	Fatty acids	mzspec:GNPS:GNPS-LIBRARY:CCMSLIB00011436668
173	2	426.320871988932	1	426.320871988932	0.0	618.5525	2	0	3-B2R04.mzML	21	CCMSLIB00004691588	173.0	specs_ms.mgf	MONA.mgf	0.811892	17176.4	619.553	0.357918	18.0	0.000152588	426.321	1.0	temp/specs_ms.mgf173	1.0	Cholic Acid		ESI-QFT	isolated	MoNA	MoNA:VF-NPL-QEHF000525	[M+NH4]+	426.321	0.0	1.0			C[C@H](CCC(=O)O)[C@H]1CC[C@H]2[C@@H]3[C@H](O)C[C@@H]4C[C@H](O)CC[C@]4(C)[C@H]3C[C@H](O)[C@]12C	InChI=1S/C24H40O5/c1-13(4-7-21(28)29)16-5-6-17-22-18(12-20(27)24(16,17)3)23(2)9-8-15(25)10-14(23)11-19(22)26/h13-20,22,25-27H,4-12H2,1-3H3,(H,28,29)/t13-,14+,15-,16-,17+,18+,19-,20+,22+,23+,24-/m1/s1		3.0	positive	MONA	426.321	UPDATE-SINGLE-ANNOTATED-BRONZE	Bronze		C24H40O5	BHQCQFFYRZLCQQ-OELDTZBJSA-N	BHQCQFFYRZLCQQ				Steroids	Cholane steroids	Terpenoids	mzspec:GNPS:GNPS-LIBRARY:CCMSLIB00004691588
174	2	427.229095458984	1	427.229095458984	0.0	409.134	2	0	3-B2R04.mzML	-1																																														
175	6	428.2528127034507	1	428.2528127034507	0.0	423.5796666666666	2	4	3-B2R04.mzML,bkgrnd-marine-broth.mzML	1																																														
176	2	428.248886108398	1	428.248886108398	0.0	426.2305	2	0	3-B2R04.mzML	1																																														
177	10	430.2314514160154	1	430.2314514160154	0.0	415.3524	4	6	3-B2R04.mzML,bkgrnd-marine-broth.mzML	1																																														
178	3	430.2429707845051	1	430.2429707845051	0.0	470.88233333333335	3	0	3-B2R04.mzML	47																																														
179	3	430.2429707845051	1	430.2429707845051	0.0	471.0736666666667	3	0	3-B2R04.mzML	47																																														
180	9	432.2820434570313	1	432.2820434570313	0.0	444.3476666666666	5	4	3-B2R04.mzML,bkgrnd-marine-broth.mzML	18	CCMSLIB00004708389	180.0	specs_ms.mgf	MONA.mgf	0.71855	52882.6	444.064	297.442	7.0	0.12854	432.28	1.0	temp/specs_ms.mgf180	1.0	3-[3-[3,4-dihydroxy-5-(6-oxo-3H-purin-9-yl)oxolan-2-yl]propanoyl]benzoic acid		ESI-QFT	isolated	MoNA	MoNA:VF-NPL-QEHF017326	[M+NH4]+	432.151	0.0	1.0			O=C(O)c1cccc(C(=O)CCC2OC(n3cnc4c(O)ncnc43)C(O)C2O)c1	InChI=1S/C19H18N4O7/c24-11(9-2-1-3-10(6-9)19(28)29)4-5-12-14(25)15(26)18(30-12)23-8-22-13-16(23)20-7-21-17(13)27/h1-3,6-8,12,14-15,18,25-26H,4-5H2,(H,28,29)(H,20,21,27)		3.0	positive	MONA	432.151	UPDATE-SINGLE-ANNOTATED-BRONZE	Bronze		C19H18N4O7	VEDWXCWBMDQNCV-UHFFFAOYSA-N	VEDWXCWBMDQNCV				Nucleosides	Purine nucleos(t)ides	Carbohydrates	mzspec:GNPS:GNPS-LIBRARY:CCMSLIB00004708389
181	2	433.243988037109	1	433.243988037109	0.0	467.152	2	0	3-B2R04.mzML	-1																																														
182	2	437.2373962402345	1	437.2373962402345	0.0	445.518	1	1	3-B2R04.mzML,bkgrnd-marine-broth.mzML	11																																														
183	10	440.2525878906248	1	440.2525878906248	0.0	429.2292	4	6	3-B2R04.mzML,bkgrnd-marine-broth.mzML	1																																														
184	11	440.3619320031368	1	440.3619320031368	0.0	810.1654545454546	6	5	3-B2R04.mzML,bkgrnd-marine-broth.mzML	9																																														
185	6	440.41339111328153	1	440.41339111328153	0.0	732.3425	3	3	3-B2R04.mzML,bkgrnd-marine-broth.mzML	36																																														
186	6	440.41339111328153	1	440.41339111328153	0.0	732.5343333333333	3	3	3-B2R04.mzML,bkgrnd-marine-broth.mzML	36																																														
187	2	442.263702392578	1	442.263702392578	0.0	431.003	2	0	3-B2R04.mzML	1																																														
188	8	444.288734436035	1	444.28873443603504	0.0	608.2932500000001	8	0	3-B2R04.mzML	14																																														
189	12	444.2991383870447	1	444.2991383870448	0.0	736.70625	8	4	3-B2R04.mzML,bkgrnd-marine-broth.mzML	-1																																														
190	2	445.313547770182	1	445.313547770182	0.0	815.4735000000001	2	0	3-B2R04.mzML	11																																														
191	2	446.186462402344	1	446.186462402344	0.0	193.798	2	0	3-B2R04.mzML	-1																																														
192	6	446.222941080729	1	446.222941080729	0.0	330.886	6	0	3-B2R04.mzML	1																																														
193	3	447.349294026693	1	447.349294026693	0.0	820.9879999999999	0	3	bkgrnd-marine-broth.mzML	14																																														
194	2	450.321360270182	1	450.321360270182	0.0	638.73	2	0	3-B2R04.mzML	21	CCMSLIB00006118611	194.0	specs_ms.mgf	BIRMINGHAM-UHPLC-MS-POS.mgf	0.83988	18555.2	638.306	1.42314	13.0	0.000640869	450.321	1.0	temp/specs_ms.mgf194	1.0	Glycodeoxycholic acid - 40.0 eV	ESI	Orbitrap	Isolated	PI	Data Collector	M+H	450.322	0.0	1.0			C[C@H](CCC(=O)NCC(=O)O)[C@H]1CC[C@@H]2[C@@]1([C@H](C[C@H]3[C@H]2CC[C@H]4[C@@]3(CC[C@H](C4)O)C)O)C	InChI=1S/C26H43NO5/c1-15(4-9-23(30)27-14-24(31)32)19-7-8-20-18-6-5-16-12-17(28)10-11-25(16,2)21(18)13-22(29)26(19,20)3/h15-22,28-29H,4-14H2,1-3H3,(H,27,30)(H,31,32)/t15-,16-,17-,18+,19-,20+,21+,22+,25+,26-/m1/s1		1.0	Positive	BIRMINGHAM-UHPLC-MS-POS	450.322	UPDATE-SINGLE-ANNOTATED-GOLD	Gold		C26H43NO5	WVULKSPCQVQLCU-BUXLTGKBSA-N	WVULKSPCQVQLCU	Lipids and lipid-like molecules	Steroids and steroid derivatives	Bile acids, alcohols and derivatives	Steroids	Cholane steroids	Terpenoids	mzspec:GNPS:GNPS-LIBRARY:CCMSLIB00006118611
195	2	456.249816894531	1	456.249816894531	0.0	423.603	0	2	bkgrnd-marine-broth.mzML	1																																														
196	5	458.26325073242185	1	458.26325073242185	0.0	426.2368	2	3	3-B2R04.mzML,bkgrnd-marine-broth.mzML	1																																														
197	3	460.24299112955697	1	460.24299112955697	0.0	418.1946666666667	1	2	3-B2R04.mzML,bkgrnd-marine-broth.mzML	-1																																														
198	3	466.3187188042537	1	466.3187188042537	0.0	549.8003333333332	2	1	3-B2R04.mzML,bkgrnd-marine-broth.mzML	21	CCMSLIB00004716315	198.0	specs_ms.mgf	MONA.mgf	0.921142	74867.3	550.332	0.588996	23.0	0.000274658	466.316	1.0	temp/specs_ms.mgf198	1.0	Glycocholic Acid		ESI-QFT	isolated	MoNA	MoNA:VF-NPL-QEHF025252	[M+H]+	466.316	0.0	1.0			C[C@H](CCC(O)=NCC(=O)O)[C@H]1CC[C@H]2[C@@H]3[C@H](O)C[C@@H]4C[C@H](O)CC[C@]4(C)[C@H]3C[C@H](O)[C@]12C	InChI=1S/C26H43NO6/c1-14(4-7-22(31)27-13-23(32)33)17-5-6-18-24-19(12-21(30)26(17,18)3)25(2)9-8-16(28)10-15(25)11-20(24)29/h14-21,24,28-30H,4-13H2,1-3H3,(H,27,31)(H,32,33)/t14-,15+,16-,17-,18+,19+,20-,21+,24+,25+,26-/m1/s1		3.0	positive	MONA	466.316	UPDATE-SINGLE-ANNOTATED-BRONZE	Bronze		C26H43NO6	RFDAIACWWDREDC-FRVQLJSFSA-N	RFDAIACWWDREDC	Lipids and lipid-like molecules	Steroids and steroid derivatives	Bile acids, alcohols and derivatives	Steroids	Cholane steroids	Terpenoids	mzspec:GNPS:GNPS-LIBRARY:CCMSLIB00004716315
199	4	466.31993357340497	1	466.31993357340497	0.0	549.8220000000001	2	2	3-B2R04.mzML,bkgrnd-marine-broth.mzML	21	CCMSLIB00010133706	199.0	specs_ms.mgf	MCE-DRUG.mgf	0.882086	65643.1	550.523	0.588996	15.0	0.000274658	466.316	1.0	temp/specs_ms.mgf199	1.0	Glycocholic acid	ESI	Orbitrap	Crude	Tomas Pluskal	Corinna Brungs	M+H	466.316	465.309	1.0			C[C@H](CCC(=O)NCC(=O)O)[C@H]1CC[C@H]2[C@@H]3[C@H](O)C[C@@H]4C[C@H](O)CC[C@]4(C)[C@H]3C[C@H](O)[C@]12C	"""InChI=1S/C26H43NO6/c1-14(4-7-22(31)27-13-23(32)33)17-5-6-18-24-19(12-21(30)26(17,18)3)25(2)9-8-16(28)10-15(25)11-20(24)29/h14-21,24,28-30H,4-13H2,1-3H3,(H,27,31)(H,32,33)/t14-,15+,16-,17-,18+,19+,20-,21+,24+,25+,26-/m1/s1"""	RFDAIACWWDREDC-FRVQLJSFSA-N	3.0	Positive	MCE-DRUG	466.316	UPDATE-SINGLE-ANNOTATED-BRONZE	Bronze		C26H43NO6	RFDAIACWWDREDC-FRVQLJSFSA-N	RFDAIACWWDREDC	Lipids and lipid-like molecules	Steroids and steroid derivatives	Bile acids, alcohols and derivatives	Steroids	Cholane steroids	Terpenoids	mzspec:GNPS:GNPS-LIBRARY:CCMSLIB00010133706
200	11	476.3092364686908	1	476.30923646869087	0.0	448.6763636363637	5	6	3-B2R04.mzML,bkgrnd-marine-broth.mzML	18																																														
201	7	477.3337780180432	1	477.3337780180432	0.0	618.5178571428571	5	2	3-B2R04.mzML,bkgrnd-marine-broth.mzML	14																																														
202	6	482.368001302083	1	482.368001302083	0.0	891.4798333333334	6	0	3-B2R04.mzML	18																																														
203	12	483.252517700195	1	483.252517700195	0.0	728.11725	6	6	3-B2R04.mzML,bkgrnd-marine-broth.mzML	14																																														
204	2	483.290130615234	1	483.290130615234	0.0	445.695	2	0	3-B2R04.mzML	45																																														
205	12	484.3877665201824	1	484.3877665201824	0.0	802.3758333333335	6	6	3-B2R04.mzML,bkgrnd-marine-broth.mzML	9																																														
206	12	488.23720804850313	1	488.2372080485031	0.0	413.3933333333334	6	6	3-B2R04.mzML,bkgrnd-marine-broth.mzML	1																																														
207	10	491.3730875651042	1	491.3730875651042	0.0	812.7578	4	6	3-B2R04.mzML,bkgrnd-marine-broth.mzML	14																																														
208	15	495.4739725748697	1	495.4739725748697	0.0	19.552266666666664	6	9	3-B2R04.mzML,bkgrnd-marine-broth.mzML	-1																																														
209	15	495.4739725748697	1	495.4739725748697	0.0	19.555433333333333	6	9	3-B2R04.mzML,bkgrnd-marine-broth.mzML	-1																																														
210	4	498.2901433308917	1	498.2901433308917	0.0	599.4032499999998	3	1	3-B2R04.mzML,bkgrnd-marine-broth.mzML	21	CCMSLIB00011429953	210.0	specs_ms.mgf	BILELIB19.mgf	0.824574	21159.6	601.965	0.734938	14.0	0.000366211	498.288	1.0	temp/specs_ms.mgf210	1.0	(((3a,7a,22S)-3,7,22-trihydroxy-24-oxocholan-24-yl)amino)ethanesulfonic acid	ESI	Orbitrap	Isolated	Dorrestein	Ipsita Mohanty	M-H2O+H	498.288	515.292	1.0			O=S(O)(CCNC([C@@H](O)C[C@@H](C)[C@H]1CC[C@@]2([H])[C@]3([H])[C@H](O)CC4C[C@H](O)CC[C@]4(C)[C@@]3([H])CC[C@]12C)=O)=O	InChI=1S/C26H45NO7S/c1-15(12-22(30)24(31)27-10-11-35(32,33)34)18-4-5-19-23-20(7-9-26(18,19)3)25(2)8-6-17(28)13-16(25)14-21(23)29/h15-23,28-30H,4-14H2,1-3H3,(H,27,31)(H,32,33,34)/t15-,16?,17-,18-,19+,20+,21-,22+,23+,25+,26-/m1/s1		1.0	Positive	BILELIB19	498.288	UPDATE-SINGLE-ANNOTATED-GOLD	Gold		C26H45NO7S	SUADJNPBWGTYIZ-QQVSXBTISA-N	SUADJNPBWGTYIZ				Steroids	Cholane steroids	Terpenoids	mzspec:GNPS:GNPS-LIBRARY:CCMSLIB00011429953
211	4	498.29193623860647	1	498.29193623860647	0.0	599.16875	2	2	3-B2R04.mzML,bkgrnd-marine-broth.mzML	21	CCMSLIB00005465772	211.0	specs_ms.mgf	BILELIB19.mgf	0.810984	23376.5	601.773	0.734938	17.0	0.000366211	498.288	1.0	temp/specs_ms.mgf211	1.0	"""2-((R)-4-((3R,5S,7S,8R,9S,10S,12S,13R,14S,17R)-3,7,12-trihydroxy-10,13-dimethylhexadecahydro-1H-cyclopenta[a]phenanthren-17-yl)pentanamido)ethane-1-sulfonic acid"""	ESI	qTof	crude	Dorrestein	Emily Gentry	M-H2O+H	498.288	515.292	1.0			C[C@@H]([C@H]1CC[C@]2([H])[C@]1(C)[C@@H](O)C[C@@]3([H])[C@@]2([H])[C@@H](O)C[C@@]4([H])[C@]3(C)CC[C@@H](O)C4)CCC(NCCS(O)(=O)=O)=O	"""InChI=1S/C26H45NO7S/c1-15(4-7-23(31)27-10-11-35(32,33)34)18-5-6-19-24-20(14-22(30)26(18,19)3)25(2)9-8-17(28)12-16(25)13-21(24)29/h15-22,24,28-30H,4-14H2,1-3H3,(H,27,31)(H,32,33,34)/t15-,16+,17-,18-,19+,20+,21+,22+,24+,25+,26-/m1/s1"""		1.0	Positive	BILELIB19	498.288	UPDATE-SINGLE-ANNOTATED-GOLD	Gold		C26H45NO7S	WBWWGRHZICKQGZ-FREJXKSPSA-N	WBWWGRHZICKQGZ	Lipids and lipid-like molecules	Steroids and steroid derivatives	Bile acids, alcohols and derivatives	Steroids	Cholane steroids	Terpenoids	mzspec:GNPS:GNPS-LIBRARY:CCMSLIB00005465772
212	2	499.212066650391	1	499.212066650391	0.0	362.88000000000005	2	0	3-B2R04.mzML	-1																																														
213	3	500.30586073133696	1	500.30586073133696	0.0	731.8600000000001	2	1	3-B2R04.mzML,bkgrnd-marine-broth.mzML	21																																														
214	2	500.303456624349	1	500.303456624349	0.0	733.7389999999999	2	0	3-B2R04.mzML	21	CCMSLIB00011429878	214.0	specs_ms.mgf	BILELIB19.mgf	0.731074	10160.4	733.315	1.03697	9.0	0.000518799	500.303	1.0	temp/specs_ms.mgf214	1.0	(((7a,12a)-7,12-dihydroxy-24-oxocholan-24-yl)amino)ethanesulfonic acid	ESI	Orbitrap	Isolated	Dorrestein	Ipsita Mohanty	M+H	500.304	499.297	1.0			O=S(O)(CCNC(CC[C@@H](C)C1CC[C@@]2([H])[C@]3([H])[C@H](O)CC4CCCC[C@]4(C)[C@@]3([H])C[C@H](O)[C@]12C)=O)=O	InChI=1S/C26H45NO6S/c1-16(7-10-23(30)27-12-13-34(31,32)33)18-8-9-19-24-20(15-22(29)26(18,19)3)25(2)11-5-4-6-17(25)14-21(24)28/h16-22,24,28-29H,4-15H2,1-3H3,(H,27,30)(H,31,32,33)/t16-,17?,18?,19+,20+,21-,22+,24+,25+,26-/m1/s1		1.0	Positive	BILELIB19	500.304	UPDATE-SINGLE-ANNOTATED-GOLD	Gold		C26H45NO6S	BMWSFHZBPQDIQC-IIBMHSEZSA-N	BMWSFHZBPQDIQC				Steroids	Cholane steroids	Terpenoids	mzspec:GNPS:GNPS-LIBRARY:CCMSLIB00011429878
215	6	511.2904052734373	1	511.2904052734373	0.0	431.2545	2	4	3-B2R04.mzML,bkgrnd-marine-broth.mzML	1																																														
216	6	514.358520507813	1	514.358520507813	0.0	651.916	6	0	3-B2R04.mzML	18																																														
217	2	516.298258463542	1	516.298258463542	0.0	601.9245	2	0	3-B2R04.mzML	21	CCMSLIB00011429965	217.0	specs_ms.mgf	BILELIB19.mgf	0.823026	9487.5	603.116	1.4186	17.0	0.000732422	516.298	1.0	temp/specs_ms.mgf217	1.0	(((3a,7b,12a)-3,7,12-trihydroxy-24-oxocholan-24-yl)amino)ethanesulfonic acid	ESI	Orbitrap	Isolated	Dorrestein	Ipsita Mohanty	M+H	516.299	515.292	1.0			O=S(O)(CCNC(CC[C@@H](C)C1CC[C@@]2([H])[C@]3([H])[C@@H](O)CC4C[C@H](O)CC[C@]4(C)[C@@]3([H])C[C@H](O)[C@]12C)=O)=O	InChI=1S/C26H45NO7S/c1-15(4-7-23(31)27-10-11-35(32,33)34)18-5-6-19-24-20(14-22(30)26(18,19)3)25(2)9-8-17(28)12-16(25)13-21(24)29/h15-22,24,28-30H,4-14H2,1-3H3,(H,27,31)(H,32,33,34)/t15-,16?,17-,18?,19+,20+,21+,22+,24+,25+,26-/m1/s1		1.0	Positive	BILELIB19	516.299	UPDATE-SINGLE-ANNOTATED-GOLD	Gold		C26H45NO7S	WBWWGRHZICKQGZ-QEKOJPBFSA-N	WBWWGRHZICKQGZ				Steroids	Cholane steroids	Terpenoids	mzspec:GNPS:GNPS-LIBRARY:CCMSLIB00011429965
218	6	518.358276367188	1	518.358276367188	0.0	640.6739999999999	6	0	3-B2R04.mzML	14																																														
219	9	520.3359578450522	1	520.3359578450522	0.0	452.75977777777774	4	5	3-B2R04.mzML,bkgrnd-marine-broth.mzML	18																																														
220	5	522.2221557617186	1	522.2221557617186	0.0	428.6248000000001	2	3	3-B2R04.mzML,bkgrnd-marine-broth.mzML	1																																														
221	3	522.354919433594	1	522.354919433594	0.0	797.4	3	0	3-B2R04.mzML	17	CCMSLIB00003136940	221.0	specs_ms.mgf	GNPS-NIST14-MATCHES.mgf	0.937317	42229.9	798.376	0.116846	12.0	6.10352e-05	522.355	1.0	temp/specs_ms.mgf221	1.0	Spectral Match to 1-(9Z-Octadecenoyl)-sn-glycero-3-phosphocholine from NIST14	ESI	qTof	Isolated	Data from Joshua Wollam	Data deposited by fevargas	M+H	522.355	521.348	1.0	19420565		CCCCCCCC/C=C\CCCCCCCC(=O)OC[C@H](COP(=O)([O-])OCC[N+](C)(C)C)O	InChI=1S/C26H52NO7P/c1-5-6-7-8-9-10-11-12-13-14-15-16-17-18-19-20-26(29)32-23-25(28)24-34-35(30,31)33-22-21-27(2,3)4/h12-13,25,28H,5-11,14-24H2,1-4H3/b13-12-/t25-/m1/s1		3.0	Positive	GNPS-NIST14-MATCHES	522.355	UPDATE-SINGLE-ANNOTATED-BRONZE	Bronze			YAMUFBLWGFFICM-PTGWMXDISA-N	YAMUFBLWGFFICM	Lipids and lipid-like molecules	Glycerophospholipids	Glycerophosphocholines				mzspec:GNPS:GNPS-LIBRARY:CCMSLIB00003136940
222	3	522.354919433594	1	522.354919433594	0.0	797.592	3	0	3-B2R04.mzML	17	CCMSLIB00003139797	222.0	specs_ms.mgf	GNPS-NIST14-MATCHES.mgf	0.86215	41186.4	798.568	2.10323	7.0	0.00109863	522.355	1.0	temp/specs_ms.mgf222	1.0	Spectral Match to 1-(9Z-Octadecenoyl)-sn-glycero-3-phosphocholine from NIST14	ESI	qTof	Isolated	Data from James McKerrow	Data deposited by lamccall	M+H	522.356	521.348	1.0	19420565		CCCCCCCC/C=C\CCCCCCCC(=O)OC[C@H](COP(=O)([O-])OCC[N+](C)(C)C)O	InChI=1S/C26H52NO7P/c1-5-6-7-8-9-10-11-12-13-14-15-16-17-18-19-20-26(29)32-23-25(28)24-34-35(30,31)33-22-21-27(2,3)4/h12-13,25,28H,5-11,14-24H2,1-4H3/b13-12-/t25-/m1/s1		3.0	Positive	GNPS-NIST14-MATCHES	522.356	UPDATE-SINGLE-ANNOTATED-BRONZE	Bronze			YAMUFBLWGFFICM-PTGWMXDISA-N	YAMUFBLWGFFICM	Lipids and lipid-like molecules	Glycerophospholipids	Glycerophosphocholines				mzspec:GNPS:GNPS-LIBRARY:CCMSLIB00003139797
223	3	525.2889200846354	1	525.2889200846354	0.0	453.01933333333335	2	1	3-B2R04.mzML,bkgrnd-marine-broth.mzML	11																																														
224	2	526.259826660156	1	526.259826660156	0.0	192.646	2	0	3-B2R04.mzML	-1																																														
225	10	526.3987792968752	1	526.3987792968752	0.0	880.7868000000001	4	6	3-B2R04.mzML,bkgrnd-marine-broth.mzML	18																																														
226	2	526.394165039063	1	526.394165039063	0.0	880.1329999999999	2	0	3-B2R04.mzML	18																																														
227	11	527.2818381569606	1	527.2818381569606	0.0	402.9422727272728	9	2	3-B2R04.mzML,bkgrnd-marine-broth.mzML	1																																														
228	2	527.280639648438	1	527.280639648438	0.0	419.2	2	0	3-B2R04.mzML	1																																														
229	2	527.315673828125	1	527.315673828125	0.0	450.081	2	0	3-B2R04.mzML	45																																														
230	12	528.4141845703124	1	528.4141845703124	0.0	796.5203333333333	6	6	3-B2R04.mzML,bkgrnd-marine-broth.mzML	9																																														
231	12	530.379313151042	1	530.379313151042	0.0	19.70505555555556	12	0	3-B2R04.mzML	14																																														
232	7	531.3531000046505	1	531.3531000046505	0.0	883.2768571428572	4	3	3-B2R04.mzML,bkgrnd-marine-broth.mzML	11																																														
233	6	533.3289998372395	1	533.3289998372395	0.0	597.6495	3	3	3-B2R04.mzML,bkgrnd-marine-broth.mzML	21	CCMSLIB00006685308	233.0	specs_ms.mgf	MONA.mgf	0.798273	31074.1	602.157	1.14442	14.0	0.000610352	533.325	1.0	temp/specs_ms.mgf233	1.0	TAUROCHOLIC ACID	ESI	qTof	isolated	MoNA	MoNA:MoNA036579	M+NH4	533.326	0.0	1.0			C[C@H](CC/C(=N/CCS(=O)(=O)O)/O)[C@H]1CC[C@H]2[C@H]3[C@H](C[C@@H]([C@]12C)O)[C@@]4(C)CC[C@H](C[C@H]4C[C@H]3O)O	"""InChI=1S/C26H45NO7S/c1-15(4-7-23(31)27-10-11-35(32,33)34)18-5-6-19-24-20(14-22(30)26(18,19)3)25(2)9-8-17(28)12-16(25)13-21(24)29/h15-22,24,28-30H,4-14H2,1-3H3,(H,27,31)(H,32,33,34)/t15-,16+,17-,18-,19+,20+,21-,22+,24+,25+,26-/m1/s1"""		3.0	positive	MONA	533.326	UPDATE-SINGLE-ANNOTATED-BRONZE	Bronze		C26H45NO7S	WBWWGRHZICKQGZ-HZAMXZRMSA-N	WBWWGRHZICKQGZ				Steroids	Cholane steroids|Cholestane steroids	Terpenoids	mzspec:GNPS:GNPS-LIBRARY:CCMSLIB00006685308
234	2	533.3289998372395	1	533.3289998372395	0.0	598.6084999999999	1	1	3-B2R04.mzML,bkgrnd-marine-broth.mzML	21																																														
235	11	534.3579009084987	1	534.3579009084986	0.0	552.8485454545455	5	6	3-B2R04.mzML,bkgrnd-marine-broth.mzML	14																																														
236	10	535.3978515625	1	535.3978515624999	0.0	807.3534	6	4	3-B2R04.mzML,bkgrnd-marine-broth.mzML	14																																														
237	6	542.350301106771	1	542.350301106771	0.0	19.434916666666663	6	0	3-B2R04.mzML	14																																														
238	2	543.238372802734	1	543.238372802734	0.0	201.2725	2	0	3-B2R04.mzML	-1																																														
239	2	543.238372802734	1	543.238372802734	0.0	201.4645	2	0	3-B2R04.mzML	1																																														
240	6	557.2934773763022	1	557.2934773763022	0.0	424.8405	4	2	3-B2R04.mzML,bkgrnd-marine-broth.mzML	1																																														
241	4	558.383697509766	1	558.383697509766	0.0	649.6039999999999	4	0	3-B2R04.mzML	18																																														
242	2	561.760375976563	1	561.760375976563	0.0	402.74	2	0	3-B2R04.mzML	-1																																														
243	11	564.361796061198	1	564.361796061198	0.0	456.0057272727273	5	6	3-B2R04.mzML,bkgrnd-marine-broth.mzML	18																																														
244	2	569.318084716797	1	569.318084716797	0.0	456.6335	1	1	3-B2R04.mzML,bkgrnd-marine-broth.mzML	-1																																														
245	2	570.217102050781	1	570.217102050781	0.0	606.307	2	0	3-B2R04.mzML	-1																																														
246	6	570.285888671875	1	570.285888671875	0.0	281.4103333333333	6	0	3-B2R04.mzML	1																																														
247	11	570.4248805190575	1	570.4248805190575	0.0	873.0998181818181	5	6	3-B2R04.mzML,bkgrnd-marine-broth.mzML	18																																														
248	12	572.4412740071615	1	572.4412740071614	0.0	791.3369166666668	6	6	3-B2R04.mzML,bkgrnd-marine-broth.mzML	9																																														
249	4	584.3058725992839	1	584.3058725992839	0.0	417.23475	2	2	3-B2R04.mzML,bkgrnd-marine-broth.mzML	1																																														
250	5	584.3066894531252	1	584.3066894531252	0.0	416.017	2	3	3-B2R04.mzML,bkgrnd-marine-broth.mzML	1																																														
251	7	586.3209097726003	1	586.3209097726003	0.0	432.1622857142857	4	3	3-B2R04.mzML,bkgrnd-marine-broth.mzML	1																																														
252	2	590.2822265625	1	590.2822265625	0.0	401.1235	2	0	3-B2R04.mzML	-1																																														
253	6	598.451700846354	1	598.451700846354	0.0	180.5705555555556	6	0	3-B2R04.mzML	18																																														
254	11	608.3878266305635	1	608.3878266305636	0.0	458.31909090909096	5	6	3-B2R04.mzML,bkgrnd-marine-broth.mzML	18	CCMSLIB00004698561	254.0	specs_ms.mgf	MONA.mgf	0.814973	55942.4	458.368	1712.84	8.0	1.04028	608.383	1.0	temp/specs_ms.mgf254	1.0	dehydroxynocardamine		ESI-QFT	isolated	MoNA	MoNA:VF-NPL-QEHF007498	[M+Na]+	607.343	0.0	1.0			O=C1CCC(O)=NCCCCCN=C(O)CCC(O)=NCCCCCN(O)C(=O)CCC(O)=NCCCCCN1O	InChI=1S/C27H48N6O8/c34-22-10-11-23(35)29-18-6-2-8-20-32(40)27(39)15-13-25(37)31-19-7-3-9-21-33(41)26(38)14-12-24(36)30-17-5-1-4-16-28-22/h40-41H,1-21H2,(H,28,34)(H,29,35)(H,30,36)(H,31,37)		3.0	positive	MONA	607.343	UPDATE-SINGLE-ANNOTATED-BRONZE	Bronze		C27H48N6O8	ABHHIGWFFMCQOC-UHFFFAOYSA-N	ABHHIGWFFMCQOC						Alkaloids	mzspec:GNPS:GNPS-LIBRARY:CCMSLIB00004698561
255	2	610.28076171875	1	610.28076171875	0.0	197.029	2	0	3-B2R04.mzML	-1																																														
256	2	612.3371429443359	1	612.3371429443359	0.0	429.8275	1	1	3-B2R04.mzML,bkgrnd-marine-broth.mzML	1																																														
257	2	612.3371429443359	1	612.3371429443359	0.0	430.0195	1	1	3-B2R04.mzML,bkgrnd-marine-broth.mzML	1	CCMSLIB00010152018	257.0	specs_ms.mgf	MCE-DRUG.mgf	0.700871	36569.4	429.707	1672.45	6.0	1.0224	612.341	1.0	temp/specs_ms.mgf257	1.0	BQ-123	ESI	Orbitrap	Crude	Tomas Pluskal	Corinna Brungs	M+H	611.319	610.312	1.0			CC(C)C[C@@H]1NC(=O)[C@@H](C(C)C)NC(=O)[C@@H]2CCCN2C(=O)[C@@H](CC(=O)O)NC(=O)[C@@H](Cc2c[nH]c3ccccc23)NC1=O	"""InChI=1S/C31H42N6O7/c1-16(2)12-21-27(40)33-22(13-18-15-32-20-9-6-5-8-19(18)20)28(41)35-23(14-25(38)39)31(44)37-11-7-10-24(37)29(42)36-26(17(3)4)30(43)34-21/h5-6,8-9,15-17,21-24,26,32H,7,10-14H2,1-4H3,(H,33,40)(H,34,43)(H,35,41)(H,36,42)(H,38,39)/t21-,22+,23+,24-,26+/m0/s1"""	VYCMAAOURFJIHD-PJNXIOHISA-N	3.0	Positive	MCE-DRUG	611.319	UPDATE-SINGLE-ANNOTATED-BRONZE	Bronze		C31H42N6O7	VYCMAAOURFJIHD-PJNXIOHISA-N	VYCMAAOURFJIHD	Organic acids and derivatives	Carboxylic acids and derivatives	Amino acids, peptides, and analogues	Oligopeptides	Cyclic peptides	Amino acids and Peptides	mzspec:GNPS:GNPS-LIBRARY:CCMSLIB00010152018
258	4	612.3371429443359	1	612.3371429443359	0.0	437.0745	2	2	3-B2R04.mzML,bkgrnd-marine-broth.mzML	1																																														
259	2	612.341369628906	1	612.341369628906	0.0	439.529	0	2	bkgrnd-marine-broth.mzML	-1																																														
260	8	614.3531494140625	1	614.3531494140626	0.0	442.13175	4	4	3-B2R04.mzML,bkgrnd-marine-broth.mzML	1																																														
261	11	614.4518377130681	1	614.4518377130681	0.0	866.0539090909092	5	6	3-B2R04.mzML,bkgrnd-marine-broth.mzML	18																																														
262	2	615.311492919922	1	615.311492919922	0.0	411.8075	1	1	3-B2R04.mzML,bkgrnd-marine-broth.mzML	1																																														
263	2	615.311492919922	1	615.311492919922	0.0	411.9995	1	1	3-B2R04.mzML,bkgrnd-marine-broth.mzML	1																																														
264	12	616.4671529134116	1	616.4671529134116	0.0	786.399	6	6	3-B2R04.mzML,bkgrnd-marine-broth.mzML	9																																														
265	6	618.3261210123701	1	618.3261210123701	0.0	404.9628333333333	3	3	3-B2R04.mzML,bkgrnd-marine-broth.mzML	-1																																														
266	6	618.3261210123701	1	618.3261210123701	0.0	405.1548333333333	3	3	3-B2R04.mzML,bkgrnd-marine-broth.mzML	1																																														
267	2	641.336853027344	1	641.336853027344	0.0	193.031	2	0	3-B2R04.mzML	-1																																														
268	6	652.4123942057294	1	652.4123942057294	0.0	461.0253333333332	4	2	3-B2R04.mzML,bkgrnd-marine-broth.mzML	18																																														
269	3	658.472412109375	1	658.472412109375	0.0	859.3316666666667	3	0	3-B2R04.mzML	18																																														
270	9	658.4791531032984	1	658.4791531032982	0.0	860.0495555555556	3	6	3-B2R04.mzML,bkgrnd-marine-broth.mzML	18																																														
271	10	660.4920898437501	1	660.4920898437503	0.0	781.6859999999999	6	4	3-B2R04.mzML,bkgrnd-marine-broth.mzML	9																																														
272	2	667.320739746094	1	667.320739746094	0.0	404.7420000000001	2	0	3-B2R04.mzML	1	CCMSLIB00004693103	272.0	specs_ms.mgf	MONA.mgf	0.767812	29780.5	404.838	1619.2	8.0	1.08228	667.321	1.0	temp/specs_ms.mgf272	1.0	7-benzyl-11,14,20-trimethyl-16-(2-methylpropyl)-10,13-di(propan-2-yl)-17-oxa-1,5,8,11,14-pentazabicyclo[17.3.0]docosane-2,6,9,12,15,18-hexone		ESI-QFT	isolated	MoNA	MoNA:VF-NPL-QEHF002040	[M-H]-	668.403	0.0	1.0			CC(C)CC1OC(=O)C2C(C)CCN2C(=O)CCN=C(O)C(Cc2ccccc2)N=C(O)C(C(C)C)N(C)C(=O)C(C(C)C)N(C)C1=O	InChI=1S/C36H55N5O7/c1-21(2)19-27-34(45)40(9)30(23(5)6)35(46)39(8)29(22(3)4)33(44)38-26(20-25-13-11-10-12-14-25)32(43)37-17-15-28(42)41-18-16-24(7)31(41)36(47)48-27/h10-14,21-24,26-27,29-31H,15-20H2,1-9H3,(H,37,43)(H,38,44)		3.0	negative	MONA	668.403	UPDATE-SINGLE-ANNOTATED-BRONZE	Bronze		C36H55N5O7	UCLZXGHPVJMYSQ-UHFFFAOYSA-N	UCLZXGHPVJMYSQ	Organic acids and derivatives	Peptidomimetics	Depsipeptides	Oligopeptides	Cyclic peptides|Depsipeptides	Amino acids and Peptides|Polyketides	mzspec:GNPS:GNPS-LIBRARY:CCMSLIB00004693103
273	4	669.317504882813	1	669.317504882813	0.0	400.7385	4	0	3-B2R04.mzML	-1																																														
274	4	671.300964355469	1	671.300964355469	0.0	783.48825	4	0	3-B2R04.mzML	14																																														
275	2	683.350067138672	1	683.350067138672	0.0	197.916	1	1	3-B2R04.mzML,bkgrnd-marine-broth.mzML	-1																																														
276	7	696.4394095284597	1	696.4394095284597	0.0	462.8318571428571	4	3	3-B2R04.mzML,bkgrnd-marine-broth.mzML	18																																														
277	3	702.498006184896	1	702.498006184896	0.0	853.7983333333334	3	0	3-B2R04.mzML	18																																														
278	3	702.498006184896	1	702.498006184896	0.0	854.6836666666666	3	0	3-B2R04.mzML	18																																														
279	6	704.514322916667	1	704.514322916667	0.0	777.525	6	0	3-B2R04.mzML	9																																														
280	3	736.35888671875	1	736.35888671875	0.0	397.9046666666666	3	0	3-B2R04.mzML	-1																																														
281	6	740.464640299479	1	740.464640299479	0.0	464.8713333333333	4	2	3-B2R04.mzML,bkgrnd-marine-broth.mzML	18																																														
282	3	743.3942260742191	1	743.3942260742191	0.0	443.5706666666667	2	1	3-B2R04.mzML,bkgrnd-marine-broth.mzML	1																																														
283	3	743.3942260742191	1	743.3942260742191	0.0	443.763	2	1	3-B2R04.mzML,bkgrnd-marine-broth.mzML	1																																														
284	4	756.3561096191402	1	756.3561096191402	0.0	403.96375000000006	1	3	3-B2R04.mzML,bkgrnd-marine-broth.mzML	24																																														
285	6	783.438191731771	1	783.438191731771	0.0	406.0925	3	3	3-B2R04.mzML,bkgrnd-marine-broth.mzML	-1																																														
286	6	783.438191731771	1	783.438191731771	0.0	406.2848333333333	3	3	3-B2R04.mzML,bkgrnd-marine-broth.mzML	1																																														
287	2	811.3963317871095	1	811.3963317871095	0.0	406.991	1	1	3-B2R04.mzML,bkgrnd-marine-broth.mzML	24																																														
288	6	817.5858357747398	1	817.5858357747398	0.0	619.25	4	2	3-B2R04.mzML,bkgrnd-marine-broth.mzML	-1	CCMSLIB00005465349	288.0	specs_ms.mgf	BILELIB19.mgf	0.886101	31398.0	618.32	0.970492	11.0	0.000793457	817.581	1.0	temp/specs_ms.mgf288	1.0	"""(4R)-4-((3R,5S,7S,9S,10S,12S,13R,17R)-3,7,12-trihydroxy-10,13-dimethylhexadecahydro-1H-cyclopenta[a]phenanthren-17-yl)pentanoic acid"""	ESI	qTof	crude	Dorrestein	Emily Gentry	2M+H	817.582	408.288	1.0			[H][C@]12[C@@]3([C@@H](O)C[C@@H]4C[C@H](O)CC[C@]4(C)[C@H]3C[C@H](O)[C@]1(C)[C@@H]([C@@H](CCC(O)=O)C)CC2)[H]	"""InChI=1S/C24H40O5/c1-13(4-7-21(28)29)16-5-6-17-22-18(12-20(27)24(16,17)3)23(2)9-8-15(25)10-14(23)11-19(22)26/h13-20,22,25-27H,4-12H2,1-3H3,(H,28,29)/t13-,14+,15-,16-,17+,18+,19+,20+,22+,23+,24-/m1/s1"""		1.0	Positive	BILELIB19	817.582	UPDATE-SINGLE-ANNOTATED-GOLD	Gold		C24H40O5	BHQCQFFYRZLCQQ-UTLSPDKDSA-N	BHQCQFFYRZLCQQ	Lipids and lipid-like molecules	Steroids and steroid derivatives	Bile acids, alcohols and derivatives	Steroids	Cholane steroids	Terpenoids	mzspec:GNPS:GNPS-LIBRARY:CCMSLIB00005465349
289	2	871.448913574219	1	871.448913574219	0.0	436.676	2	0	3-B2R04.mzML	-1																																														
290	3	871.4529520670573	1	871.4529520670573	0.0	437.121	2	1	3-B2R04.mzML,bkgrnd-marine-broth.mzML	-1																																														
291	3	922.4263305664062	1	922.4263305664062	0.0	400.624	2	1	3-B2R04.mzML,bkgrnd-marine-broth.mzML	30																																														
292	3	931.6284383138023	1	931.6284383138023	0.0	554.4126666666667	2	1	3-B2R04.mzML,bkgrnd-marine-broth.mzML	-1	CCMSLIB00005464875	292.0	specs_ms.mgf	BILELIB19.mgf	0.857336	33268.3	553.483	1.44132	16.0	0.00134277	931.624	1.0	temp/specs_ms.mgf292	1.0	"""((R)-4-((3R,5S,7S,8R,9S,10S,12S,13R,14S,17R)-3,7,12-trihydroxy-10,13-dimethylhexadecahydro-1H-cyclopenta[a]phenanthren-17-yl)pentanoyl)glycine"""	ESI	qTof	crude	Dorrestein	Emily Gentry	2M+H	931.625	465.309	1.0			C[C@@H]([C@H]1CC[C@]2([H])[C@]1(C)[C@@H](O)C[C@@]3([H])[C@@]2([H])[C@@H](O)C[C@@]4([H])[C@]3(C)CC[C@@H](O)C4)CCC(NCC(O)=O)=O	"""InChI=1S/C26H43NO6/c1-14(4-7-22(31)27-13-23(32)33)17-5-6-18-24-19(12-21(30)26(17,18)3)25(2)9-8-16(28)10-15(25)11-20(24)29/h14-21,24,28-30H,4-13H2,1-3H3,(H,27,31)(H,32,33)/t14-,15+,16-,17-,18+,19+,20+,21+,24+,25+,26-/m1/s1"""		1.0	Positive	BILELIB19	931.625	UPDATE-SINGLE-ANNOTATED-GOLD	Gold		C26H43NO6	RFDAIACWWDREDC-IFZPJRIXSA-N	RFDAIACWWDREDC	Lipids and lipid-like molecules	Steroids and steroid derivatives	Bile acids, alcohols and derivatives	Steroids	Cholane steroids	Terpenoids	mzspec:GNPS:GNPS-LIBRARY:CCMSLIB00005464875
293	2	936.474517822266	1	936.474517822266	0.0	426.943	2	0	3-B2R04.mzML	30																																														
294	2	947.457214355469	1	947.457214355469	0.0	441.0125	0	2	bkgrnd-marine-broth.mzML	-1																																														
295	2	1007.5186614990234	1	1007.5186614990234	0.0	426.247	1	1	3-B2R04.mzML,bkgrnd-marine-broth.mzML	-1																																														
296	3	1007.520985921224	1	1007.520985921224	0.0	426.193	1	2	3-B2R04.mzML,bkgrnd-marine-broth.mzML	30																																														
297	2	1064.5395507812505	1	1064.5395507812505	0.0	423.048	1	1	3-B2R04.mzML,bkgrnd-marine-broth.mzML	30																																														
298	3	1105.5794270833333	1	1105.5794270833333	0.0	407.0023333333333	1	2	3-B2R04.mzML,bkgrnd-marine-broth.mzML	26																																														
299	2	1106.563659667969	1	1106.563659667969	0.0	408.8419999999999	1	1	3-B2R04.mzML,bkgrnd-marine-broth.mzML	26																																														
300	2	1106.563659667969	1	1106.563659667969	0.0	409.035	1	1	3-B2R04.mzML,bkgrnd-marine-broth.mzML	-1																																														
301	3	1149.5591837565105	1	1149.5591837565105	0.0	419.5446666666667	1	2	3-B2R04.mzML,bkgrnd-marine-broth.mzML	-1																																														
302	2	1149.564208984375	1	1149.564208984375	0.0	419.5435	0	2	bkgrnd-marine-broth.mzML	-1																																														
303	3	1200.5595703125	1	1200.5595703125	0.0	451.4146666666667	1	2	3-B2R04.mzML,bkgrnd-marine-broth.mzML	23																																														
304	2	1200.5567626953125	1	1200.5567626953125	0.0	451.249	1	1	3-B2R04.mzML,bkgrnd-marine-broth.mzML	48																																														
305	3	1216.5540771484375	1	1216.5540771484375	0.0	448.2346666666666	1	2	3-B2R04.mzML,bkgrnd-marine-broth.mzML	23																																														
306	2	1216.551696777344	1	1216.551696777344	0.0	447.672	1	1	3-B2R04.mzML,bkgrnd-marine-broth.mzML	48																																														
