mibig_id,ground_truth_rows,fate,status_3.1,status_4.0,quality_4.0,retirement_reason_4.0,structure_3.1,structure_4.0,structure_change,compound_3.1,compound_4.0,locus_3.1,locus_4.0
BGC0000028,1,carried_over,active,active,questionable,,yes,yes,,bafilomycin B1,bafilomycin B1,GU390405.1,GU390405.1
BGC0000137,3,carried_over,active,active,questionable,,yes,yes,,rifamycin,rifamycin,CP000850.1,CP000850.1
BGC0000198,1,carried_over,active,active,questionable,,yes,yes,,arenimycin A,arenimycin A,NZ_AZXI01000002.1,NZ_AZXI01000002.1
BGC0000220,1,carried_over,active,active,questionable,,yes,yes,,enterocin,enterocin,AF254925.1,AF254925.1
BGC0000241,2,carried_over,active,active,questionable,,yes,yes,,lomaiviticin A; lomaiviticin C; lomaiviticin D; lomaiviticin E,lomaiviticin A; lomaiviticin C; lomaiviticin D; lomaiviticin E,CP000667.1,CP000667.1
BGC0000259,1,carried_over,active,active,questionable,,yes,yes,,prodigiosin,prodigiosin,AJ833002.1,AJ833002.1
BGC0000289,1,carried_over,active,active,questionable,,no,no,,A40926,A40926,AJ561198.1,AJ561198.1
BGC0000296,3,carried_over,active,active,questionable,,yes,yes,,actinomycin D,actinomycin D,HM038106.1,HM038106.1
BGC0000302,3,carried_over,active,active,questionable,,yes,yes,,anabaenopeptin,anabaenopeptin,GU174493.1,GU174493.1
BGC0000319,1,carried_over,active,active,questionable,,yes,yes,,cephamycin C,cephamycin C,DS570624.1,DS570624.1
BGC0000332,1,carried_over,active,active,questionable,,yes,yes,,cyanopeptolin,cyanopeptolin,DQ075244.1,DQ075244.1
BGC0000333,1,carried_over,active,active,questionable,,yes,yes,,cyclomarin D,cyclomarin D,CP000850.1,CP000850.1
BGC0000399,1,carried_over,active,active,questionable,,yes,yes,,orfamide A; orfamide C,orfamide A; orfamide C,CP000076.1,CP000076.1
BGC0000426,1,carried_over,active,active,questionable,,yes,yes,,sevadicin,sevadicin,KF318360.1,KF318360.1
BGC0000433,4,carried_over,active,active,questionable,,yes,yes,,surfactin,surfactin,AJ575642.1,AJ575642.1
BGC0000463,1,added_in_4.0,ABSENT,retired,questionable,Entry is spread over multiple contigs,no,yes,gained_structure,,xantholysin A; xantholysin B; xantholysin C,,KC297506.1
BGC0000473,1,carried_over,active,active,questionable,,yes,yes,,microcyclamide,aerucyclamide A; aerucyclamide B; aerucyclamide C; aerucyclamide D,AM774406.1,AM774406.1
BGC0000529,1,carried_over,active,active,questionable,,yes,yes,,microbisporicin A2,microbisporicin A2,HM536998.1,HM536998.1
BGC0000572,1,carried_over,active,active,questionable,,no,no,,capistruin,capistruin,CP004117.1,CP004117.1
BGC0000598,1,carried_over,active,active,questionable,,yes,yes,,polytheonamide A; polytheonamide B,polytheonamide A; polytheonamide B,JX456532.1,JX456532.1
BGC0000632,2,carried_over,active,active,questionable,,yes,yes,,brasilicardin A,brasilicardin A,KV411304.1,KV411304.1
BGC0000827,1,carried_over,active,active,questionable,,yes,yes,,staurosporine,staurosporine,CP000850.1,CP000850.1
BGC0000845,1,carried_over,active,active,questionable,,yes,yes,,clavulanic acid,clavulanic acid,DS570624.1,DS570624.1
BGC0000880,3,carried_over,active,active,questionable,,yes,yes,,tunicamycin B1,tunicamycin B1,HQ172897.1,HQ172897.1
BGC0000940,3,carried_over,active,active,questionable,,yes,yes,,desferrioxamin B; desferrioxamine E,desferrioxamin B; desferrioxamine E,AL645882.2,AL645882.2
BGC0000952,1,added_in_4.0,ABSENT,retired,questionable,Cluster split over multiple loci.,no,yes,gained_structure,,pristinamycin IA; Pristinamycin IIA,,FR681999.1
BGC0000961,1,carried_over,active,active,questionable,,yes,yes,,bactobolin,bactobolin,CP000085.1,CP000085.1
BGC0000962,1,dropped_from_4.0,active,ABSENT,,,yes,no,lost_structure,barbamide,,AF516145.1,
BGC0000964,1,carried_over,active,active,questionable,,yes,yes,,burkholdac A; burkholdac B,burkholdac A; burkholdac B,CP000086.1,CP000086.1
BGC0000972,1,carried_over,active,active,questionable,,yes,yes,,N-myristoyl-D-asparagine; cis-7-tetradecenoyl-D-asparagine; (R)-N1-((S)-5-oxohexan-2-yl)-2-tetradecanamidosuccinamide,N-myristoyl-D-asparagine; cis-7-tetradecenoyl-D-asparagine; (R)-N1-((S)-5-oxohexan-2-yl)-2-tetradecanamidosuccinamide; colibactin; precolibactin 1489,AM229678.1,AM229678.1
BGC0001000,1,carried_over,active,active,questionable,,yes,yes,,hectochlorin,hectochlorin,AY974560.1,AY974560.1
BGC0001001,1,carried_over,active,active,questionable,,yes,yes,,jamaicamide A; jamaicamide B; jamaicamide C,jamaicamide A; jamaicamide B; jamaicamide C,AY522504.1,AY522504.1
BGC0001016,1,carried_over,active,active,questionable,,yes,yes,,microcystin,microcystin,AY212249.1,AY212249.1
BGC0001017,1,carried_over,active,active,questionable,,yes,yes,,microcystin LR,microcystin LR,AF183408.1,AF183408.1
BGC0001027,10,carried_over,active,active,questionable,,yes,yes,,nocobactin NA; nocobactin NA 10152B,nocobactin NA; nocobactin NA 10152B,AP006618.1,AP006618.1
BGC0001055,3,carried_over,active,active,questionable,,yes,yes,,yersiniabactin,yersiniabactin,AM236324.1,AM236324.1
BGC0001088,2,carried_over,active,active,questionable,,yes,yes,,albicidin,albicidin,AJ586576.1,AJ586576.1
BGC0001102,1,carried_over,active,active,questionable,,yes,yes,,malleilactone,malleilactone; bis-malleicyprol; malleicyprol,CP000085.1,CP000085.1
BGC0001105,1,carried_over,active,active,questionable,,yes,yes,,onnamide A,onnamide A,AY688304.2,AY688304.2
BGC0001116,1,carried_over,active,active,questionable,,yes,yes,,virginiamycin S1,virginiamycin S1,AB283030.2,AB283030.2
BGC0001165,1,carried_over,active,active,questionable,,yes,yes,,curacin A,curacin A,AY652953.1,AY652953.1
BGC0001228,1,carried_over,active,active,questionable,,yes,yes,,retimycin A,retimycin A,NZ_KI911494.1,NZ_KI911494.1
BGC0001285,1,carried_over,active,active,questionable,,yes,yes,,pseudopyronine A; pseudopyronine B,pseudopyronine A; pseudopyronine B,KT373879.1,KT373879.1
BGC0001298,1,carried_over,active,active,questionable,,no,yes,gained_structure,4-Z-annimycin,4-Z-annimycin; 4-E-annimycin,KF683117.1,KF683117.1
BGC0001310,1,carried_over,active,active,questionable,,yes,yes,,naringenin,naringenin,CM000913.1,CM000913.1
BGC0001312,1,carried_over,active,active,questionable,,yes,yes,,viscosin,viscosin,AM181176.4,AM181176.4
BGC0001381,1,carried_over,active,active,questionable,,yes,yes,,brasilinolide A; brasilinolide B; brasilinolide C,brasilinolide A; brasilinolide B; brasilinolide C,KP161205.1,KP161205.1
BGC0001451,1,carried_over,active,active,questionable,,yes,yes,,FR900359,FR900359,NZ_LGTG01000643.1,NZ_LGTG01000643.1
BGC0001476,1,dropped_from_4.0,active,ABSENT,,,yes,no,lost_structure,pseudouridimycin,,MG266907.1,
BGC0001477,1,carried_over,active,active,questionable,,yes,yes,,lydicamycin,lydicamycin,MG459168.1,MG459168.1
BGC0001478,1,carried_over,active,active,questionable,,yes,yes,,desferrioxamine E,desferrioxamine E,MG459167.1,MG459167.1
BGC0001560,1,carried_over,active,active,questionable,,yes,yes,,cryptomaldamide,cryptomaldamide,KY315923.1,KY315923.1
BGC0001599,1,dropped_from_4.0,active,ABSENT,,,yes,no,lost_structure,fragin,,HG938371.2,
BGC0001632,1,carried_over,active,active,questionable,,yes,yes,,kawaguchipeptin A,kawaguchipeptin A,JXYX01000010.1,JXYX01000010.1
BGC0001721,1,carried_over,active,active,questionable,,no,no,,ornibactin,ornibactin,KY523076.1,KY523076.1
BGC0001752,1,carried_over,active,active,questionable,,no,no,,qinichelins,qinichelins,LNBE01000003.1,LNBE01000003.1
BGC0001766,2,added_in_4.0,ABSENT,retired,questionable,Duplicate of BGC0001230,no,yes,gained_structure,,salinamide A,,BK009377.1
BGC0001769,1,carried_over,active,active,questionable,,yes,yes,,saquayamycin A,saquayamycin A,KX356541.1,KX356541.1
BGC0001792,5,carried_over,active,active,questionable,,yes,yes,,surugamide A; surugamide D,surugamide A; surugamide D,CP004370.1,CP004370.1
BGC0001800,3,carried_over,active,active,questionable,,yes,yes,,theonellamide,theonellamide,MG844357.1,MG844357.1
BGC0001830,2,carried_over,active,active,questionable,,yes,yes,,rosamicin; salinipyrone A; pacificanone A,rosamicin; salinipyrone A; pacificanone A,KP997155.1,KP997155.1
BGC0001840,1,carried_over,active,active,questionable,,no,yes,gained_structure,detoxin S1,detoxin S1,BK010707.1,BK010707.1
BGC0001841,6,carried_over,active,active,questionable,,no,yes,gained_structure,detoxin P1; detoxin P2; detoxin P3,detoxin P1; detoxin P2; detoxin P3,BK010851.1,BK010851.1
BGC0001842,1,carried_over,active,active,questionable,,yes,yes,,gacamide A,gacamide A,CP000094.2,CP000094.2
BGC0002010,1,carried_over,active,active,questionable,,no,no,,streptophenazine B; streptophenazine C; streptophenazine F; streptophenazine G; streptophenazine H,streptophenazine B; streptophenazine C; streptophenazine F; streptophenazine G; streptophenazine H,NZ_KB899004.1,NZ_KB899004.1
BGC0002016,1,carried_over,active,retired,questionable,validation failed,no,yes,gained_structure,lugdunomycin,lugdunomycin,PTJS01000001.1,PTJS01000001.1
BGC0002051,1,carried_over,active,active,questionable,,yes,yes,,antipain,antipain,MT149901.1,MT149901.1
BGC0002052,1,carried_over,active,active,questionable,,yes,yes,,ectoine,ectoine,MT149902.1,MT149902.1
BGC0002053,1,carried_over,active,active,questionable,,yes,yes,,ulleungdin,ulleungdin,MT149903.1,MT149903.1
BGC0002055,1,carried_over,active,active,questionable,,yes,yes,,mycalamide A,mycalamide A,JAAHTG010000029.1,JAAHTG010000029.1
BGC0002056,1,carried_over,active,active,questionable,,yes,yes,,peloruside A,peloruside A,JAAHTH010000242.1,JAAHTH010000242.1
BGC0002057,1,added_in_4.0,ABSENT,retired,questionable,Entry is spread over multiple contigs,no,yes,gained_structure,,pateamine,,BK012115.1
BGC0002061,2,dropped_from_4.0,active,ABSENT,,,yes,no,lost_structure,nostopeptolide A1; nostopeptolide 1052,,NC_010628.1,
BGC0002077,1,absent_from_both,ABSENT,ABSENT,,,no,no,,,,,
