CLUSTERID1	CLUSTERID2	ComponentIndex	Cosine	DeltaMZ
285	379	1	0.8713	-132.086
304	379	1	0.8999	-105.085
312	379	1	0.9181	-88.058
329	379	1	0.883	-61.060
339	379	1	0.9321	-44.031
378	379	1	0.8991	-0.006
379	427	1	0.88	-44.019
379	472	1	0.9066	-88.045
379	515	1	0.8682	-132.071
379	572	1	0.8813	-220.124
285	304	1	0.9035	-27.001
304	312	1	0.9081	-17.027
304	329	1	0.8901	-44.026
304	339	1	0.8946	-61.054
304	354	1	0.8685	-88.052
304	472	1	0.8986	-193.130
304	592	1	0.8642	-369.235
312	472	1	0.8858	-176.104
329	472	1	0.8872	-149.105
339	472	1	0.9249	-132.076
378	472	1	0.9055	-88.051
472	515	1	0.9209	-44.026
472	572	1	0.9318	-132.078
472	592	1	0.9044	-176.104
472	604	1	0.9033	-220.130
621	633	1	0.833	-44.025
285	354	1	0.8895	-115.052
312	354	1	0.8892	-71.025
329	354	1	0.8668	-44.026
329	592	1	0.8685	-325.209
378	592	1	0.8895	-264.156
515	592	1	0.9	-132.079
549	592	1	0.8731	-88.052
572	592	1	0.922	-44.026
592	604	1	0.8926	-44.026
378	549	1	0.8936	-176.104
427	549	1	0.871	-132.079
515	549	1	0.9015	-44.027
549	572	1	0.8882	-44.026
549	621	1	0.863	-176.104
339	604	1	0.8939	-352.206
378	604	1	0.8929	-308.182
427	604	1	0.8583	-264.156
515	604	1	0.9026	-176.104
572	604	1	0.9182	-88.052
604	621	1	0.8746	-44.027
329	572	1	0.8758	-281.183
339	572	1	0.9224	-264.155
378	572	1	0.9181	-220.130
427	572	1	0.8805	-176.105
515	572	1	0.9223	-88.053
285	312	1	0.9149	-44.028
312	329	1	0.9073	-26.999
312	339	1	0.9181	-44.027
312	378	1	0.8794	-88.052
339	378	1	0.9548	-44.025
378	427	1	0.9126	-44.025
378	515	1	0.9385	-132.077
272	285	1	0.8345	-17.027
285	329	1	0.8873	-71.026
339	515	1	0.9186	-176.102
427	515	1	0.8987	-88.052
515	621	1	0.8875	-220.131
339	427	1	0.8954	-88.050
329	339	1	0.9067	-17.029
466	511	3	0.8524	-44.026
467	511	3	0.8928	-44.026
511	512	3	0.862	-0.000
511	534	3	0.8385	-28.031
511	545	3	0.889	-44.036
511	546	3	0.8753	-44.027
511	570	3	0.8563	-88.052
511	571	3	0.851	-88.052
511	589	3	0.8561	-132.077
511	590	3	0.8556	-132.078
602	603	3	0.7643	-0.002
422	466	3	0.8373	-44.025
422	546	3	0.8185	-132.078
422	571	3	0.7724	-176.103
450	489	3	0.7649	-28.031
489	534	3	0.7631	-56.063
496	560	3	0.7776	-88.052
498	560	3	0.7368	-84.093
534	560	3	0.7698	-44.026
545	560	3	0.8377	-28.021
450	534	3	0.795	-84.094
496	534	3	0.7888	-44.026
512	534	3	0.8066	-28.031
466	496	3	0.8209	-28.031
467	496	3	0.8469	-28.031
421	512	3	0.8066	-88.052
466	512	3	0.9034	-44.026
467	512	3	0.8826	-44.026
512	545	3	0.863	-44.036
512	546	3	0.9023	-44.026
512	570	3	0.8186	-88.052
512	571	3	0.857	-88.052
512	589	3	0.8474	-132.077
512	590	3	0.8669	-132.078
466	570	3	0.8078	-132.078
467	570	3	0.8418	-132.078
545	570	3	0.8532	-44.016
546	570	3	0.8496	-44.025
570	571	3	0.83	0.000
570	589	3	0.8742	-44.025
570	590	3	0.847	-44.026
570	603	3	0.8183	-88.052
466	571	3	0.8405	-132.078
467	571	3	0.8451	-132.078
545	571	3	0.8336	-44.016
546	571	3	0.9089	-44.025
571	589	3	0.8453	-44.025
571	590	3	0.8522	-44.026
466	467	3	0.8662	0.000
467	545	3	0.8802	-88.062
467	546	3	0.8971	-88.053
467	589	3	0.8603	-176.103
467	590	3	0.8544	-176.104
466	589	3	0.8113	-176.103
545	589	3	0.8822	-88.041
546	589	3	0.8559	-88.050
589	590	3	0.8683	-0.001
589	603	3	0.8355	-44.028
411	450	3	0.7989	-44.026
450	498	3	0.7908	-44.026
545	546	3	0.8381	0.009
545	590	3	0.8535	-88.042
545	603	3	0.8411	-132.069
466	546	3	0.9091	-88.053
546	590	3	0.8882	-88.051
411	498	3	0.7975	-88.052
466	590	3	0.8593	-176.104
590	603	3	0.7994	-44.026
691	693	4	0.916	-15.981
23	24	5	0.8995	-0.000
22	23	5	0.8871	0.000
1	3	7	0.858	-2.016
3	116	7	0.8706	-43.990
145	205	7	0.8441	-57.022
116	140	7	0.8538	-15.995
29	34	7	0.8576	-0.000
33	34	7	0.9513	0.006
34	35	7	0.961	-0.002
34	38	7	0.8735	-0.984
34	98	7	0.8498	-18.010
34	143	7	0.8718	-46.006
34	147	7	0.9229	-46.011
34	148	7	0.9348	-46.006
34	149	7	0.9346	-46.009
25	74	7	0.8604	-14.023
25	80	7	0.9229	-14.022
25	81	7	0.8742	-14.016
54	61	7	0.9002	-0.986
57	61	7	0.8477	-0.002
58	61	7	0.8662	-0.002
61	62	7	0.8444	-0.000
61	64	7	0.8461	-0.035
53	60	7	0.8434	-0.984
30	99	7	0.89	-18.006
31	99	7	0.9178	-18.010
32	99	7	0.907	-18.007
38	99	7	0.9254	-17.026
69	99	7	0.8627	-7.042
90	99	7	0.8778	-2.029
65	292	7	0.849	-190.061
213	292	7	0.8797	-91.042
257	292	7	0.8939	-34.021
74	80	7	0.8646	0.001
74	83	7	0.8595	0.002
5	119	7	0.9167	-41.024
119	120	7	0.9356	-0.000
8	63	7	0.8485	-14.015
54	63	7	0.8429	-1.020
63	64	7	0.9134	0.000
63	76	7	0.8441	-2.016
63	77	7	0.8476	-2.018
116	141	7	0.8665	-15.995
75	146	7	0.9088	-33.982
144	146	7	0.9814	0.001
145	146	7	0.9577	-0.004
146	147	7	0.8563	-0.002
146	149	7	0.8443	0.000
75	144	7	0.9034	-33.983
75	145	7	0.888	-33.978
38	111	7	0.8487	-24.995
60	80	7	0.8782	-2.058
80	81	7	0.9099	0.006
80	82	7	0.8476	0.004
8	65	7	0.8614	-14.029
33	35	7	0.9864	0.004
33	38	7	0.8576	-0.978
33	143	7	0.8522	-46.000
33	147	7	0.9569	-46.005
33	148	7	0.962	-46.000
33	149	7	0.9657	-46.003
54	57	7	0.8563	-0.984
54	58	7	0.8702	-0.984
54	62	7	0.8553	-0.986
54	64	7	0.8809	-1.020
31	95	7	0.8451	-16.967
38	95	7	0.8532	-15.983
90	95	7	0.8977	-0.986
7	72	7	0.8808	-17.966
67	72	7	0.8801	-0.963
70	72	7	0.9036	0.000
71	72	7	0.8923	0.000
72	86	7	0.8746	-0.172
72	87	7	0.9064	-0.173
65	133	7	0.8475	-27.993
1	2	7	0.8864	-0.000
5	7	7	0.8447	-3.953
5	45	7	0.8964	-15.976
5	120	7	0.9609	-41.025
31	90	7	0.8794	-15.981
32	90	7	0.8536	-15.978
38	90	7	0.9103	-14.997
90	98	7	0.848	-2.029
60	83	7	0.8492	-2.058
83	88	7	0.8486	0.002
144	145	7	0.9499	0.005
144	147	7	0.8719	-0.000
144	148	7	0.8525	0.004
144	149	7	0.8592	0.001
19	20	7	0.8432	-0.000
20	65	7	0.8688	-12.013
199	237	7	0.8834	-48.000
213	237	7	0.8643	-34.021
57	77	7	0.8901	-2.054
59	77	7	0.9032	-2.054
76	77	7	0.9303	-0.002
77	81	7	0.8469	0.002
77	145	7	0.8464	-33.982
7	70	7	0.8891	-17.966
7	71	7	0.8739	-17.966
7	86	7	0.8551	-18.139
7	87	7	0.8875	-18.139
1	30	7	0.8776	-17.031
1	32	7	0.8746	-17.030
70	86	7	0.8755	-0.172
71	86	7	0.8949	-0.172
79	86	7	0.8421	-0.000
86	87	7	0.8792	-0.000
30	32	7	0.9783	0.001
31	32	7	0.9471	-0.003
32	38	7	0.9074	-0.981
32	69	7	0.873	-10.965
78	79	7	0.8761	-0.000
58	60	7	0.8898	-0.000
58	62	7	0.8536	-0.002
58	79	7	0.853	-2.052
58	81	7	0.8464	-2.052
58	88	7	0.8443	-2.056
57	76	7	0.9035	-2.052
57	85	7	0.8456	-2.054
60	79	7	0.8654	-2.052
30	31	7	0.9359	0.004
31	36	7	0.8659	-0.002
31	38	7	0.9401	-0.984
31	69	7	0.903	-10.968
30	35	7	0.8447	0.002
35	38	7	0.8606	-0.982
35	143	7	0.8572	-46.004
35	147	7	0.9519	-46.009
35	148	7	0.9589	-46.004
35	149	7	0.9622	-46.007
30	69	7	0.8602	-10.964
38	69	7	0.8487	-9.984
68	69	7	0.8783	-0.000
143	149	7	0.8818	-0.003
145	149	7	0.8479	-0.004
147	149	7	0.9722	0.002
148	149	7	0.986	-0.003
30	38	7	0.9035	-0.980
36	40	7	0.8624	-2.016
76	145	7	0.8715	-33.984
213	257	7	0.8857	-57.021
199	213	7	0.8825	-13.979
67	87	7	0.8612	-1.136
70	87	7	0.8907	-0.173
71	87	7	0.8906	-0.172
29	39	7	0.8422	-2.017
59	84	7	0.8521	-2.052
76	84	7	0.8423	0.000
84	85	7	0.8947	-0.002
60	81	7	0.935	-2.052
60	82	7	0.9055	-2.054
60	88	7	0.873	-2.055
143	148	7	0.8728	0.000
147	148	7	0.9731	0.005
143	147	7	0.8668	-0.005
52	62	7	0.8483	-0.986
67	70	7	0.8755	-0.963
70	71	7	0.8704	-0.000
76	88	7	0.8469	-0.003
81	88	7	0.8883	-0.003
82	88	7	0.8497	-0.001
76	81	7	0.8457	0.000
81	82	7	0.9043	-0.002
67	71	7	0.873	-0.964
65	213	7	0.8645	-99.019
59	76	7	0.9162	-2.052
59	85	7	0.8551	-2.054
390	398	8	0.9046	-2.022
391	398	8	0.8712	-2.022
392	398	8	0.8968	-2.022
393	398	8	0.9098	-2.022
396	398	8	0.8864	-0.006
398	442	8	0.8514	-49.976
479	673	8	0.8301	-498.263
417	452	8	0.819	-36.021
418	452	8	0.8433	-36.021
437	452	8	0.8861	-18.011
441	452	8	0.8044	-15.996
452	480	8	0.8727	-17.027
314	328	8	0.9371	-18.010
327	328	8	0.8792	0.000
328	356	8	0.9146	-53.048
328	357	8	0.9016	-53.047
328	407	8	0.875	-93.043
328	408	8	0.8367	-93.042
408	451	8	0.8486	-49.982
417	451	8	0.8018	-36.021
436	451	8	0.8578	-18.011
451	453	8	0.7641	0.000
451	479	8	0.8573	-17.027
451	480	8	0.8345	-17.027
390	408	8	0.9262	-18.011
391	408	8	0.8755	-18.010
392	408	8	0.887	-18.011
393	408	8	0.9161	-18.010
396	408	8	0.8621	-15.995
407	408	8	0.8929	0.001
408	453	8	0.8423	-49.982
408	656	8	0.8641	-465.307
417	453	8	0.8216	-36.021
436	453	8	0.8448	-18.011
453	479	8	0.8279	-17.027
453	480	8	0.828	-17.027
390	436	8	0.8938	-49.982
392	436	8	0.8806	-49.982
393	436	8	0.8918	-49.982
417	436	8	0.8427	-18.011
436	442	8	0.8553	-2.015
436	479	8	0.8579	-35.037
436	480	8	0.8929	-35.037
357	437	8	0.8401	-71.967
390	437	8	0.8715	-49.982
391	437	8	0.9152	-49.982
392	437	8	0.8557	-49.982
393	437	8	0.8723	-49.982
407	437	8	0.8714	-31.971
418	437	8	0.8946	-18.011
437	441	8	0.8535	-2.015
437	480	8	0.8839	-35.037
390	392	8	0.8725	0.000
392	393	8	0.8502	-0.000
392	396	8	0.9023	-2.016
313	357	8	0.8228	-71.058
314	357	8	0.9168	-71.057
327	357	8	0.9049	-53.047
357	363	8	0.8346	-3.974
357	391	8	0.8718	-21.985
357	397	8	0.8297	-24.001
314	363	8	0.8354	-75.031
327	363	8	0.8619	-57.021
363	391	8	0.9064	-18.011
363	393	8	0.8479	-18.011
363	395	8	0.8722	-20.027
363	396	8	0.8346	-20.027
363	397	8	0.8561	-20.027
363	407	8	0.8912	-36.022
363	418	8	0.8654	-49.983
314	356	8	0.8805	-71.058
356	479	8	0.8173	-107.004
395	441	8	0.8798	-49.982
397	441	8	0.8465	-49.982
418	441	8	0.8339	-20.026
418	480	8	0.8331	-53.048
314	327	8	0.9169	-18.010
314	397	8	0.8432	-95.058
314	407	8	0.8794	-111.054
313	327	8	0.8748	-18.011
327	395	8	0.8408	-77.047
390	395	8	0.8582	-2.016
391	395	8	0.92	-2.015
393	395	8	0.8505	-2.015
395	396	8	0.8406	0.000
395	397	8	0.8788	-0.000
395	407	8	0.877	-15.996
327	391	8	0.8839	-75.032
327	397	8	0.8456	-77.047
327	407	8	0.8894	-93.043
390	407	8	0.8982	-18.011
391	407	8	0.9304	-18.011
393	407	8	0.8936	-18.011
391	396	8	0.884	-2.015
391	397	8	0.8959	-2.015
417	480	8	0.8466	-53.048
396	442	8	0.8555	-49.982
417	442	8	0.7861	-20.026
417	479	8	0.7936	-53.048
390	393	8	0.8946	-0.000
393	396	8	0.9168	-2.015
390	397	8	0.8466	-2.016
390	396	8	0.9235	-2.016
262	294	10	0.8681	-42.048
262	297	10	0.8427	-42.053
262	309	10	0.8738	-60.057
262	310	10	0.7986	-60.057
268	295	10	0.7959	-42.048
268	310	10	0.7992	-60.057
11	16	10	0.9054	0.000
12	16	10	0.8648	-0.000
13	16	10	0.8858	0.000
14	16	10	0.8648	-0.000
15	16	10	0.8855	-0.000
16	18	10	0.9075	-0.000
16	259	10	0.8856	-169.147
16	281	10	0.8772	-187.157
16	294	10	0.9212	-211.195
16	299	10	0.8888	-212.198
16	309	10	0.8782	-229.204
11	281	10	0.855	-187.157
13	281	10	0.8709	-187.157
14	281	10	0.8474	-187.157
18	281	10	0.85	-187.157
259	281	10	0.9115	-18.011
281	294	10	0.8732	-24.038
281	297	10	0.8509	-24.043
281	299	10	0.8787	-25.040
281	309	10	0.8832	-42.047
11	17	10	0.87	0.000
12	17	10	0.8845	0.000
13	17	10	0.8948	0.000
14	17	10	0.8622	0.000
15	17	10	0.8988	0.000
11	15	10	0.9065	0.000
12	15	10	0.9001	-0.000
13	15	10	0.9146	0.000
14	15	10	0.8861	0.000
15	18	10	0.8636	-0.000
15	259	10	0.8732	-169.147
15	297	10	0.8463	-211.200
15	309	10	0.855	-229.204
12	13	10	0.8931	-0.000
12	14	10	0.8906	-0.000
11	309	10	0.8968	-229.204
18	309	10	0.8583	-229.204
259	309	10	0.9221	-60.058
294	309	10	0.9261	-18.009
297	309	10	0.8803	-18.004
299	309	10	0.904	-17.006
11	294	10	0.8566	-211.195
18	294	10	0.8855	-211.195
259	294	10	0.913	-42.049
294	297	10	0.8712	-0.005
294	299	10	0.9388	-1.002
11	259	10	0.9006	-169.147
13	259	10	0.8822	-169.147
18	259	10	0.8683	-169.147
259	297	10	0.8878	-42.054
259	299	10	0.8909	-43.051
11	297	10	0.8673	-211.200
297	299	10	0.8751	-0.997
295	299	10	0.844	-1.002
11	18	10	0.8827	-0.000
13	18	10	0.8679	0.000
14	18	10	0.8495	-0.000
18	299	10	0.8704	-212.198
11	13	10	0.8784	-0.000
13	14	10	0.9243	0.000
73	188	11	0.8579	-57.058
73	231	11	0.844	-128.059
185	188	11	0.846	-0.036
370	419	12	0.7728	-44.026
370	464	12	0.7542	-88.053
370	569	12	0.7627	-220.130
341	429	12	0.9253	-88.050
342	429	12	0.9205	-88.052
369	429	12	0.8823	-52.105
373	429	12	0.8664	-52.104
385	429	12	0.8997	-44.026
420	429	12	0.8709	-8.079
429	430	12	0.9111	0.000
429	431	12	0.8823	0.000
429	462	12	0.8618	-35.947
429	481	12	0.879	-44.034
335	337	12	0.8333	0.000
335	507	12	0.7889	-176.104
419	461	12	0.7772	-44.033
461	464	12	0.7769	0.006
461	508	12	0.7789	-44.021
341	430	12	0.9301	-88.050
342	430	12	0.9235	-88.051
369	430	12	0.8817	-52.105
373	430	12	0.882	-52.104
385	430	12	0.9209	-44.025
420	430	12	0.8804	-8.078
430	431	12	0.8834	-0.000
430	462	12	0.8706	-35.948
430	481	12	0.8834	-44.035
369	506	12	0.8564	-132.078
373	506	12	0.8634	-132.077
420	506	12	0.857	-88.052
462	506	12	0.8697	-44.026
481	506	12	0.85	-35.939
543	574	12	0.7985	-52.105
386	519	12	0.8463	-132.079
507	519	12	0.7835	-8.080
519	553	12	0.8624	-44.026
519	569	12	0.7685	-79.973
519	574	12	0.8853	-88.052
341	369	12	0.8964	-35.945
342	369	12	0.8876	-35.947
369	373	12	0.8707	-0.001
369	385	12	0.8845	-8.079
369	420	12	0.8983	-44.026
369	431	12	0.8743	-52.105
369	462	12	0.8806	-88.053
386	553	12	0.8353	-176.105
553	574	12	0.863	-44.026
342	478	12	0.8558	-130.062
386	478	12	0.8501	-86.036
431	478	12	0.879	-42.010
478	481	12	0.8668	-2.024
341	385	12	0.9183	-44.024
342	385	12	0.9202	-44.026
373	385	12	0.8821	-8.079
385	420	12	0.8879	-35.947
385	431	12	0.8831	-44.026
385	481	12	0.8769	-88.060
341	420	12	0.8953	-79.971
342	420	12	0.8895	-79.973
373	420	12	0.8916	-44.026
420	462	12	0.8883	-44.026
386	431	12	0.8835	-44.026
386	574	12	0.8591	-220.131
341	431	12	0.8808	-88.050
342	431	12	0.8903	-88.052
373	431	12	0.8819	-52.104
431	481	12	0.9043	-44.034
419	464	12	0.8042	-44.026
464	508	12	0.8058	-44.027
419	463	12	0.7962	-44.026
419	508	12	0.7814	-88.054
463	507	12	0.7956	-44.026
341	481	12	0.8855	-132.084
342	481	12	0.8903	-132.086
462	481	12	0.8538	-8.087
463	508	12	0.7719	-44.028
341	373	12	0.8809	-35.946
342	373	12	0.8801	-35.947
373	462	12	0.8827	-88.052
341	342	12	0.9533	0.001
341	462	12	0.8582	-123.998
280	340	16	0.763	-94.114
322	340	16	0.8198	-28.031
340	351	16	0.8017	-18.010
280	351	16	0.7511	-112.124
322	351	16	0.7771	-46.042
280	322	16	0.7471	-66.082
494	528	18	0.8872	-34.012
377	532	18	0.8249	-156.089
494	532	18	0.8304	-43.033
382	443	18	0.836	-68.993
443	468	18	0.8291	-16.023
443	494	18	0.899	-42.048
353	382	18	0.8245	-23.036
382	494	18	0.8247	-111.041
494	566	18	0.8708	-101.048
326	331	18	0.8356	-14.016
330	444	18	0.8232	-128.057
326	353	18	0.8677	-48.001
449	494	18	0.8463	-40.040
449	504	18	0.8263	-56.025
494	504	18	0.8383	-15.986
471	494	18	0.8302	-25.077
377	444	18	0.8243	-71.037
444	485	18	0.8611	-26.015
377	484	18	0.8261	-97.017
377	494	18	0.8511	-113.056
485	494	18	0.8602	-16.004
377	485	18	0.8383	-97.052
150	167	20	0.8279	-14.015
167	169	20	0.7101	-0.000
168	169	20	0.7633	0.000
174	176	20	0.8788	-0.000
175	176	20	0.8129	-0.000
176	177	20	0.7968	0.000
176	178	20	0.8767	0.000
176	179	20	0.7901	0.000
174	178	20	0.8608	-0.000
175	178	20	0.7908	-0.000
177	178	20	0.7723	-0.000
178	179	20	0.7631	0.000
174	175	20	0.7973	0.000
175	177	20	0.8692	-0.000
175	179	20	0.8787	0.000
174	179	20	0.7817	0.000
177	179	20	0.8871	0.000
168	174	20	0.7273	-2.019
174	177	20	0.7766	0.000
677	679	21	0.8479	-0.987
123	125	22	0.8594	-3.025
124	125	22	0.9385	-2.038
125	126	22	0.9461	-0.002
125	127	22	0.8752	-0.000
125	128	22	0.8758	-0.002
126	129	22	0.8427	0.002
102	127	22	0.847	-13.123
124	127	22	0.8555	-2.039
126	127	22	0.8705	0.002
127	128	22	0.9432	-0.002
100	102	22	0.8547	0.000
100	103	22	0.8814	0.000
100	105	22	0.8729	0.000
100	107	22	0.9017	0.000
102	105	22	0.8541	0.000
103	105	22	0.9005	0.000
105	107	22	0.8612	0.000
101	103	22	0.8452	0.000
102	103	22	0.8847	0.000
103	107	22	0.8814	0.000
101	104	22	0.8829	0.000
104	106	22	0.9008	-0.000
123	126	22	0.8779	-3.027
124	126	22	0.9208	-2.041
126	128	22	0.8688	0.000
123	124	22	0.9218	-0.986
124	128	22	0.8633	-2.041
101	102	22	0.8572	0.000
102	107	22	0.8454	0.000
101	106	22	0.9172	0.000
101	107	22	0.8509	0.000
106	107	22	0.8517	0.000
265	296	24	0.8041	-42.049
265	279	24	0.7727	-16.067
267	279	24	0.767	-16.067
261	267	24	0.7553	-0.000
552	616	26	0.8357	-154.064
615	616	26	0.8281	0.000
319	344	27	0.8929	-44.026
319	365	27	0.8954	-71.920
319	475	27	0.8912	-171.089
319	576	27	0.8925	-308.183
389	578	27	0.9	-223.963
523	578	27	0.8824	-86.037
536	578	27	0.8772	-68.028
432	475	27	0.8986	-39.011
475	483	27	0.8975	-5.016
475	554	27	0.8784	-93.067
475	576	27	0.8874	-137.093
432	554	27	0.9127	-132.078
483	554	27	0.8998	-88.051
520	554	27	0.8852	-44.026
554	576	27	0.8941	-44.026
344	483	27	0.9082	-132.079
365	483	27	0.9099	-104.185
389	483	27	0.9291	-88.046
432	483	27	0.9357	-44.027
455	483	27	0.895	-17.037
483	520	27	0.9094	-44.025
483	523	27	0.8888	-49.880
483	576	27	0.9217	-132.078
344	455	27	0.896	-115.042
365	455	27	0.9002	-87.148
389	455	27	0.9007	-71.009
425	455	27	0.8917	-35.069
455	482	27	0.8927	-15.995
455	520	27	0.8743	-61.062
416	425	27	0.8758	-5.958
416	482	27	0.9098	-57.022
344	523	27	0.9014	-181.959
365	523	27	0.9142	-154.065
389	523	27	0.9044	-137.926
425	523	27	0.8819	-101.985
432	523	27	0.901	-93.906
482	523	27	0.8921	-50.921
520	523	27	0.8897	-5.854
523	576	27	0.8919	-82.198
344	432	27	0.9155	-88.052
365	432	27	0.9172	-60.158
389	432	27	0.9316	-44.019
432	482	27	0.9038	-42.985
432	520	27	0.9115	-88.052
432	576	27	0.9248	-176.104
344	520	27	0.9153	-176.104
365	520	27	0.9084	-148.210
389	520	27	0.9121	-132.071
520	576	27	0.911	-88.052
344	482	27	0.9094	-131.037
365	482	27	0.9013	-103.143
389	482	27	0.9283	-87.004
425	482	27	0.8997	-51.064
344	576	27	0.9132	-264.157
365	576	27	0.9137	-236.262
389	576	27	0.9231	-220.123
344	389	27	0.9256	-44.033
365	389	27	0.9263	-16.139
344	365	27	0.9252	-27.894
191	198	30	0.8509	-15.977
191	223	30	0.9203	-41.026
152	182	31	0.905	-18.010
152	183	31	0.8551	-18.010
157	158	31	0.8306	0.000
157	182	31	0.928	-14.016
131	132	31	0.8175	-0.995
131	158	31	0.8716	-18.011
153	183	31	0.8817	-18.010
158	183	31	0.8519	-14.016
182	183	31	0.8304	0.000
158	182	31	0.8115	-14.016
649	653	34	0.8022	-15.994
649	654	34	0.802	-15.995
649	657	34	0.8362	-28.031
623	657	34	0.7831	-128.058
651	657	34	0.8155	-28.030
654	657	34	0.7843	-12.036
651	653	34	0.7906	-15.994
651	654	34	0.803	-15.995
187	226	37	0.8436	-56.026
187	318	37	0.845	-170.069
318	360	37	0.8753	-71.037
360	428	37	0.9243	-58.012
542	601	38	0.8279	-131.050
544	601	38	0.8928	-129.043
542	544	38	0.8826	-2.008
469	490	41	0.838	-15.958
469	539	41	0.8076	-85.053
469	568	41	0.7942	-128.058
539	586	41	0.7906	-71.037
568	586	41	0.7963	-28.032
539	568	41	0.8246	-43.005
56	193	45	0.8789	-74.087
399	400	46	0.7087	0.000
555	563	47	0.8595	-26.006
137	155	48	0.7682	-13.979
155	156	48	0.7693	-0.000
557	608	50	0.8254	-129.043
685	694	51	0.7251	-129.037
415	457	53	0.7017	-44.027
247	300	58	0.7439	-57.021
402	403	59	0.86	-2.015
659	675	60	0.8652	-128.058
671	675	60	0.8918	-57.020
659	668	60	0.8372	-55.043
668	689	60	0.8589	-186.064
632	659	60	0.8294	-101.034
659	671	60	0.8938	-71.038
632	661	60	0.8854	-101.048
650	661	60	0.8277	-30.061
221	222	62	0.7025	0.001
117	118	63	0.8233	-0.002
575	577	65	0.831	-1.997
355	359	67	0.8379	-2.016
359	497	67	0.8328	-129.042
690	692	72	0.8808	-15.979
282	283	78	0.9254	-1.004
282	301	78	0.9325	-28.032
282	302	78	0.9314	-28.037
282	303	78	0.8889	-29.036
282	320	78	0.9278	-56.063
283	320	78	0.9126	-55.059
301	320	78	0.9364	-28.031
302	320	78	0.922	-28.026
303	320	78	0.9319	-27.027
283	301	78	0.9049	-27.027
283	302	78	0.9031	-27.033
283	303	78	0.9516	-28.031
301	303	78	0.8919	-1.004
302	303	78	0.8879	-0.999
301	302	78	0.9381	-0.006
631	660	80	0.8424	-101.048
625	660	80	0.8328	-128.071
641	660	80	0.8027	-57.035
625	641	80	0.8278	-71.037
325	414	82	0.7556	-105.081
332	414	82	0.7744	-88.053
367	414	82	0.8242	-44.027
414	456	82	0.7996	-44.026
414	500	82	0.7983	-85.987
414	501	82	0.796	-88.052
414	537	82	0.7951	-132.077
414	565	82	0.8018	-176.103
414	588	82	0.7714	-220.128
414	619	82	0.7531	-308.180
598	630	82	0.7691	-88.051
275	307	82	0.7599	-44.022
275	325	82	0.7354	-71.021
332	456	82	0.8078	-132.080
367	456	82	0.8593	-88.054
456	500	82	0.7809	-41.961
456	501	82	0.8367	-44.026
456	537	82	0.8685	-88.050
456	565	82	0.8465	-132.076
456	588	82	0.8114	-176.102
456	598	82	0.7816	-220.129
456	619	82	0.7937	-264.154
332	537	82	0.796	-220.130
367	537	82	0.876	-176.104
500	537	82	0.8052	-46.089
501	537	82	0.8728	-44.025
537	565	82	0.8906	-44.026
537	588	82	0.8665	-88.052
537	598	82	0.8236	-132.078
537	619	82	0.8387	-176.103
500	598	82	0.7614	-178.168
501	598	82	0.785	-176.103
565	598	82	0.831	-88.052
588	598	82	0.8035	-44.027
598	619	82	0.7768	-44.025
293	325	82	0.7329	-44.026
307	325	82	0.768	-26.999
325	332	82	0.7898	-17.027
619	640	82	0.7496	-88.052
293	307	82	0.7837	-17.027
293	332	82	0.7843	-61.053
293	367	82	0.807	-105.079
332	565	82	0.7953	-264.156
367	565	82	0.8667	-220.130
500	565	82	0.8262	-90.115
501	565	82	0.8399	-88.051
565	588	82	0.8605	-44.026
565	619	82	0.8236	-132.077
332	501	82	0.8268	-176.105
367	501	82	0.8741	-132.080
500	501	82	0.8678	-2.065
501	588	82	0.8184	-132.076
501	619	82	0.8	-220.128
367	588	82	0.8193	-264.156
500	588	82	0.7791	-134.141
588	619	82	0.826	-88.052
307	332	82	0.7951	-44.026
332	367	82	0.8717	-44.026
332	500	82	0.7832	-174.041
307	500	82	0.7484	-218.067
367	500	82	0.8324	-130.015
367	619	82	0.8268	-352.208
115	139	84	0.9158	-14.016
550	617	86	0.7613	-165.111
333	394	88	0.8778	-57.021
518	562	89	0.7948	-71.038
521	567	90	0.863	-71.036
540	567	90	0.8348	-43.005
567	585	90	0.8321	-28.031
527	580	90	0.8602	-87.032
540	585	90	0.8518	-71.036
521	527	90	0.8364	-2.015
521	540	90	0.8757	-28.031
521	551	90	0.8435	-34.020
165	166	92	0.8701	0.000
165	206	92	0.9224	-41.026
165	238	92	0.8176	-82.057
166	206	92	0.7904	-41.027
206	238	92	0.9165	-41.030
9	21	94	0.9202	-2.016
10	21	94	0.883	-2.016
9	10	94	0.8824	0.000
243	323	97	0.7821	-101.011
47	51	98	0.8477	-0.000
49	51	98	0.8435	-0.000
50	51	98	0.8014	-0.000
47	48	98	0.8361	0.000
48	49	98	0.7952	-0.000
48	50	98	0.8895	-0.000
47	49	98	0.8641	0.000
49	50	98	0.8005	0.000
47	50	98	0.8293	0.000
239	242	100	0.8587	-0.983
239	250	100	0.808	-11.030
239	256	100	0.8794	-15.994
240	241	100	0.7728	-0.001
240	242	100	0.7905	-0.948
241	242	100	0.8362	-0.948
252	253	102	0.7758	0.000
609	627	104	0.8268	-55.043
678	680	106	0.9074	-0.987
338	374	107	0.8617	-44.025
374	383	107	0.8573	-5.025
595	596	108	0.8146	-0.986
670	674	110	0.8646	-57.023
94	122	114	0.7951	-15.011
91	94	114	0.8268	-0.984
93	94	114	0.8267	-0.000
91	93	114	0.7846	-0.984
208	364	117	0.7856	-203.962
321	364	117	0.9245	-67.987
364	438	117	0.9039	-67.987
136	321	117	0.7328	-203.962
208	321	117	0.8601	-135.975
321	438	117	0.8497	-135.974
136	208	117	0.7567	-67.987
208	438	117	0.7288	-271.949
28	97	119	0.8199	-18.010
96	97	119	0.7712	0.000
27	28	119	0.8472	0.000
211	233	120	0.8545	-33.984
212	233	120	0.8724	-33.980
233	235	120	0.891	-0.004
211	212	120	0.9079	-0.004
212	235	120	0.863	-33.984
211	235	120	0.8476	-33.988
270	271	130	0.7916	-2.016
558	591	135	0.7215	-66.539
583	591	135	0.7288	-22.513
558	583	135	0.7418	-44.026
171	195	138	0.768	-26.016
41	42	142	0.7718	0.000
181	194	143	0.8699	-17.027
682	687	144	0.89	-0.987
446	503	152	0.8323	-57.021
401	499	156	0.7644	-108.042
217	230	162	0.9037	-28.031
228	244	164	0.7428	-16.028
639	664	166	0.8033	-75.997
459	460	169	0.8666	0.000
433	434	171	0.7293	-0.000
316	317	172	0.7846	-0.001
681	683	174	0.7863	-0.014
683	684	174	0.8121	-0.973
681	684	174	0.8457	-0.986
380	381	178	0.8022	0.001
236	249	180	0.8225	-15.995
172	173	184	0.753	-0.000
227	251	213	0.8212	-33.984
210	224	217	0.8485	-16.032
162	163	222	0.7388	0.000
154	160	225	0.8999	-2.027
